reviewId,userName,userImage,content,score,thumbsUpCount,reviewCreatedVersion,at,replyContent,repliedAt,appVersion;
"24127855-bdf8-49cf-b1af-af68a6def47d,Sarmilah,https://play-lh.googleusercontent.com/a/ACg8ocKTxlT1ZwtUBhpIP-lHh0HDVukucX8AGgIo3DimsqywTwNKWg=mo,""Pesan melalui Alfagift terkadang ribet harus verifikasi terlebih dahulu ketika pembayaran melalui shopeepay dan kadang di shopeepay pembayarannya sudah selesai bahkan saldo sudah berkurang tetapi di Alfagift masih menunggu pembayaran terus,bahkan bisa di batalkan sistem padahal sudah di bayar, dan ketika minta refund harus bermacam-macam syarat,ribet bgt"",2,3,4.47.1,2026-04-04 09:45:49,""Hai, Kak. Mohon maaf atas kendala pembayaran ShopeePay yang tidak terupdate di Alfagift. Kami mengerti ketidaknyamanan Kakak. Kakak dapat menghubungi Shalma melalui DM Instagram Alfagift dengan melampirkan kode #3575300 agar dibantu pengecekan. 😊^ts"",2026-04-04 10:32:27,4.47.1";
"a3e52c11-eed3-4dae-a6ab-fe2fc1e43be1,White Violin,https://play-lh.googleusercontent.com/a/ACg8ocJPBzqiP4vTQjtRVflspyejfTAwrvjbqCB3WO1BnbJehrYOag=mo,""promo, harga, memang bagus. Cuman sayang nya point yg masuk ke aplikasi ini hanya yg nomor telp nya di sebutkan saja, kalau scan barcode itu enggak sama sekali. baru kemarin tanggal 2-2-2026 belanja terus nunjukin Barcode keanggotaan member Alfa, di Scan sama pegawai nya, kirain saya beneran sudah masuk tapi pas saya chek sekarang ternyata tidak. Ntah dari Barcode aplikasinya salah / tidak di scan dengan benar oleh para pekerja (cukup formalitas saja). Jujur kecewa."",2,28,4.46.0,2026-02-03 07:56:29,""Hai, Kak. Mohon maaf atas pengalaman kurang menyenangkan terkait pengiriman Alfagift yang lama dan poin member yang belum masuk. Kami berupaya meningkatkan kecepatan pengiriman dan memastikan pencatatan poin. Pastikan nomor terdaftar dan barcode Kakak terbaca jelas saat scan. Poin akan masuk otomatis ke akun Kakak. Cek riwayat di aplikasi ya. ✨^Yna"",2026-02-10 09:16:38,4.46.0";
"9b0d25d8-e4b8-4289-a9bb-f8c891932886,Yani Nurbani,https://play-lh.googleusercontent.com/a/ACg8ocJk67qaAwtoGopKCqDDzerA_BQo1z83qJCvYKRO9B2EPX1HVw=mo,""pengirimannya lelet banget, order pagi buat dikirim siang, tapi sering bgt pengirimannya telat bisa jam 10malem/set 12 malem waktu nya orang istirahat. kalo cuma sekali 2x ok bisa dimaklumi. ini berkali2. bodohnya saya malah beli lagi di alfagift. padahal klik Indomaret lebih cepet, dan lebih respon kalo ada kendala. chatbot Alfa ga guna, tidak mau menerima kritik & saran. Terlihat tidak ada keinginan memperbaiki pelayanan yang buruk."",1,121,4.46.0,2026-02-05 14:12:45,""Hai, Kak. Mohon maaf atas ketidaknyamanan yang Kakak alami. Untuk penelusuran lebih lanjut terkait kendala kakak, Kakak dapat menghubungi Shalma melalui DM Instagram Alfagift dengan melampirkan kode #3305068 agar dibantu pengecekan. 😊"",2026-02-06 03:27:40,4.46.0";
"2c95790f-c09a-48c3-bcee-8235e75f0469,Ramayani mahsi,https://play-lh.googleusercontent.com/a/ACg8ocIG_ffxNULPKa_tF6cfm9U7KLYFF6UvZ2laDJSWo-m3LMogcw=mo,""aneh banget sekarang, harga tertera pas di checkout berubah. Voucher sudah sesuai ketentuan tapi ketika co tidak bisa digunakan. Padahal terkadang otomatis terpasang voucher dari rekomendasi ketika mau klik bayar tidak bisa. Aneh sekarang aplikasinya suka error"",1,77,4.46.0,2026-02-02 02:47:13,""Hai, Kak. Mohon maaf atas ketidaknyamanannya. Kami mengerti sekali frustrasi Kakak. Untuk masalah perubahan harga dan voucher, Kakak dapat menghubungi Shalma melalui DM Instagram Alfagift dengan melampirkan kode #3293949 agar dibantu pengecekan. 😊 ^kip"",2026-02-02 14:17:20,4.46.0";
"07146141-9029-4252-aa12-4fc57d51e9f1,Bembi Farhan,https://play-lh.googleusercontent.com/a-/ALV-UjWQerB88tLUlJddY3GU0OtZdB3xYka1TGgttE5pZMcQXg6_ZM8,""sangat slow respon sekali, status """"dalam pengiriman"""" telah muncul sejak jam delapan tetapi hingga setengah 10, tidak ada pengantaran sama sekali ke rumah, saya mencoba untuk chat tetapi tidak ada balasan sama sekali. Tolong lah kalau bisa tambahkan fitur lacak by maps, jadi kita tau paket yang kita pesan sudah sampai mana progress nya. Siapa tau kurir nya malah santai santai di warkop!!"",2,8,4.47.1,2026-03-20 14:22:54,""Hai, Kak. Mohon maaf atas kendala pengiriman yang terjadi. Untuk pengecekan lebih lanjut terkait status pesanan, Kakak dapat menghubungi Shalma melalui DM Instagram Alfagift dengan melampirkan kode #3508359 agar dibantu pengecekan.😊^Ynaa"",2026-03-20 16:45:35,4.47.1";
"147cb316-d49f-49a6-81c7-c82d741cbf36,Avery Jones,https://play-lh.googleusercontent.com/a-/ALV-UjUtLHS3ci4j2ir1T0ioKxRa_GmMVnqo6ALrO9nNCyMNazURWrym,""​""""Sistem pengiriman sangat lambat dan tidak profesional. Pesanan sudah lunas via DANA dari jam 10 pagi, tapi status 'Pengiriman Tertunda' berjam-jam dengan alasan pembeli tidak bisa dihubungi, padahal saya standby terus. Mau komplain lewat chat aplikasi malah error terus. Sangat menghambat pelanggan!"""""",1,2,4.47.1,2026-04-06 06:11:41,""Hai, Kak. Mohon maaf atas ketidaknyamanan terkait kendala pengiriman dan aplikasi yang error. Kami akan segera membantu pengecekan status pesanan Kakak. Kakak dapat menghubungi Shalma melalui DM Instagram Alfagift dengan melampirkan kode #3584848 agar dibantu pengecekan. 😊^ts"",2026-04-06 06:50:11,4.47.1";
"29e86ea2-7daf-4ae5-af2e-34617b2db6a0,Budi Kurnia,https://play-lh.googleusercontent.com/a/ACg8ocKle-RHP7ttP1TXz6HNCSVOuhiH9jQ7wDhltkGwdQr56Bt_eg=mo,Alfagift enak digunakan untuk belanja bulanan dan harian namun makin kesini pelayananya makin mengecewakan. Malahan sering ditolak/ dicancel oleh kurir alfagift dengan alasan kejauhan padahal areanya juga tidak terlalu jauh. Malah oleh kurirnya disuruh mengubah titik lokasi rumah ke wilayah lain yang tidak sesuai kenyataan supaya tidak nyangkut lagi ke alfamart tsb. Jadi kecewa dan males untuk berlangganan lagi.,1,10,4.47.1,2026-03-06 08:21:35,""Hai, Kak. Mohon maaf atas ketidaknyamanannya. Kami mengerti kekecewaan Kakak. Agar dapat dibantu pengecekan terkait kendala ini, Kakak dapat menghubungi Shalma melalui DM Instagram Alfagift dengan melampirkan kode #3431492 ya. 😊^kip"",2026-03-07 03:48:42,4.47.1";
"62dfd284-9a91-4d9e-9d15-4c49bc05a455,ROBI MAULANA,https://play-lh.googleusercontent.com/a-/ALV-UjVJ0BQIT7uicpzZH7par1JY_8qiI_EFgvQSRA6E1IrMgCbOzUej,""Pengiriman selalu meleset jauh dari yang di jadwalkan pilih maks 1 jam di kirim setelah 3/4 jam ketika pilih jadwal jam 12 ke atas di kirim besoknya adehh, ditambah kalo ada kekurangan barang sudah di chat akan di kirim lagi tapi sudah lebih dari 2 minggu tidak ada pengiriman lagi mana chatnya disconnect jadi gabisa chat ke tokonya bahkan setelah kita reorder pun masih tetep disconnect padahal gada kata kata kasar atau melanggar"",1,3,4.47.1,2026-03-30 01:18:52,""Hai, Kak Robi. Maaf banget atas kendala yang terjadi. Jika masih terjadi kendala, Kakak dapat menghubungi Shalma melalui DM Instagram Alfagift dengan melampirkan kode Tiket #3547749 agar dibantu pengecekan. Kejadian ini akan Shalma jadikan evaluasi untuk lebih baik lagi. Terima kasih :) ^ds"",2026-03-30 01:49:34,4.47.1";
"9031ed9d-9ded-420f-996d-1cac53ead375,nadine anmxyr,https://play-lh.googleusercontent.com/a-/ALV-UjWFtQ94V43n8LaUrvqoENAECCLBwFeOrtajxqAtwNhkNDPXWwWNUw,""ga banget pelayanan nya, aku order jam 2 siang dan pilih pengiriman 'maksimal 1 jam setelah pembayaran' tapi sampe magrib blm dateng. status nya 'pengiriman ditunda karena penerima tidak ada di tempat' pdhal ada telfon masuk aja engga, chat pun ga ada.. seharian di kamar dan ga ada info kurir datang.. jujur ga banget, 2x udh kayak gini."",1,3,4.47.1,2026-04-08 09:24:03,""Hai Kak, mohon maaf atas ketidaknyamanan yang dialami. Kami terus berupaya meningkatkan kualitas layanan agar lebih baik. Terkait dengan kendala yang Kakak alami, mohon bantu kirim nomor pesanan & detail kendala via DM ke IG @Alfamart/@Alfagift_idn atau pusat bantuan Alfagift dengan kode #3594365. Terima kasih ^raf"",2026-04-08 09:34:17,4.47.1";
"2f8219ba-e316-4866-87d9-c26bc98e0875,Gabriel13 Gamerz,https://play-lh.googleusercontent.com/a-/ALV-UjWOPgM0m83dMf9MGanxJz0PqmP4s1I7kmAINTo0iC-Dg6ThBpo,""semakin lama pelayanan nya semakin buruk, kemarin banget saya pesan, lama datang nya, terus di chat alasan produknya kosong padahal di app ada, terus saya bls karna udah saya bayar lunas, tiba² di batalin dia pesanan nya terus chat saya di baca doang, dana saya tidak di kembalikan sampai Sekarang, kecewa berat, ga bakal belanja lagi di alfa, dulu² juga belanja di Alfa di kasih roti yang besok nya udah expired, terus minuman yang udah mau expired. tapi terakhir ini yang parah."",1,7,4.47.1,2026-03-20 07:54:32,""Hai, Kak. Mohon maaf atas kendala yang dialami. Agar dibantu pengecekan terkait pesanan, dana, dan produk expired, Kakak dapat menghubungi Shalma melalui DM Instagram Alfagift dengan melampirkan kode #3506719 🙏^Ynaa"",2026-03-20 17:12:30,4.47.1";
"def260dd-0bdd-4bc0-ab11-f0f013e8d172,Hermita,https://play-lh.googleusercontent.com/a-/ALV-UjXPt8NSFEc_FsnEZYioDMaOIar2HMdNJ_00_GuLTfMVazhXCbmY,""Saat pembayaran aplikasi force close, pas buka ulang mau bayar malah statusnya sudah booking. Gabisa di klik dibayar harus nunggu cancel otomatis dulu, muncul pop-up (Pembayaran sedang diproses). Apanya yang diproses? kan force close, harusnya bisa dibuka ulang ke menu payment👎🏻"",2,18,4.46.0,2026-01-29 07:25:28,""Hi, Kak. Maaf banget ya buat kendalanya. Biar Shalma bantu cek, mohon infokan detail kendalanya melalui DM Instagram @alfagift_idn dengan memberikan kode #3281111 ya. Kejadian ini akan Shalma jadikan evaluasi untuk lebih baik lagi Kak. Terima kasih :) ^Es"",2026-01-29 08:25:29,4.46.0";
"6f54f191-c70b-49f0-9979-5fddd349416d,Ikha Himalaya,https://play-lh.googleusercontent.com/a-/ALV-UjWYmt_1ROIbwK5K8iqcYIt4Gb7x7k0X7p80ingLEmIgEEd4-MNc,sekarang udah males belanja di Alfa. setiap blanja kadang gak sesuai harga. blm lagi kadang yg di beli barang nya cuma 1 tapi di scan 2x. alhasil bayar nya double. malah gak ada struck blanja nya print langsung. dan gak bisa cek langsung karna struck blanja nya masuk k aplikasi. jadi kalo gak punya paket data gak bisa ngecek langsung. alhasil udah pulang sampe d rumah baru ketauan kalo blanjanya lebih jumlah nya. sumpah jadi males banget. sebagai pembeli ngerasa di tipu,1,1,4.47.1,2026-04-04 08:00:43,""Hai, Kak. Mohon maaf atas ketidaknyamanan terkait kendala transaksi tersebut. Kami sangat menyesal atas pengalaman yang kurang menyenangkan ini. Kakak dapat menghubungi Shalma melalui DM Instagram Alfagift dengan melampirkan kode #3574802 agar dibantu pengecekan. 😔^ts"",2026-04-04 09:02:23,4.47.1";
"8abadfe5-27df-4b7f-9922-70049d1dbcf8,Merisani Harefa,https://play-lh.googleusercontent.com/a-/ALV-UjWKErs3cxiOcv9-HpYAu9EDY128o01lvwhp0wulwr4W0xulmr0,""Ini gimana ya saat belanja kita di minta untuk atur pengiriman. Saya tadi pilih pengiriman satu jam sesudah pembayaran, tapi ini malah lebih satu jam ga dikirim kirim. Kalo begini mah mending ga usah pake fitur atur pengiriman. Di chat juga di pihak alfa gift nya gada respon sama sekali. Sangat"""" Slow respon banget ya, apalagi dari pihak admin chat nya."",3,5,4.47.1,2026-03-24 10:05:19,""Hai, Kak! Mohon maaf atas kendala pengiriman yang terjadi. Untuk pengecekan lebih lanjut terkait pesanan ini, Kakak dapat menghubungi Shalma melalui DM Instagram Alfagift dengan melampirkan kode #3522432 agar dibantu pengecekan.😊^Ynaa"",2026-03-24 11:37:42,4.47.1";
"7f521d65-a4c2-41fc-a646-80ba1729b935,yaomi inaya,https://play-lh.googleusercontent.com/a-/ALV-UjXVrbQ9tTtGyTep4vXohNOfepmOW-d0bIp-b_M9VdQvtxoz3oco,""Sangat kecewa. Chat tidak dibaca, pengiriman lama. Bikin bete. Kalau gitu, mending beli ke tempatnya langsung. Untuk promo+voucher oke sih, tapi dilihat dari responnya jelek banget. Mending tidak perlu buat aplikasi sekalian"",1,1,4.47.1,2026-04-05 11:51:37,""Hai, Kak. Mohon maaf atas ketidaknyamanan terkait respon chat dan durasi pengiriman. Kami akan terus meningkatkan kualitas layanan kami. Kakak dapat menghubungi Shalma melalui DM Instagram Alfagift dengan melampirkan kode #3581282 agar dibantu pengecekan. 😊^Fini"",2026-04-05 12:00:05,4.47.1";
"0ead8a62-39a8-4ed7-ac85-043bbbfc4b2f,Dr. Coco but humanized,https://play-lh.googleusercontent.com/a-/ALV-UjXSifaSu42IiFbvSk0XXKKRT-dLUsNdS8RSeObiWyd4-CaWt224,lama banget wkwk 5 jam blom nyampe. pinteran kurirnya bisa nunda kirim dengan jawaban ngasal. Jadi ngaret 5 jam pun ga ngaruh walau janjinya maksimal 1 jam. tolong diperbaiki sistem nganternya atau gw pindah ke toko sebelah.,1,2,4.47.1,2026-04-04 06:25:05,""Hai, Kak. Mohon maaf atas ketidaknyamanan terkait keterlambatan pengiriman pesanan Kakak. Kami akan melakukan evaluasi agar layanan pengantaran lebih baik lagi. Kakak dapat menghubungi Shalma melalui DM Instagram Alfagift dengan melampirkan kode #3574496 agar dibantu pengecekan. 🙏^ts"",2026-04-04 07:28:54,4.47.1";
"c2c54ec6-699d-44b4-941d-c5130fdc056d,Aldy Angga,https://play-lh.googleusercontent.com/a/ACg8ocLQt25ToKCie1Oud8hkfAXTeQe5BVTd9RIwpOMNkZICFTzQTA=mo,Sangat kecewa dengan pelayanan toko melalui pemesanan di Alfa gift . sudah lama saya menggunakan alfa gift sampai grade sudah di grade ke 4. tapi sangat disayangkan kemarin pesan di alfa gift pesannya sore tapi sampai besok paginya pesanan tidak kunjung datang. dan lebih kecewa lagi saya mencoba bertanya lewat chat di aplikasi tapi hanya dibaca tapi tidak ditanggapi. pelayanan tidak semenarik iklannya. saya sudah mengadu ke alfacare lewat E-mail tapi sama saja ribet. intinya sangt kecewa. parah,1,0,4.47.1,2026-04-10 11:48:56,""Hai, Kak. Mohon maaf atas ketidaknyamanan terkait keterlambatan pesanan dan kendala respons chat di Alfagift. Kami sangat menyesalkan pengalaman ini. Kakak dapat menghubungi Shalma melalui DM Instagram Alfagift dengan melampirkan kode #3604235 agar dibantu pengecekan. 😔^ts"",2026-04-11 03:37:04,4.47.1";
"0862042a-b63f-424a-a2ff-c7312c4de4f4,Leni Febrianti,https://play-lh.googleusercontent.com/a-/ALV-UjWVboVRpGVUIc2-B7RsoGi-PEkFC6HIgZ3AJY7QCK39azmAoZ6b1A,""Untuk bagian pengiriman sangat cepat sesuai permintaan cust, jarang ada kendala dan hampir tidak pernah ada kendala selama ini dan kurir ramah sekali. Untuk aplikasinya juga bagus, ada menu chat kurirnya, juga ada lacak pesanan, ada receipt pesanan. Menurutku semua ok. aku lebih suka alfagift daripada aplikasi merchant lainnya. sejauh ini sudah terbukti bagus."",5,9,4.47.1,2026-03-13 06:29:21,,,4.47.1";
"29898977-7d10-4788-a0a8-85fc3cd42f14,Devia Tiara Putri,https://play-lh.googleusercontent.com/a-/ALV-UjXOLD7n8YFL_bZraLlhujonWOiP2wfPOF-7FxRCRjdt93d2pxHG,""buat apa ada fitur pengiriman maks 1 jam sudah diterima kalau masih lama jugaa kita klik pengiriman 1 jam sesudah pembayaran, 2 jam belum nyampe juga , katanya ini juga yg nunggu 3 jam barangnya masih ditoko ,mending hapus deh fiturnya soalnya engga berguna juga"",1,9,4.47.1,2026-03-07 07:47:56,""Hai Kak, mohon maaf atas ketidaknyamanan yang dialami. Kami terus berupaya meningkatkan kualitas layanan agar lebih baik. Terkait dengan kendala yang Kakak alami, mohon bantu kirim nomor pesanan & detail kendala via DM ke IG @Alfamart/@Alfagift_idn atau pusat bantuan Alfagift dengan kode #3437359. Terima kasih ^raf"",2026-03-08 05:50:36,4.47.1";
"e6186cc3-191a-46fd-8426-b6c5bd26898a,Indriana Amalia,https://play-lh.googleusercontent.com/a-/ALV-UjUtAC33y0-Df2InTLPl6I9myFGxuiJZexzIx39ysHPDZyDDu_Q,""Pengirimannya lamaaa bangetttt dan kurang komunikatif juga. mungkin bisa ya ditambahkan fitur lacak lokasi kurir sudah sampai dimana biar customer juga tau pesanannya sampai dimana. Sudahmah lamaa bangetttt, kurang komunikatif jugaa dalam memberikan informasinya"",1,4,4.47.1,2026-03-28 12:37:08,""Hai, Kak. Kami memohon maaf atas ketidaknyamanan terkait durasi pengiriman dan komunikasi kurir. Masukan Kakak mengenai fitur lacak lokasi sangat berharga bagi kami. Kakak dapat menghubungi Shalma melalui DM Instagram Alfagift dengan melampirkan kode #3541783 agar dibantu pengecekan. 🙏^kip"",2026-03-29 09:00:13,4.47.1";
"872679ad-7429-4ef7-a856-022a8ef11746,Kamal Ashter,https://play-lh.googleusercontent.com/a/ACg8ocLd0Ju__zado3STKKVJMipoR7P1wpcSgKhwoIb8qBKrA5UtHw=mo,""dari full bintang ke bintang 1 aja, awalnya nyaman dan puas banget tapi sekarang pengiriman pindah toko, dan pengiriman tidak sesuai estimasi waktu, selalu saja molor dan banyak alasandari jam 4 sampai jam 10 malam baru nyampe, itu bukan sekali aja. tp berkali kali"",1,3,4.47.1,2026-03-25 08:15:42,""Hai Kak, mohon maaf atas ketidaknyamanan yang dialami. Kami terus berupaya meningkatkan kualitas layanan agar lebih baik. Terkait dengan kendala yang Kakak alami, mohon bantu kirim nomor pesanan & detail kendala via DM ke IG @Alfamart/@Alfagift_idn atau pusat bantuan Alfagift dengan kode #3021234. Terima kasih ^raf"",2026-03-25 08:28:54,4.47.1";
"41c0a42c-908e-4ec6-bb82-37e6e92c37e2,Tamuramaro Kamachi,https://play-lh.googleusercontent.com/a-/ALV-UjVrXaRDSTiKii3O8aQd4Wsu64rL5fedjGsncWVFHE5PtRUC1Jg,""selalu dikecewakan setiap kali menggunakan layanan pengantaran.. di awal saya diberi info sedang dikemas, lalu beberapa menit kemudian dalam pengiriman.. setelah 30 - 40 mnt ditunggu, saya dapet pesan terjadi kendala dan sebagainya yang membuat saya perlu menunggu lebih lama lagi. ini selalu terjadi.. saya harap bisa diperbaiki lagi.. jika masih blm ada perbaikan mungkin saya akan sebut toko alfanya daerah mana"",1,104,4.46.0,2026-01-19 09:54:32,""Hai, Kak. Mohon maaf atas ketidaknyamanannya terkait kendala pengiriman yang sering terjadi. Kami akan segera melakukan evaluasi agar layanan kami lebih baik lagi ke depannya. Kakak dapat menghubungi Shalma melalui DM Instagram Alfagift dengan melampirkan kode #3257407 agar dibantu pengecekan. 🙏"",2026-01-19 10:48:03,4.46.0";
"99d48e72-544c-4630-9424-f4ebbe0eba70,Azqya Savitri Bilqis,https://play-lh.googleusercontent.com/a/ACg8ocJAVlf1-Yvv1iawVDbOYkIL58d74qTQgkAyGWXOGALICDhVvA=mo,""pelayanan alfagiftnya lama, waktu itu ditunggu dari pagi dateng malem. abis tuh berubah jdi cuma nunggu 1 jam, sekarang malah balik lagi ke setelan awal. mana pernah lagi beli barang ga dateng semua padahal udah bayar dengan harga full. buat aplikasinya sering banget log out sendiri. notifikasinya kalo gadiliat satu-satu gabisa dihapus, ganggu pemandangan."",1,61,4.46.0,2026-02-11 14:58:45,""Hai, Kak! Mohon maaf atas kendala yang terjadi. Terkait pelayanan Alfagift yang kurang memuaskan dan kendala aplikasi, Kakak dapat menghubungi Shalma melalui DM Instagram Alfagift dengan melampirkan kode #3318514 agar dibantu pengecekan. 😊 ^ts"",2026-02-12 08:12:30,4.46.0";
"26cc4714-f2b6-41bd-b840-72ff2e461bea,M. Mukhtar Shodiq,https://play-lh.googleusercontent.com/a-/ALV-UjVvGbwQNP86II_vZr_h7ohFumHJ6Dk-crSyiLJ29Di_g3v8YBvh,""Mungkin ini gimana cabangnya, tapi pesen masih di jam pengiriman kok sampe tengah malem juga belum dianter? Udah itu statusnya dalam pengiriman, gimana bisa refund kalo udah diubah duluan, jalan engga, tepat waktu engga, amanah engga, gimana sih? Tolong perbaiki semua sistemnya. Barang fresh mau dipake aja jadi cuma angan-angan doang."",1,34,4.46.0,2026-01-24 17:14:44,""Hi, Kak. Mohon maaf atas ketidaknyamanannya. Mohon infokan nomor pesanan Alfagift Kakak melalui DM Instagram @alfagift_idn dengan memberikan kode #3270266 agar dapat Shalma bantu cek ya. Terima kasih 😊️ ^ad"",2026-01-25 07:27:50,4.46.0";
"c2a7d9bd-657e-4693-a0be-e1a5461681c5,Hersa Nouzen,https://play-lh.googleusercontent.com/a-/ALV-UjWW15idTuaZyru7FQ11A4GXcaex1Z15htmdHSvwIvXl03_ikkJZ,""sangat-sangat lambattt.. pesan di jam 07.56 malam, sampai pas jam 9 malam status pengiriman barang tertunda. tau gitu saya tinggal beli di indomaret dekat tempat tinggal saya. mana ga direspon lg chat saya sama org tokonya. sebelumnya mau rekomendasi in ke rekan kantor biar gampang kalo belanja, karna sering naik motor keluar pas jam istirahat. eh malah saya sendiri mau uninstall apk nya. apk ga guna, kecewa berat. untung belum ngomong ke mereka"",1,30,4.46.0,2026-01-21 14:07:57,""Hi, Kak, maaf banget ya buat kendalanya. Biar Shalma bantu cek, mohon infokan detail kendalanya melalui DM Instagram @alfagift_idn dengan memberikan kode #3262369 ya. Kejadian ini akan Shalma jadikan evaluasi untuk lebih baik lagi Kak. Terima kasih :) ^js"",2026-01-21 17:35:37,4.46.0";
"51b87c4d-fc52-423b-a081-2b32ba138bae,hei ндин comell,https://play-lh.googleusercontent.com/a-/ALV-UjWKrer5Uq2z-olqr-rvkz6lVukJVUjUA1LmZiNYQJidJKWtYVTL,""SEGERA INSTALLL!!! WAJIBB!!! BENERAN GA ADA ONGKIRRR!!! aku udah pake ini 6 bulan... ga ada tuh ongkir². bahkan beli di jam 20.59 masih bisa diantar 30 menit kemudian. banyak diskon juga. terus kalo barangnya tiba² habis atau jelek, mereka konfirmasi dulu dikasih opsi lain. pokoknya komunikatif staff nya juga. makasih buat Alfamart sekarkemuning... udah ngeladenin orderan aku yg mepet² waktu. worth it gess daripada apk ssebelah"",5,5,4.47.1,2026-03-25 14:34:49,,,4.47.1";
"43818aad-4479-484a-b448-afb1ee2751fc,Siti Masitoh,https://play-lh.googleusercontent.com/a-/ALV-UjUJ6ORlmLEKn3Ke7Raylx7bB6-bQj_UdD08-E1xZo3ni7XP8tdF,""pertama kali pake alfagift sumpaahh kecewaaa, yg mau download trus belanja lewat aplikasi ini mending mikir2 lagi deh. masih bagus pake app yg ijo2 walau kena ongkir tapi proses pengantaran cepet, ada estimasi waktunya. app yg ini paraahhh banget, lelet, gak ada estimasi waktu sampai kapan, chat juga slow respon. padahal dpt toko yg cuma 1km tapi lamanya minta ampun. mikir2 lagi dah yg mau belanja pake app ini"",1,1,4.47.1,2026-04-05 14:18:00,""Hai, Kak. Mohon maaf atas ketidaknyamanan terkait kendala pengiriman pesanan Kakak. Kami akan segera melakukan evaluasi agar layanan pengantaran lebih baik lagi. Kakak dapat menghubungi Shalma melalui DM Instagram Alfagift dengan melampirkan kode #3582204 agar dibantu pengecekan. 🙏^Fini"",2026-04-06 05:16:14,4.47.1";
"cba86e08-723b-433f-99ff-0991708056b3,Vivi Kristina Sari,https://play-lh.googleusercontent.com/a-/ALV-UjVi3I4jGpVnctOzwZQ3yDJmUE-d4qBEXhELOng7WU4gwJnjWmBsNA,""payah, pengiriman lama. Saya pesan untuk dikirim maksimal 1 jam setelah pembayaran, tapi sampe 4 jam masih dalam proses. Pesanan saya ga dikirim2. Pernah saya pesan bahan masakan untuk buka puasa tp malah baru dikirim pas mepet buka puasa, padahal kan saya pesan dari jam 11 siang."",1,2,4.47.1,2026-03-29 11:01:03,""Hai Kak, mohon maaf atas ketidaknyamanan yang dialami. Kami terus berupaya meningkatkan kualitas layanan agar lebih baik. Terkait dengan kendala yang Kakak alami, mohon bantu kirim nomor pesanan & detail kendala via DM ke IG @Alfamart/@Alfagift_idn atau pusat bantuan Alfagift dengan kode #3545832. Terima kasih ^raf"",2026-03-29 11:07:41,4.47.1";
"f3c15668-fdb8-4853-a305-06837eb689ac,Aiduhay April,https://play-lh.googleusercontent.com/a/ACg8ocJVayqlf8v-h63f27R3dRei45ZDBQ8V6aykP_W-JFsGufl3NQ=mo,pembelanjaan saya kurang 1 pcs . sudah saya kirim bukti foto nya . dan tidak ada pengiriman kembali barang yg kurang . info dari chat nya akan di kirim tetapi tidak di kirim sampai from chat nya tertutup otomatis karna pesenan telah selesai . padhal saya tidak meng klik pesanan selesai . mengecewakan !,1,15,4.46.0,2026-02-12 07:13:58,""Hai, Kak. Mohon maaf atas kendala yang terjadi. Terkait pesanan yang kurang, Kakak dapat menghubungi Shalma melalui DM Instagram Alfagift dengan melampirkan kode #3319401 agar dibantu pengecekan. 😊^ts"",2026-02-12 07:58:38,4.46.0";
"5fc768d8-9d21-41e2-a234-5d464ab45eb6,Arif Munandar,https://play-lh.googleusercontent.com/a/ACg8ocJwmeGkKX3h6dH47wQvXEcs6s3WU1l8d3TZo-SrDvJvXumJAw=mo,""alfagift ini tambah lama tambah jelek... respon & pengirimannya!! dulu respon cepat pengiriman ceapt bgt.. skrg kita cht apa pun ga ada yg du respon padahl online, pengirimannya lama bgtttttt pdhl pilih opsi pngiriman jm 10-12 siang.. sampe jam 01.24 pun blm di kirim. di cht di apk g bls. tiba"""" bls udh di titik padahl sya udh bilng g ush di antr sya udh kesel. msih ttp di anter kocak!! pas sya cek ulasan"""" nya trnyta banyak yg ngalamin.. kirain sya doang rata"""" hampir semua ulasan sama semua.."",1,5,4.47.0,2026-03-09 08:35:37,""Hai, Kak. Mohon maaf atas kendala yang terjadi. Kami mengerti kekecewaan Kakak terkait respon dan pengiriman Alfagift. Kakak dapat menghubungi Shalma melalui DM Instagram Alfagift dengan melampirkan kode #3448862 agar dibantu pengecekan. 🙏^ts"",2026-03-09 10:05:02,4.47.0";
"d9caa471-c33d-4ca2-a06e-895d7f2d5ee5,Tiara Resti Septiyani,https://play-lh.googleusercontent.com/a/ACg8ocIDoiGaHTk_pZfUoKZhev1a4Iu4gGX60u1nRxq7bb6odf3-Ig=mo,""udah beberapa kali dapet pengiriman toko nya jauh, ampe dijutekin kurir, terakhir order dapet yg 5km, padahal sebelum nya bisa dapet toko2 yg deket, yg masih 1km-an, Akhirnya daripada keulang kejadian dijutekin, mending tak batalin, ini sudah 1x24 jam dan entah kenapa keesokan harinya toko nya ngechat lg nanya nama,no rekening, padahal pas pengembalian dana udah isi form kan ya, masa ga muncul di sistem toko nya? pantes refund nya lama."",1,0,4.47.1,2026-04-01 15:06:56,""Hai, Kak Tiara. Maaf banget atas kendala yang terjadi. Jika masih terjadi kendala, Kakak dapat menghubungi Shalma melalui DM Instagram Alfagift dengan melampirkan kode Tiket #3562616 agar dibantu pengecekan. Kejadian ini akan Shalma jadikan evaluasi untuk lebih baik lagi. Terima kasih :) ^ds"",2026-04-02 01:55:57,4.47.1";
"13a72c40-79b4-423d-bbc7-26773fc52237,marcelia sella,https://play-lh.googleusercontent.com/a/ACg8ocLrkk3euGc-Cm4X8sGBjYbQaalkc9wRQvcyN-6co79B9jm_HQ=mo,""awal"""" pake alfagift tidak kecewa karena sesuai dengan lokasi dekat dari rumah. makin kelmaan langganan mlah kecewa . dpt yg tidak sesuai lokasi mlah makin jauh pdhal sudah di hidupkan lokasinya dan pengirimannya lama. tidak pernah update stok barang jg klau habis. tolong di perbaiki sistemnya dan org"""" nya . kek gni kn customer jd kecewa tidak mau beli lagi.dan pengembalian dana sepihak oleh toko. dan tidak di proses"""" dan di terima ."",1,16,4.47.1,2026-02-28 14:47:05,""Hai Kak, mohon maaf atas ketidaknyamanan yang dialami. Kami terus berupaya meningkatkan kualitas layanan agar lebih baik. Terkait dengan kendala yang Kakak alami, mohon bantu kirimkan detail kendala melalui DM ke IG @Alfamart/@Alfagift_idn atau pusat bantuan Alfagift dengan kode #3397863. Terima kasih😊️ ^rsf"",2026-03-01 03:10:52,4.47.1";
"6efad99d-9091-4e62-bec9-5ffb8e1fdc59,Winardoyo,https://play-lh.googleusercontent.com/a/ACg8ocLe8m-Wm7sKsZmeNGkhyM5xc7v-YDpGh5mQsGz_OdoMHYHmYz03=mo,""di aplikasi barangnya ada, ditokonya kosong, pengembalian uang dalam bentuk poin dalam waktu 3-7 hari,. bukan masalah nominal, pertanggungjawaban kalian gimana? kalau nggak ada barang buat kosong, jangan buat ada isi,. tiba refund 3-7 hari bentuknya poin lagi, lucu"",1,1,4.47.1,2026-04-11 06:58:44,""Hai Kak, mohon maaf atas ketidaknyamanan yang dialami. Kami terus berupaya meningkatkan kualitas layanan agar lebih baik. Terkait dengan kendala yang Kakak alami, mohon bantu kirimkan detail kendala melalui DM ke IG @Alfamart/@Alfagift_idn atau pusat bantuan Alfagift dengan kode #3607339. Terima kasih😊️ ^rsf"",2026-04-11 08:21:13,4.47.1";
"11e0dd0c-9970-45a0-a8bf-db4adf3fdf78,Fitri Puri Chandra,https://play-lh.googleusercontent.com/a-/ALV-UjXwJKnUaIU-ag_9Nj5dA5Kx1SaiZHrbyRqIGsSYcu-klkuwvYr4,""Kenapa sih suka ngelag? Pop up homescreen terus terusan, udah force close masih aja begitu. mau ngecek transaksi jadi susaaaah ih. gemes banget. padahal aplikasi juga udah yang paling ter-update. tolong lah bug-nya dibenerin tim development-nya. kesel lama-lama ngadepin bug-nya, pengen uninstall rasanyaaaa 😤"",2,14,4.46.0,2026-02-11 03:13:26,""Hai, Kak. Kami turut prihatin atas pengalaman tidak nyaman saat Kakak mengakses transaksi di aplikasi. Kendala lag dan pop up memang bisa mengganggu. Pastikan koneksi internet Kakak stabil dan memori perangkat mencukupi ya. Informasi ini akan kami sampaikan ke tim terkait untuk perbaikan lebih lanjut. 😊^yna"",2026-02-11 04:05:45,4.46.0";
"65e93049-f004-428c-b7e5-06b93efb580f,Liana Lim,https://play-lh.googleusercontent.com/a/ACg8ocKCVJFc21VwHEfJi7OeyEDeKCRVu3PhrkWQMIYTiOeKpUXpQA=mo,""sebenarnya suka karena banyak promo, tapi kok pengirimannya makin lama, makin membagongkan ya. pesan dari siang, dikirimnya udah mau tengah malam. jam 11 malam baru sampai depan rumah. ya saya tolak lah.. enak aja, pesan dari siang tapi keseringan dikirimnya sampai tengah malam. orang enak tidur, disuruh Terima barang. pokoknya kalau kirimnya sampai malam, saya tolak, biar kirim ulang esok hari. alfa gift kalah pelayanannya sama klik indomaret, indomaret kirimnya sesuai estimasi yang dipilih."",2,1,4.47.1,2026-03-14 12:34:41,""Hai, Kak. Mohon maaf atas kendala pengiriman yang dialami. Agar dibantu pengecekan lebih lanjut terkait hal ini, Kakak dapat menghubungi Shalma melalui DM Instagram Alfagift dengan melampirkan kode #3477656. Terima kasih 😊^kip"",2026-03-14 23:05:44,4.47.1";
"34034d01-0d29-4a87-95ae-70b91040932f,Fanni Ardianni,https://play-lh.googleusercontent.com/a/ACg8ocLKGf3lneWPRyrh2SUOxCrO1fAZ0unIiy6Gz8i6UYU2zHEe8Q=mo,""Hallo kak, saya udh langganan belanja di aplikasi alfagift, praktis, suka ada promo dan pengirimannya jga cepet tapi udah 3 hari ini aku udh mau CO semua belanjaan kok loading lama di metode pembayaran ya kak, aku biasa pake sistem COD. jadi tiap buka aplikasi lg belanjaan yang udh di list hilang. ini gmna ya kak? bisa bantu ga? soalnya udh di upgrade aplikasinya jga masih loading gtu di metode pembayaran padahal seneng bgt belanja disini mohon bantuannya kak, Terimakasih🙏"",2,10,4.47.1,2026-02-20 03:35:17,""Hai, Kak. Mohon bersabar atas kendala loading saat checkout. Pastikan koneksi stabil dan coba bersihkan cache aplikasi Alfagift Kakak. Kakak dapat menghubungi Shalma melalui DM Instagram Alfagift dengan melampirkan kode #3344781 agar dibantu pengecekan. 🙏 ^ts"",2026-02-20 05:34:11,4.47.1";
"09ef5d60-94c3-417f-a197-ed31a644ea0e,Chairul Hanif,https://play-lh.googleusercontent.com/a-/ALV-UjXfoWEgGBkCvr7Esk8vtjuNLsZ75GXjdC7GgrKm9VuT9zB1pZQ,""kecewa banget. menu chatnya disconect terus ga bisa balas chat toko. ditelfon juga ga bisa.. padahal sudah isi pulsa pribadi buat hubungi toko, tetep ga bisa nyambung.. jadi bingung mau tracking belanjaan sampe mana. ngirim komplain di email juga ga fast respon"",1,3,4.47.1,2026-03-11 12:42:26,""Hai, Kak. Mohon maaf atas kendala yang terjadi. Untuk pengecekan status pesanan dan kendala chat, Kakak dapat menghubungi Shalma melalui DM Instagram Alfagift dengan melampirkan kode #3461827 agar dibantu pengecekan. 🙏^kip"",2026-03-12 01:01:00,4.47.1";
"4f785fbf-7a0d-44df-9376-7b5dc4ca80b8,ayumaya sari,https://play-lh.googleusercontent.com/a-/ALV-UjVoyrZ7XHrFDV1E-7CjoTNVtigYUb7_az5XgAIflmEJggd5blxO,""padahal dulu pelayanan online selalu gercep, makin kesini makin lelet. maksimal 1 jam, sekarang lebih dari 1 jam. parahnya ga ada fitur cancel. klo merasa overload 1 toko, kan bisa dibagi. cabang alfa ga sedikit, bos! tapi lelet banget."",1,11,4.46.0,2026-01-24 14:16:21,""Hai, Kak. Mohon maaf atas ketidaknyamanannya. Kami mengerti harapan Kakak terkait kecepatan layanan. Akan kami jadikan evaluasi untuk perbaikan. Kakak dapat menghubungi Shalma melalui DM Instagram Alfagift dengan melampirkan kode #3270091 agar dibantu pengecekan.😊^kip"",2026-01-24 15:29:43,4.46.0";
"3167c0b2-d328-4ee5-9886-9d94e7c5c46e,Sintia Balqis,https://play-lh.googleusercontent.com/a-/ALV-UjVTEnLlSAZo3HGDY9hI6GUMhxysZDxrGWcD68VpLw6R_msL9VIjZQ,""mungkin harus ada pembaharuan di aplikasi, saya pelanggan setia yang sering belanja menggunakan alfagift, tapi pengantaran selalu tidak sesuai dengan yang dijanjikan. belanja jam 07 pagi sampai jam 11 siang barang belum juga sampai. semoga semakin baik lagi kedepannya"",3,3,4.46.0,2026-01-28 03:51:56,""Hai, Kak. Terima kasih banyak atas masukan dan kesetiaan Kakak sebagai pelanggan Alfagift. Kami sangat menyesal Kakak mengalami kendala pengiriman yang tidak sesuai jadwal. Ini menjadi perhatian utama kami dan sedang dalam evaluasi untuk perbaikan sistem dan proses pengantaran agar lebih baik lagi. 😊^Yna"",2026-01-28 04:53:36,4.46.0";
"c30c9932-6dd2-4961-a13d-dbbc00d79913,saiful hadi,https://play-lh.googleusercontent.com/a/ACg8ocK0XWsG9E5bwYPNJ4Al4jnujDSeukXFo3svd4AzbfrvWhL8Tw=mo,""semenjak toko alfgift di khususkan, barang banyak yang kosong ,pengiriman gak bisa di hari yang sama , alfagift udah berubah gak sesuai fungsi awal. bikin sistem kenapa makin buruk lebih bagus sistem dulu pesan alfagift yang cover cabang terdekat , jadi lebih cepat"",1,1,4.47.1,2026-04-08 05:33:45,""Hai, Kak. Mohon maaf atas ketidaknyamanan terkait ketersediaan stok dan pengiriman di Alfagift. Masukan Kakak sangat berharga bagi kami untuk meningkatkan layanan agar lebih baik lagi ke depannya. 😊^rsf"",2026-04-08 06:29:39,4.47.1";
"8e49feb9-ad88-46db-9ece-4ceb8da1a1e4,Fauzia Rahma,https://play-lh.googleusercontent.com/a/ACg8ocIN_H_MzijlfhZRfRSb8CcrNltskYDMqnAlFwXgCUH2ukqfWA=mo,""sangat sangattttt lambat pengirimannya, bikin kecewa pelanggan. sebelumnya di chat Otw, setelah di tunggu beberapa jam kurir tidak datang2, sampai berhari-hari saya tunggu yang katanya otw sampai dengan sekarang pesanan saya belum juga di antar, saya chat hari ini lusa baru di balas, padahal di jam kerja juga. sampai dengan sekarang barang saya belum di antarkan jga."",1,5,4.46.0,2026-02-11 13:51:48,""Hai, Kak. Mohon maaf atas kendala pengiriman yang Kakak alami. Untuk pengecekan lebih lanjut terkait pesanan ini, Kakak dapat menghubungi Shalma melalui DM Instagram Alfagift dengan melampirkan kode #3318416 agar dibantu pengecekan. 😊^kip"",2026-02-12 04:08:47,4.46.0";
"a5e65b54-a54c-4572-8978-8db27e598ac9,Solo Putra,https://play-lh.googleusercontent.com/a-/ALV-UjWdNRDrsUZbOKI0q7HKqInv9gHqVu0YZcBG0kpg0b4ptoP2bJ7D,""Beli gk pakai kantong plastik, dinota dikasih kantong plastik.. Kembalian harusnya 3800 + 200 hanya dikasih 3000.. Pantas struk belanja tidak diberikan.. dan diminta baru dikasihkan.. Lebih hati-hati lagi deh kalau belanja di sini.. Kalau disebelah TANPA STRUK BELANJA GRATIS"",1,3,4.47.1,2026-03-23 08:52:01,""Hai, Kak. Mohon maaf atas ketidaknyamanannya terkait selisih kembalian dan biaya kantong plastik. Kakak dapat menghubungi Shalma melalui DM Instagram Alfagift dengan melampirkan kode #3517845 agar dibantu pengecekan.😊^ts"",2026-03-23 09:07:56,4.47.1";
"e3f801f3-bfe0-4153-8656-29bbd11ee78f,fitara gilang Ramadlan,https://play-lh.googleusercontent.com/a/ACg8ocILy1PzbrY0G3x8Eo95J8AdCSWIE007ufuDLc26g7REzF1p-w=mo,""sangat tidak di rekomendasikan, kurir tidak mengirim sesuai alamat hanya sampai parkiran ojol. saya pesan dan set alamatnya sudah jelas. kalo tidak bisa kirim ke alamat tidak perlu ada delivery. admin bad attitude cara handle complaint sangat dibawah standar perlu di training lagi. kurir bahasanya bad banget. over all sangat kecewa dengan order terakhir saya. Tempat DS Alam sutera. Admin Nurzihad.Terimakasih."",1,2,4.46.0,2026-02-11 15:41:29,""Hai, Kak. Mohon maaf atas pengalaman kurang menyenangkan ini. Kami sangat menyesal mendengar kurir dan admin kurang responsif. Kakak dapat menghubungi Shalma melalui DM Instagram Alfagift dengan melampirkan kode #3318549 agar dibantu pengecekan. 🙏 ^ts"",2026-02-12 00:58:14,4.46.0";
"3df8c77a-0e55-479d-9f9b-f8ac197100ba,Wulan 2007,https://play-lh.googleusercontent.com/a/ACg8ocKZGDZqMZXWRjriLNp8-mZioOYS8DCm8Ba0ExrtLgZAxtTRNA=mo,udah sering belanja dialfagift tapi beberapa kali belanja datangnya sangat lama padahal sudah pilih dikirim 1 jam setelah pembayaran tapi sampai 3jam gak dikirim2 giliran ajuin pengembalian keterangannya barang sudah dikirim tapi distatus pengiriman masih diproses,2,0,4.47.1,2026-03-27 04:19:51,""Hai, Kak. Mohon maaf atas kendala yang terjadi. Agar dibantu pengecekan terkait pesanan yang bermasalah, Kakak dapat menghubungi Shalma melalui DM Instagram Alfagift dengan melampirkan kode #3534814 ya 📦^ts"",2026-03-27 05:22:17,4.47.1";
"b3c60dac-c8ee-45cf-8919-abb2ccb14bdb,Fina Lia,https://play-lh.googleusercontent.com/a-/ALV-UjWcsbw7J8_fNiwp3WASOczsxnOx8afO47y-nWNA1rnMT6M79T8j,""alfagift kok makin lama ya pengirimannya, sering ke tunda juga. Padahal sebelumnya sesuai jadwal. Masa sekarang sudah menunggu 2 jam dari waktu ditunda masih belum sampai juga pesanan saya, padahal biasanya 30-45 menit, sekarang makin lama ya"",2,4,4.46.0,2026-02-08 13:28:16,""Hai, Kak! Mohon maaf atas keterlambatan pengirimannya. Kami terus berupaya meningkatkan kualitas layanan Alfagift. Kakak dapat menghubungi Shalma melalui DM Instagram Alfagift dengan melampirkan kode #3312243 agar dibantu pengecekan.😊^kip"",2026-02-09 01:32:53,4.46.0";
"f547c3a5-8fc9-4765-a790-c4e20fb80df7,Reydi Testarosa,https://play-lh.googleusercontent.com/a/ACg8ocJ3bYg4iQgRldv_gMWbny1oxLkZ0FlAU4lAGj1g9mzswraCyg=mo,""makin kesini makin ga jelas order nya, ga bisa pesan untuk satu jam pengiriman selalu penuh, bisanya untuk besok hari atau beberapa jam berikut nya paling cepat 4 jam berikutnya, kalo begitu kita mana tau ada dirumah atau engga karena waktu tunggu terlalu lama jadi kurang efisien"",1,6,4.47.1,2026-03-04 03:21:17,""Hai, Kak. Mohon maaf atas ketidaknyamanan terkait jadwal pengiriman yang sering penuh. Kami berupaya terus meningkatkan efisiensi layanan kami. Kakak dapat menghubungi Shalma melalui DM Instagram Alfagift dengan melampirkan kode #3417817 agar dibantu pengecekan. 🙏^rsf"",2026-03-04 07:06:24,4.47.1";
"057868f3-a803-40ab-9dc8-75d1b16f81a6,Dinar Ajeng Priatna Sari,https://play-lh.googleusercontent.com/a/ACg8ocLsb4E2v_RLtN8PGP_3MtjWowdSYEkSs2eMTMbO_YPpsNksxg=mo,""pengiriman nya bener bener lama banget pesen dari jam 7 pagi sampe jam 11 malem yang bener aja. 1, 2 kali si ga masalah ini aku udah berkali kali dan berharap bakal ada kemajuan ternyata sama aja mending di i***m***t cepet lebih mudah. dan aku chat tu Alfamart nya gaada respon sama sekali najis. sumpah ini udah keteraluan bgt lama nya aku kesel uninstall sekarangg!!!!"",1,4,4.46.0,2026-02-13 11:03:02,""Hai, Kak. Mohon maaf atas kendala pengiriman yang Kakak alami. Kami mengerti kekecewaan Kakak. Kakak dapat menghubungi Shalma melalui DM Instagram Alfagift dengan melampirkan kode #3322104 agar dibantu pengecekan.🙏 ^ts"",2026-02-13 11:14:48,4.46.0";
"411be759-944e-44c4-a8ed-f574492f101a,Najwa aurelia ekta Salsabila,https://play-lh.googleusercontent.com/a-/ALV-UjWWQFWeGDdnpT2iiuc30QPnunBKqdeEVR9N5L-qG89uzPWEtr1tpw,""akun di log out, tapi gak bisa login lagi. alasannya login dari device berbeda, dari awal daftar juga ini hpnya beda gimananya? verifikasi WA gak bisa juga. padahal sudah lama pakai alfagift."",1,2,4.46.0,2026-02-06 22:10:04,""Hai, Kak. Mohon maaf ya atas kendala login di Alfagift. Kakak bisa coba login ulang setelah beberapa saat, atau pastikan aplikasi Alfagift sudah di-update dan koneksi internet stabil. Periksa juga apakah nomor WhatsApp Kakak bisa menerima kode verifikasi dengan baik. 💡^Yna"",2026-02-07 03:27:30,4.46.0";
"c3ee5765-9a9f-45c7-a623-f945daf97e85,syawal adiyaksa,https://play-lh.googleusercontent.com/a-/ALV-UjWnm2kOPY8yrwfeTJPMqBks1eD_Jt-8ekol4vvFVKh3x9nod3p7,""saya order pesanan di alfagift saya sudah selesaikan pembayar via ovo dan saldo saya sudah berkurang, namun statusnya berubah dari sedang diproses menjadi dibatalkan, lah terus uang saya tidak di refund, tolong aplikasinya diperbaiki kalau pesanan saya di batalkan yah kembalikan dong saldo saya. aplikasi tidak jelas"",1,1,4.47.1,2026-04-12 01:38:37,""Hai, Kak. Mohon maaf atas ketidaknyamanan terkait kendala pesanan yang dibatalkan namun saldo OVO sudah terpotong. Kami akan bantu proses pengecekan lebih lanjut. Kakak dapat menghubungi Shalma melalui DM Instagram Alfagift dengan melampirkan kode #3610061 agar dibantu pengecekan. ☹️^ts"",2026-04-12 02:14:28,4.47.1";
"47c5dd2d-47a5-4b8b-bf60-de8e1e5290fc,sayhellonan,https://play-lh.googleusercontent.com/a-/ALV-UjUxJ4CuttJnL2h4aRyoe8cxhqKzqvUFo0Y-ura7ZRjePtW19pBd,Di daerah saya delivery nya tidak responsif. Stok barang tidak lengkap juga tidak update. Seperti gas misalnya. Admin toko tidak responsif seperti aplikasi toko sebelah Indoapril. Mungkin karena tidak terpusat dan tidak punya ekspedisi sendiri seperti Indoapril. Delivery lama sekali. Meleset jauh dari estimasi padahal jarak toko nggak nyampai 1 km.,1,27,4.47.1,2026-02-23 10:31:00,""Hai, Kak! Mohon maaf atas ketidaknyamanannya. Kami terus berupaya meningkatkan kualitas layanan dan ketersediaan produk. Kakak dapat menghubungi Shalma melalui DM Instagram Alfagift dengan melampirkan kode #3369264 agar dibantu pengecekan. 😊^kip"",2026-02-23 14:17:55,4.47.1";
"8571ba32-46aa-4dcc-98fb-a9455ff13165,Cantika Putri,https://play-lh.googleusercontent.com/a/ACg8ocIwCJSOxSaOu21guMF_U6SrlX0XbSo0jQd8p54V6vlpBTWOkA=mo,""pengiriman lama padahal sudah pesan pengiriman cepat, saya kira akan lebih cepat nyatanya lebih dari 2 jam pesanan juga tidak bisa dibatalkan sebelum membeli juga tertera """"pesanan akan sampai sebelum jam 9"""" nyatanya pesanan sampai jam 10 lebih, saya pesan dari jam setengah 8 lho"",1,12,4.47.1,2026-02-23 00:53:38,""Hai, Kak. Mohon maaf atas kendala pengiriman yang Kakak alami. Untuk pengecekan lebih lanjut, Kakak dapat menghubungi Shalma melalui DM Instagram Alfagift dengan melampirkan kode #3365706 agar dibantu pengecekan.😊^kip"",2026-02-23 04:38:35,4.47.1";
"d10209cc-08a5-4a0d-92a0-80c36d1cc958,astrifrr,https://play-lh.googleusercontent.com/a-/ALV-UjUmd9hoSKhN6oOqFjhNbbDPCiZ8tevBXcz88qxnsTXobUEsy-ZR,""pesan dari jam 14.15 klik pemgiriman maksimal 1 jam setelah bayar, jam 15.53 baru ada info akan di kirim jam 16.33 belum sampe. lama bangetttt. mana ada opsi pengembalian dana tapi gabisa alasan sudah diproses, padahal drivernya chat """"otw ya kak"""" jam 16.34"",1,1,4.47.1,2026-04-05 09:34:55,""Hai, Kak. Kami memohon maaf atas keterlambatan pengiriman pesanan dan kendala pembatalan yang Kakak alami. Kakak dapat menghubungi Shalma melalui DM Instagram Alfagift dengan melampirkan kode #3580637 agar dibantu pengecekan. 😔^Fini"",2026-04-05 10:03:43,4.47.1";
"86718d5e-9657-476c-9309-6478f872bc6c,bella,https://play-lh.googleusercontent.com/a-/ALV-UjUv_mijpQnLKHo2YTWneHKGY2IeNLYtKLdHvgT4bwhM94RvRwLAKw,""aplikasi ini bikin mudah banget untuk belanja kebutuhan sehari² tanpa harus keluar dan tanpa bayar ongkir, tapii keluhan aku cma 1 kalo misal aku udah masukin semua barang yang mau di co include produk tebus murah dan masuk ke laman metode pembayaran tuh gabisa balik lagi, sedangkan aku kadang kelupaan masukin voucher (alfagift voucher). kirain pas kembali bakal tetep ada semua produknya di keranjang ini malah hilang semua dan produk tertentu jadi habis stock padahal baru beberapa menit doang"",3,7,4.46.0,2026-02-24 21:45:10,""Hai, Kak. Mohon maaf atas kendala yang dialami saat berbelanja. Terkait keluhan produk di keranjang yang hilang saat kembali dari halaman pembayaran, Kakak dapat menghubungi Shalma melalui DM Instagram Alfagift agar dibantu pengecekan. 🙏"",2026-02-25 04:51:54,4.46.0";
"7ec69e80-d436-4379-a9b2-6d8fbf8e6b9f,Renny Noenoehitoe,https://play-lh.googleusercontent.com/a/ACg8ocIJmjAD01gJKZh3X_vBSXuUZAX7rv6hsGi1OVMcHFCW_OoMfQ=mo,""kasir yang berada di alfamart busalngga, kabupaten Rote Ndao kecamatan Rote Barat Laut pelayanannya sangat tidak memuaskan. apakah sudah diajarakan sesuai SOP atau tidak tapi kasir yang berdaa di alfamart busalangga tidak teliti sehingga banyak pembeli menjadi korban. mulai dari harga barang yang dinaikan 2x lipat, dan ketika pada saat scan barang mereka tidak memasukan barang yang telah kami beli kedalam kantong belanjaan punya kami padahal sudah bayar sesuai dengan harga total belanjaan."",1,4,4.47.1,2026-03-04 08:45:07,""Hai, Kak. Mohon maaf atas ketidaknyamanannya. Kami akan evaluasi pelayanan kasir Alfamart Busalngga agar lebih baik lagi. Kakak dapat menghubungi Shalma melalui DM Instagram Alfagift dengan melampirkan kode #3419659 agar dibantu pengecekan.😊^yna"",2026-03-04 08:56:22,4.47.1";
12c203b3-31a6-4c4a-99e7-3f4956fff7c1,Yudi Remote Support,https://play-lh.googleusercontent.com/a-/ALV-UjVinELGdGN7ON1YF22JjvKB69B3_vYtiwWY4VPX8OJSspAw2BQ,ketentuan promo tidak jelas. sebelum sy melakukan checkout sy selalu membaca selalu ketentuan berlaku. tapi alhasil reward poin 15000. tidak diberikan. ini jelas penipuan berkedok reward besar. dengan harga sudah dinaikan. Ticket 3489146. gak ikhlas gw bayar nugget 400gr 55rban. sewajarnya nugget 30-40rban.,1,0,4.47.1,2026-03-17 08:16:47,,,4.47.1;
"c5cc32b7-e9da-471b-a1e8-13f6488cb117,Ahmad Rizaldi,https://play-lh.googleusercontent.com/a/ACg8ocKr9kz-Avsy05jSkbFNUwBu3JJt1O96ZdhNp8lhANQ0GBpd9w=mo,""pelayanan buruk, jika di chat di tanya apakah pesanan sudah di kirim tidak di balas, jika di balas pun balasanya kurang mengenakkan. sudah di pilih untuk antar maksimal 1 jam pengiriman bisa sampe nunggu 2 jam an. di perbaiki lagi pelayanannya, buruk sangat buruk"",1,4,4.46.0,2026-02-08 04:19:52,""Hi, Kak, maaf banget ya buat kendalanya. Biar Shalma bantu cek, mohon infokan detail kendalanya melalui DM Instagram @alfagift_idn dengan memberikan kode #3310848 ya. Kejadian ini akan Shalma jadikan evaluasi untuk lebih baik lagi Kak. Terima kasih :) ^js"",2026-02-08 04:33:28,4.46.0";
"3260474e-0275-4b95-8c7d-87181f5cd4b0,Putri nur haslinda,https://play-lh.googleusercontent.com/a/ACg8ocKK9ePA0hLB5wTw5fhwPkwb0aX05zeV1VXPiPiNr2Z_tPrDag=mo,""Beli barang harga 13.100 dapat voucher 5000 jadi 8.100 eh barang nya gak ada terus diganti sama yang harganya 7.800, bukan masalah harganya tapi terus gunanya pake voucher itu buat apa? coba kalau gak pake voucher apa gak rugi 5k tuh aku hampir 1 full harga barang nya, tau gitu gak usah beli kubiarin nganggur aja itu voucher, dipake pun gak guna gak dapat barang yang kita inginkan udah mah diganti lebih murah lagi, kalau diganti sesuai sama harga yang awal beli 13,100 mah gak masalah"",1,1,4.47.1,2026-03-30 04:30:28,""Hai, Kak Putri. Maaf banget atas kendala yang terjadi. Jika masih terjadi kendala, Kakak dapat menghubungi Shalma melalui DM Instagram Alfagift dengan melampirkan kode Tiket #3548498 agar dibantu pengecekan. Kejadian ini akan Shalma jadikan evaluasi untuk lebih baik lagi. Terima kasih :) ^ds"",2026-03-30 04:40:03,4.47.1";
"f53f3662-3b6c-4e6b-9206-4307e1c13a05,Pasti Sukses,https://play-lh.googleusercontent.com/a/ACg8ocK4C9YdX0IsOr-NOQZf3GY84L9MrADI5Ku_xJ3w6t3NTHfZsg=mo,""pengiriman nya lama pesan siang sampe malam belum di kirim, katanya di tunda karena konsumen tidak bisa di hubungi, padahal kita chat malah gak di balas2, gak jelas ni aplikasi nya dan orng kerja nya, live chat nya juga gak jelas mau komplain gak bisa, yasudah saya komplain di sini aja biar bisa di baca sama semua orng sekalian"",1,0,4.47.1,2026-03-19 11:24:24,""Hai, Kak. Mohon maaf atas kendala pengiriman yang terjadi. Agar dibantu pengecekan lebih lanjut, Kakak dapat menghubungi Shalma melalui DM Instagram Alfagift dengan melampirkan kode #3503177. 🙏^Ynaa"",2026-03-19 12:50:46,4.47.1";
"49ebd0ef-cbe4-4bc7-a76a-1f3aa630a1bd,akun gabut,https://play-lh.googleusercontent.com/a-/ALV-UjWepl_GcO4WzDW5G9Gcno80FVda9NY2s-bcRpVQMQ65Sqv6urM,""saya mengeluhkan mengenai pengiriman, buat apa ada pilihan jam pengiriman, saya selalu memilih (minimal 1 jam setelah pesan) tapi ujung ujungnya tetep nunggu 3-4jam, saya pesan jam setengah 3 sampai jam 5 tidak segera dikirim bahkan belum dikirim"",2,0,4.47.1,2026-04-03 09:25:58,""Hai, Kak. Mohon maaf atas ketidaknyamanan yang Kakak alami. Untuk penelusuran lebih lanjut terkait pengiriman Alfagift, Kakak dapat menghubungi Shalma melalui DM Instagram Alfagift dengan melampirkan kode #3570155 agar dibantu pengecekan. 😊 ^pnj"",2026-04-03 11:36:24,4.47.1";
"ff41caa7-6073-49ca-8d0a-bfdf4a2c15e0,Ventya Marcellina,https://play-lh.googleusercontent.com/a/ACg8ocLAiNkTv6dnwQNX4v2s6RGHXqmYkf-zt0bENJTc0UFrbyPJgw=mo,""Saya sudah memesan barang dan mengatur waktu pengantaran nya yang 1 jam setelah pembayaran. Namun, sudah Saya tunggu hampir 2 jam lebih pesanan Saya belum tiba juga. Saat Saya chat ke operator nya, malah tidak di balas. Dan ini sudah ke sekian kali nya kejadian seperti ini. Mohon segera di perbaiki!"",1,3,4.47.1,2026-03-20 08:51:50,""Hai, Kak. Mohon maaf atas keterlambatan pesanan dan respons yang kurang baik. Agar dibantu pengecekan lebih lanjut, Kakak dapat menghubungi Shalma melalui DM Instagram Alfagift dengan melampirkan kode #3506943.🙏^Ynaa"",2026-03-20 17:09:56,4.47.1";
"b7d7e7cf-313b-4230-a2aa-9f65831af1f7,febby AS,https://play-lh.googleusercontent.com/a-/ALV-UjWPQNUxMsa5VbHQAPnn-3aYgE_SNTL5LFwrhIrSYKGVv2CzIDzZUQ,""difitur ada sistem chat tapi ngga ceklis 1 ketika ada barang yg tidak dikirim pihak alfa kita tidak bisa komplain karena pesanan otomatis diselesaikan, menghubungi cs dan email pun tidak ada respon. aplikasi yg buruk karena merasa tertipu barang yg sudah dibayar tapi tidak dikirim !! harganya juga lumayan loh yah buat saya !! buruk bgt pelayanannya"",1,3,4.47.1,2026-03-13 03:46:43,""Hai Kak, mohon maaf atas ketidaknyamanan yang dialami. Kami terus berupaya meningkatkan kualitas layanan agar lebih baik. Terkait dengan kendala yang Kakak alami, mohon bantu kirimkan detail kendala melalui DM ke IG @Alfamart/@Alfagift_idn atau pusat bantuan Alfagift dengan kode #3469866. Terima kasih😊️ ^rsf"",2026-03-13 06:06:36,4.47.1";
"3cd03f47-a710-4a35-96bf-1f8cadc995ec,Ferrary kr,https://play-lh.googleusercontent.com/a-/ALV-UjVLwprLsCKxilf938t67R6xPLzlIkNMMBIExmbmA0UFO6TcS_hI,""Biasanya sangat membantu, ada 1 alfamart dekat rumah yang pelayanannya sopan, komunikatif. sekarang pengiriman dari alfamart pondok mutiara. sudah 2x check out pilih yg pengiriman max 1 jam stlh pmbayaran. tidak ada info tb2 dinotifikasi apps ket-nya : """"pengiriman ditunda pembeli tidak dpt dhubungi"""" pdhl blm ada yg hubungi. balasan dichat aplikasi juga tidak SOP. kurang sopan. beda sama yg toko sblmnya d daerah lemahputro. agak kecewa krn sudah tdk ada pilihan pengiriman dr toko tsb d aplikasi"",3,2,4.47.1,2026-03-17 08:09:36,""Hai, Kak. Mohon maaf atas kendala pengiriman dan pelayanan yang kurang menyenangkan di toko tersebut. Hal ini akan kami tindak lanjuti sebagai bahan evaluasi internal kami. Kakak dapat menghubungi Shalma melalui DM Instagram Alfagift dengan melampirkan kode #3491819 agar dibantu pengecekan. 🙏^ts"",2026-03-17 08:38:16,4.47.1";
"b6d5302a-e4e3-4aa4-a951-daef18344c40,Seni Kusrini,https://play-lh.googleusercontent.com/a/ACg8ocKOqs21zRpFXJjVo1bx3NcPOF7lGpXAGIWiWrn3qCNjZ8k9Ug=mo,""Biarkan bintang yang berbicara. Benar2 fast respon, sesuai dgn judulnya pengiriman instant (saya pilih jam 14-16, di chat sm adminnya mau kirim sekarang ga kak, luar biasa khan) dan yang luar biasa lagi..pilihannya pengiriman isntant tapi bebas ongkir loh. Awalnya coba2 aplikasi ternyata ga bikin kapok, sungguh luar biasa admin, pegawai, dan kurir Alfamart..."",5,0,4.46.0,2026-04-04 11:20:45,,,4.46.0";
"db6023f0-2f82-4d09-a3da-fc5dbfb4db74,Dwi Sinta,https://play-lh.googleusercontent.com/a/ACg8ocLJJYOBI-gKm9PPYKj1KwlE7WKvCtGVegCm-J-IEl2Dp67zWA=mo,""Udah 2x belanja di alfagift pengrimannya lama bgt sihh,, padahal ekspektasinya klo di alfagifr bisa cepet sampe ini mah udah 2,5 jam lebih ga sampe sampe,, ga pernah ga telat gitu ngirimnyaa Update penilaian tdi bintang 3 jadi bintang 1.. parah bgt sih co dro tgl 7 april smpe tgl 6 mei belom dtg juga.. truss layanan cs nya gabisa mulu update lagi nih yaa tgl 15 feb 2025 kalo ga niat bikin aplikasi ga usah bikin ngapa. gw kira mah udah diperbaiki sistemnya beda banget sm shopee instant"",1,3,4.46.0,2026-02-15 15:46:18,""Hai, Kak. Mohon maaf atas keterlambatan pengiriman pesanan Kakak. Hal ini akan kami jadikan evaluasi untuk perbaikan sistem. Kakak dapat menghubungi Shalma melalui DM Instagram Alfagift dengan melampirkan kode #3328921 agar dibantu pengecekan. 🙏 ^ts"",2026-02-15 15:55:42,4.46.0";
"d2a24b7d-1bbc-41a2-ae4b-5864fb5ba650,Iyes Yes,https://play-lh.googleusercontent.com/a-/ALV-UjWAnTXI1ARyXDnBIuEYjL5ZZWc4nadNZ_DWSDNOAptCVBTQfiy4,""saya pertama kali jadi member di alfa tapi saat itu hanya diminta no telpon. setiap belanja pakai member alfa. tapi saat dowload app, dan memasukkan no hp, aplikasi tdk bisa dibuka, dgn alasan no hp sdh tidak digunakan. jelas jelas setiap belanja saya pakai no hp tsb dan dapat saya cek pointnya, knp saat daftar di app tdk bisa? dan saya merasa tdk mengganti/mengubah nomor tsb. tolong solusinya."",2,9,4.46.0,2026-01-26 03:44:21,""Hi, Kak, maaf banget ya buat kendalanya. Biar Shalma bantu cek, mohon infokan detail kendalanya melalui DM Instagram @alfagift_idn dengan memberikan kode #3273402 ya. Kejadian ini akan Shalma jadikan evaluasi untuk lebih baik lagi Kak. Terima kasih :) ^js"",2026-01-26 04:05:25,4.46.0";
"c081ed94-0c39-4096-be9e-3205a471ce42,Yuem Naii,https://play-lh.googleusercontent.com/a-/ALV-UjWHvzelqwYFqSRRnqtMLXp-tL-QKDRM1Gp1RLTTANIB8zv5HexB,""sejauh ini tidak ada kendala, kendalnya hanya tidak pernah dapat voucher untuk belanja, paling² voucher khusus saja hehehe, tapi semuanya okee, Order dan pengiriman selisih 1/2jam saja, misal order pagi jam 8 nanti jam 9/10 udh dikirim, lumayan gercepp"",5,2,4.47.1,2026-03-31 00:36:18,""Hai, Kak. Terima kasih untuk kepercayaan. Semoga kami selalu bisa meningkatkan kualitas pelayanan kepada semua sahabat Alfamart dan selalu bisa bermanfaat untuk banyak orang.😊️ ^ds"",2026-03-31 03:00:35,4.47.1";
"88126ca1-6439-4f43-9498-da7eb3ea519d,Satura Gilang Alderan,https://play-lh.googleusercontent.com/a-/ALV-UjVDQ3kWTSINL3Wnv04cosrFfSZTy7YJpKX_5yFegQV3atKuOmYj,""untuk pembelian aplikasi melalui alfagift masih kurang matang dan perlu banyak perbaikan, saya mencoba membeli melalui aplikasi dengan status sedang dikirim namun sampai dengan waktu yang sangat lama. seharusnya dapat segera diperbaiki beberapa fitur seperti 1. fitur memilih pengiriman dari toko yang masih buka. 2. fitur lokasi perjalanan seperti Grab atau gojek supaya dapat dilihat lokasi si pengirim dimana. untuk menghindari karyawan nakal yang dengan senagaja mengirim lama."",1,4,4.46.0,2026-02-14 13:47:21,""Hai, Kak. Kami turut prihatin atas pengalaman tidak menyenangkan saat berbelanja di Alfagift. Saran Kakak mengenai fitur pemilihan toko aktif dan pelacakan kurir sangat berharga dan sedang kami pertimbangkan untuk pengembangan lebih lanjut. Kami berkomitmen untuk selalu memberikan pelayanan terbaik. ^Yna"",2026-02-14 14:15:02,4.46.0";
"5a618d5d-5a4e-4626-ba13-1c82d934808d,Fitri mutiah,https://play-lh.googleusercontent.com/a-/ALV-UjXckRCqapA8-pElRoSJ8QuD83VHZJhRAkjyGt3NCLHHUQFUcZL1,""pernah belanja di alfagift dah bayar full tapi pesenanya hak komplit dah komplen ke pegawai toko nya kata ya kekurangannya bakal dianterin tapi dah seminggu lebih gai pernah ada kiriman kekurangannya di chat juga pegawai nya gak respon,dah gitu sekarang saya mau belanja tapi banyak stok yang kosong contohnya minyak dah seminggu ni setiap mau belanja barangnya selalu kosong terus tolong cepet re stok dong"",3,0,4.47.1,2026-03-31 12:52:45,""Hai, Kak Fitri. Maaf banget atas kendala yang terjadi. Jika masih terjadi kendala, Kakak dapat menghubungi Shalma melalui DM Instagram Alfagift dengan melampirkan kode Tiket #3556419 agar dibantu pengecekan. Kejadian ini akan Shalma jadikan evaluasi untuk lebih baik lagi. Terima kasih :) ^ds"",2026-04-01 04:44:15,4.47.1";
"2820387f-9d06-493f-84b4-ac8239892258,Angga Alfiansah,https://play-lh.googleusercontent.com/a-/ALV-UjUJHLHtomArh4OTs-RDUv6gadacI-rlEdGjhSabdUJCzQ9l4b4WNA,""Sebenarnya aplikasinya bagus promonya juga bagus, tapi karena diri ini pekerjaannya dibidang IT terkadang perlu menginstall beberapa aplikasi untuk menunjang pekerjaan. Namun masalahnya alfagift tidak mau jalan kalau diri ini install itu aplikasi. Gila aja, tiap mau belanja harus uninstall dulu, terus selesai belanja install lagi. Lebih baik diri ini pindah ke sebelah yang enggak berlebihan. kepada developer : Emang tak yakin dengan keamanan sistem yang kau buat sampai paranoid seperti ini?"",1,6,4.46.0,2026-01-29 07:01:55,""Hai, Kak. Kami sangat menyesal Kakak mengalami kendala saat menggunakan Alfagift karena konflik dengan aplikasi kerja Kakak. Kami menyadari ini menghambat pengalaman Kakak. Kebijakan keamanan aplikasi kami bertujuan melindungi privasi dan data Kakak, namun kami akan meninjau masukan penting ini agar Alfagift lebih baik ke depannya."",2026-01-29 07:16:39,4.46.0";
"b9ae1d53-ff41-4c54-a6f0-219fa95d1475,Dwi Frasti Agriani,https://play-lh.googleusercontent.com/a-/ALV-UjWTaOLbnQHjtq26dq1_-TGAXQXleRMPRjl59oRETQTAsff6GEMLTA,""Dari 2023 belanja bulanan pasti di Alfagift. Minimal 1juta/bulan, belum termasuk yg beli langsung di toko. Tapi malem ini saya memutuskan utk nggak pake Alfagift lagi. Pelayanannya makin buruk. 2 hari lalu pesenan saya dikirim jam 11 malam dan pesenan saya DILEMPAR DARI BALIK PAGAR. Hari ini saya pesen lagi jam 15.00 dan baru dikirimin jam 10 lewat dengan alasan overload."",1,3,4.46.0,2026-01-31 15:46:19,""Hai Kak, mohon maaf atas ketidaknyamanan yang dialami. Kami terus berupaya meningkatkan kualitas layanan agar lebih baik. Terkait dengan kendala yang Kakak alami, mohon bantu kirim nomor pesanan & detail kendala via DM ke IG @Alfamart/@Alfagift_idn atau pusat bantuan Alfagift dengan kode #3288010. Terima kasih ^raf"",2026-02-02 09:57:08,4.46.0";
"68eaca12-d4b0-4f32-ac91-3ff2ed8071b4,ahmad fauzan,https://play-lh.googleusercontent.com/a-/ALV-UjUogPy2g4H6viddh5ZZNfotPRJeXRgDBPNRDAwb2BvybbjMNGw,""terimakasih alfagift, aku jadi bisa tukar voucher TADA, untuk beli paket data, sebelumnya aku belanja secara offline ke Alfamart, trus bayar pakai e voucher TADA, pas di klik 'gunakan', loadingny lama bgt. akumau cancel, transaksinya tapi ga' bisa dicancel"""", 😔kata kasirnya. ya udah akhirnya terpaksa bayar pakai uang cash. knp ya Alfamart. harusnya lebih fleksibel kalo ada kasus sperti itu, saya batalkan, barang tidak saya bawa kabur."",5,48,4.46.0,2026-02-13 12:09:10,""Hai, Kak. Mohon maaf atas kendala yang terjadi. Kami mengerti kekecewaan Kakak. Untuk pengecekan lebih lanjut, Kakak dapat menghubungi Shalma melalui DM Instagram Alfagift dengan melampirkan kode #3322255 agar dibantu pengecekan.😊^kip"",2026-02-13 14:27:05,4.46.0";
"4fa58a87-43e1-4171-95ed-7fe85529d45d,Edwin Putra,https://play-lh.googleusercontent.com/a-/ALV-UjWovcsThTZh4GtLTk7ZVAx94DlkwmGVpTUJ3-pkchuNm1yVTtk,""Samekin hari semakin bobrok layanannya!!😡 mulai anter instant bisa Ampe 3 jam baru sampe, padahal biasanya gasampe 15 menit!, sekarang makin kesini malah pesen barang ga sesuai semua yang dikirim! di chat dihubungi ga ada jawaban, cuman dibaca oleh mereka!!, kecewa berat amat layanan Alfagif Saya!!... kaya seeenak hati aja mereka melayani customer, begitu kah caranya melayani customer sekarang Alfamart?! tanpa ada solusi sama sekali dari aplikasi dan pihak terkait?!!...😡"",1,14,4.47.1,2026-02-23 14:14:17,""Hai, Kak! Mohon maaf atas ketidaknyamanannya. Kami memahami kekecewaan Kakak. Untuk kendala pesanan, Kakak dapat menghubungi Shalma melalui DM Instagram Alfagift dengan melampirkan kode #3370417 agar dibantu pengecekan.😊^kip"",2026-02-23 15:14:58,4.47.1";
"e3dd3d91-db17-4b46-b893-e1841b43896f,Abah Yuda,https://play-lh.googleusercontent.com/a/ACg8ocKMxADAewEY8xmmo0OBcA_2C4qfD_uZLI2IGCb3DJZaN_oYMQ=mo,""saya kecewa terhadap alfa sekarang, saya belanja produk yg bernilai 38.900 dari bandrol harga yg tertera di rak, setelah saya melakukan transaksi dan pergi dari store itu dilihat dari struk belanja harga berubah menjadi 47.900 bagaimana pihak anda menjelaskan tentang ini? dan ini bukan pertama kalo saya belanja di alfa trus harga nya suka berubah jauh dri bandrol harga yg di publish kan."",2,1,4.47.1,2026-03-12 13:54:41,""Hai, Kak. Mohon maaf atas ketidaknyamanannya. Kami akan bantu cek perbedaan harga ini. Kakak dapat menghubungi Shalma melalui DM Instagram Alfagift dengan melampirkan kode #3467720 agar dibantu pengecekan.😊^ts"",2026-03-13 05:12:04,4.47.1";
"7db553b4-5643-4144-adaa-47bee357943c,Siti Rahayu,https://play-lh.googleusercontent.com/a-/ALV-UjUeWmJSJKQknC-h3xpIaAGyq0TmDhFR0MfNe-_v-sl2L5cTrsIw,""Bagaimana kelanjutan permasalahan saya? Kenapa tidak ditangani kerugian saya? Padahal peraturan anda, jika customer tidak dapat struk maka belanjaan gratis (nyata nya belanjaan saya tidak gratis) Selanjutnya struk yang saya minta sudah dikirim oleh anda namun dalam struk tsb ada belanjaan yang tdk saya beli Selanjutnya saya mengalami kerugian atas poin Alfagift saya yang tidak bertambah & 1 stamp utama saya tidak bertambah, dimana yang seharusnya jika sesuai struk saya mendapatkan hak itu"",1,1,4.47.1,2026-04-13 02:38:36,""Hai, Kak. Mohon maaf atas ketidaknyamanan terkait kendala struk dan e-receipt. Kami sangat menyesalkan kendala respon yang Kakak alami. Kakak dapat menghubungi Shalma melalui DM Instagram Alfagift dengan melampirkan kode #3589787 agar dibantu pengecekan. 😊^ts"",2026-04-07 08:46:15,4.47.1";
"68cb6df3-532f-444b-b07d-7f1452ca21a0,L,https://play-lh.googleusercontent.com/a/ACg8ocLnoj4G56FXK0EJUjqb6y2kc08QYgNyCWFEzImzvXO75eSmsA=mo,donlot apus donlot apus!!! kenapa harus ada maksimal kode otp 3x mana susah bgt masuknya gak bisa bisa kecewa udahlah apus lagi aja.. email yg di gunakan udah di pake mau masuk lagi masukin email malah keluar waktunya keburu abis karna maks kode otp 3x padahal gagalan terus,1,1,4.47.1,2026-03-16 20:28:04,""Hai, Kak. Mohon maaf atas kendalanya. Jika Kakak mengalami kesulitan terkait OTP dan limit percobaan, serta email yang sudah terdaftar, Kakak dapat menghubungi Shalma melalui DM Instagram Alfagift dengan melampirkan kode #3489275 agar dibantu pengecekan 😥^ts"",2026-03-17 02:41:00,4.47.1";
"ee1fbae1-dfb8-412f-a564-2e21b5a38068,Doni Martien,https://play-lh.googleusercontent.com/a/ACg8ocKWPvQkEis0MHevFISlrnRf_u8uwrleqMNSAD09D6GxX0xW=mo,""Sudah Bayar Via Transfer Antar Bank , namun status di aplikasi masih menunggu pembayaran .. biasanya langsung aja ini kok semakin lambat yaa .. saya sudah pengaduan via cs aplikasi ..mohon konfirmasinya .."",1,0,4.47.1,2026-04-06 11:33:55,""Hai, Kak. Mohon maaf atas ketidaknyamanan terkait status pembayaran yang belum terupdate. Kami akan bantu cek kendala tersebut. Kakak dapat menghubungi Shalma melalui DM Instagram Alfagift dengan melampirkan kode #3586393 agar dibantu pengecekan. 😊^ts"",2026-04-06 11:44:01,4.47.1";
"18d9f86a-bac2-4c97-9029-872fe4e3c64d,Ramli,https://play-lh.googleusercontent.com/a-/ALV-UjWiBT7z7qi_NpknaU6t79B-kH0U2NxcvsYtuZ-rj2yO-FfIa1xZ,Sangat mengecewakan. Sy telah memesan via Alfagift lalu sy konfirmasi via chat aplikasi ke admin Toko tp tdk direspon lalu admin merespon 3 hr setelahnya lalu sy membatalkan pesanan di aplikasi dan telah menerima email pemberitahuan bahwa dana akan dikembalikan dlm waktu 7 hr kerja tapi ternyata admin Toko tetap menyelesaiakan pesanan sy padahal sy tidak menerima barang tersebut. Dan sampai saat ini sudah lebih dr 2x7 hr kerja tp uang sy belum dikembalikan. sy pelanggan predikat crazy rich di AG,1,0,4.47.1,2026-04-07 12:29:54,""Hai, Kak. Mohon maaf atas ketidaknyamanan yang Kakak alami. Untuk penelusuran lebih lanjut terkait pengiriman dan pengembalian dana Alfagift, Kakak dapat menghubungi Shalma melalui DM Instagram Alfagift dengan melampirkan kode #3590797 agar dibantu pengecekan. 😊 ^pnj"",2026-04-07 17:15:06,4.47.1";
"d16afda2-ba35-41c6-a19f-7c58d03e2e43,Alfiyani Nurohmah,https://play-lh.googleusercontent.com/a-/ALV-UjXxQXzgM38Q_qHgCrhiUeF7ZcewDt6g8H5AgJBIECOnxPOb-k_kBQ,""buat semuanya bagus cuman mungkin bisa ditambahin maps buat pengantaran nya gitu kek biar kita tau driver nya di mana, karna kadang pas gak di tungguin walaupun emang iya udh ada pemberitahuan tiba tiba sampe dan posisi lagi dibelakang atau gimana nah pas ditungguin bisa set jam sampe sejam dari pemberitahuan baru sampe , itu aja sih paling"",4,1,4.47.1,2026-03-21 06:07:12,""Hai, Kak. Terima kasih atas masukannya terkait fitur maps untuk pengantaran. Akan kami teruskan sebagai bahan evaluasi agar pengalaman berbelanja Kakak semakin nyaman. 😊^Ynaa"",2026-03-21 07:59:41,4.47.1";
"255f6631-d076-4ad7-bffe-b41f885d35c8,Were Impersonated,https://play-lh.googleusercontent.com/a-/ALV-UjUdnE4Pi-PRUu-oZ2WeKZBuo21wiH5A2DzhSkGFCk7opwtgyro,Saya lebih suka pake yg versi web di pc. Bdw barang2 yg ada diskon (potongan belanjanya) pas dimasukin ke charts suka error.. jd gak bisa checkout 😭. List barang berikut promo harganya belum sepenuhnya diupdate kah?,3,6,4.47.1,2026-03-30 07:15:18,""Hai, Kak. Maaf banget atas kendala yang terjadi. Jika masih terjadi kendala, Kakak dapat menghubungi Shalma melalui DM Instagram Alfagift dengan melampirkan kode Tiket #3549216 agar dibantu pengecekan. Kejadian ini akan Shalma jadikan evaluasi untuk lebih baik lagi. Terima kasih :) ^ds"",2026-03-30 07:23:47,4.47.1";
"eaa4a923-323a-49cf-a893-a85353b560f5,Nita Patricia,https://play-lh.googleusercontent.com/a-/ALV-UjVg8hZqvQ2h5_6e6Z9v85XxC7E4MGd8a7aYq3mivSN2CWJAFA-D,""saya mau tanya, untuk sistem poin itu hanya bisa bertambah jika sinyal aman kah? soalnya ini udah mau 3×24 jam tpi poin saya tidak masuk², memang untuk data saya matikan jika saya sedang main game, dan saya nyalakan hanya saat saya butuh saja (apa ini yg buat poinnya itu ga masuk²? atau emang ada kendala di sistem poinnya? makasih)"",3,0,4.47.1,2026-03-24 02:12:42,""Hai, Kak. Mohon maaf atas ketidaknyamanannya. Poin seharusnya masuk otomatis setelah transaksi selesai. Jika sudah 3x24 jam poin belum juga bertambah, Kakak dapat menghubungi Shalma melalui DM Instagram Alfagift dengan melampirkan kode #3520335 agar dibantu pengecekan. 😊^ts"",2026-03-24 03:27:07,4.47.1";
"c182fbc2-2f29-4bc2-9081-fd837460c6a7,Desi Sari,https://play-lh.googleusercontent.com/a/ACg8ocICTwvijMWJLK3wvqobETuthSQqjoYE9M5Ts1IXJ7hLo2UcPw=mo,""pelayanannya buruk bngt semakin kesini,saya pesen susu bayi buat anak saya pilih yg 1 jam setelah pembayaran tapi udah 2 jam nggk dianter2 mending nggk usah dibikin pilihan pengantaran deh mengecewakan bngt,udah beberapa kali pesen selalu kaya gitu. Padahal selalu belanja bulanan disini"",1,1,4.47.1,2026-03-30 06:59:55,""Hai, Kak Desi. Maaf banget atas kendala yang terjadi. Jika masih terjadi kendala, Kakak dapat menghubungi Shalma melalui DM Instagram Alfagift dengan melampirkan kode Tiket #3549147 agar dibantu pengecekan. Kejadian ini akan Shalma jadikan evaluasi untuk lebih baik lagi. Terima kasih :) ^ds"",2026-03-30 07:20:27,4.47.1";
"2cec9478-d3df-4013-8d1f-967d1104f028,Mawardii 96,https://play-lh.googleusercontent.com/a-/ALV-UjWNVJSL2kLpe9lR8P-tM7zPQAijWYTTT6sX8oql31xC76nElSs,""tolong dong untuk pembelian yg deket banget paling 1 km an,kurangin minimal belanja nya jangan 50k,ya 20 atau 25 ribu .. Olshop aja dr Jkt ke Pwt bs cuma 5 ribu 🙄👍 terus jg utk pengguna baru, baru daftar mau beli udh gada voucher sm sekali padahal pas event 4.4 🤔 gimana ini ?"",2,0,4.47.1,2026-04-04 18:18:25,""Hai, Kak, Mawardi. Silahkan gunakan metode pembayaran lainnya selain COD ya. Bebas ongkir dengan belanja minimal Rp 1,- :) ^ds"",2026-04-05 03:12:58,4.47.1";
"a4c2fc0b-6f8a-44f3-a2aa-f821775eac26,Kina Ajah,https://play-lh.googleusercontent.com/a/ACg8ocI443BI6qF3iFuUinjP1G325A9-EmmHj1WW_UFaSTta71QYHQ=mo,""kendala saat login sudah memasukkan nomer member atau nomer hp otomatis langsung dapat chat wa link verifikasi dari alfagift untuk konfirmasi verifikasi nya tapi malah selalu gagal berulang saya lakukan sampai gagal 5 kali dan sudah ga bisa lagi di karenakan batas maksimal login verifikasi cuma 5 kali dan harus mencoba nya besok lagi,tolong dong di perbaiki lagi sistem nya atau mau saya viralin ke sosmed"",1,0,4.46.0,2026-03-29 23:26:09,""Hai, Kak Kina. Maaf banget atas kendala yang terjadi. Jika masih terjadi kendala, Kakak dapat menghubungi Shalma melalui DM Instagram Alfagift dengan melampirkan kode Tiket #3547492 agar dibantu pengecekan. Kejadian ini akan Shalma jadikan evaluasi untuk lebih baik lagi. Terima kasih :) ^ds"",2026-03-30 02:05:36,4.46.0";
d5b996a4-710f-43fb-a839-45a2d43b7220,Riztan Semarang chanel,https://play-lh.googleusercontent.com/a/ACg8ocLnY-mWu3L05dsay5ckQ2LpiVQ06O_6ImfT1hFUbVv3nta53A=mo,3 tahun saya menggunakan aplikasi ini lebih tepatnya dari 2023 lalu. Alhamdulillah aplikasi ini sangat bagus dan terbaik! tetap gratis ongkir ya alfagift. Saya seorang tunanetra dan saya sangat terbantu dengan aplikasi ini. kurir di wilayah saya Semarang Utara juga pada ramah-ramah.,5,1,4.47.1,2026-03-25 01:01:16,,,4.47.1;
"cea4edab-7ae0-4cd8-ba02-114f70e5d847,Mohammad Ar rosyid,https://play-lh.googleusercontent.com/a/ACg8ocKZaI9G6Kaa4o0pZNrWdu7KVFQYmuGXOyi3qIPMNrFWbkDdaw=mo,""mau belanja malah gak bisa lihat tampilan produk keranjang belanja padahal koneksi internet bagus,,tambahan ku balas pesan malah dianggap penundaan pembeli yang minta,,beli 8 item ada produk item yang kelupaan"",2,0,4.47.1,2026-03-29 03:37:16,""Hai Kak, mohon maaf atas ketidaknyamanan yang dialami. Kami terus berupaya meningkatkan kualitas layanan agar lebih baik. Terkait dengan kendala yang Kakak alami, mohon bantu kirimkan detail kendala melalui DM ke IG @Alfamart/@Alfagift_idn atau pusat bantuan Alfagift dengan kode #3543822. Terima kasih😊️ ^rsf"",2026-03-29 06:11:55,4.47.1";
"a4c2b60b-8635-4641-889b-c0693aeea351,Rena Fridayana,https://play-lh.googleusercontent.com/a-/ALV-UjXLkRpmcZafMji4Keen8wvwsGVzvMstQSaUyAZ-P1cxKSz5Tb4,""ini gimana sih pelayanannya, pesan dari jam 11 siang hingga jam 5 sore ga sampai2. orang kan butuh ya. percuma di adain layanan customer service kalo ga guna gtu. isinya cuma bot tolong dong di perbaiki lagi sistemnya. bikin kecewa customer saja"",1,0,4.47.1,2026-04-04 09:28:55,""Hai Kak, mohon maaf atas ketidaknyamanan yang dialami. Kami terus berupaya meningkatkan kualitas layanan agar lebih baik. Terkait dengan kendala yang Kakak alami, mohon bantu kirim nomor pesanan & detail kendala via DM ke IG @Alfamart/@Alfagift_idn atau pusat bantuan Alfagift dengan kode #3575299. Terima kasih ^raf"",2026-04-04 10:30:47,4.47.1";
"f9355e29-53a9-4d78-8580-2efaa5a6b426,Nurul rafiqoh lubis,https://play-lh.googleusercontent.com/a-/ALV-UjUrgTCpmxV3wG9d8VQsUCLM9I8lMy9gU3_oCD5MkIOxuuKJ0NLa,""tertera pesanan diatas jam 9 malam dikirim besok, saya dua kali pesan sebelum jam 9 malah dikirim besok juga, alesanya pembeli tidak ada di lokasi,saya tanya di chat ga di bales,saya tlpon nomornya gabisa untuk tlpon,bad bgt sih"",1,0,4.47.1,2026-04-10 14:08:25,""Hai, Kak. Mohon maaf atas ketidaknyamanan terkait kendala pengiriman pesanan Kakak. Kami akan bantu periksa kendala tersebut lebih lanjut. Kakak dapat menghubungi Shalma melalui DM Instagram Alfagift dengan melampirkan kode #3604960 agar dibantu pengecekan. ☹️^ts"",2026-04-11 03:20:01,4.47.1";
"ffffb50e-298d-49fb-b9b8-5f3a773d7d1e,Merry Junita,https://play-lh.googleusercontent.com/a-/ALV-UjUHl4fBMAbXgR9LskAPTRkr_baK9SM6iX-KcoLWkpjba5iQKXkw,aplikasi nya bagus sangat membantu untuk ibuk* yang punya bayi. cuma jangan sering keluar sendiri dong susah buat masuk lagi. apalagi nomor HP ny udah ngakk ad lagii. 😩😩 mohon kira ny bisa masuk lewat email 🙏🙏 sayang poin ku di nomor lama masih bnyakk 😥,4,0,4.47.1,2026-04-05 16:09:29,""Hai, Kak. Mohon maaf atas kendala akses akunnya. Saat ini login Alfagift wajib menggunakan nomor HP yang terdaftar. Kakak dapat menghubungi Shalma melalui DM Instagram Alfagift dengan melampirkan kode #3582731 agar dibantu pengecekan. 😊^Fini"",2026-04-06 04:50:16,4.47.1";
"5eeb50b7-25f1-4367-87a9-1c9419db40c6,‫مُحَمَّدْنُورُالْاِيمَانْ (‪Iman‬‏)‬‎,https://play-lh.googleusercontent.com/a-/ALV-UjXrXnq6AOH9infpGQ1fARMviH2zd0VdMdghc54mcMa2OtfxfOs,""selamat siang. maaf, mau tanya. saya download, dan daftar akun alfagift semalam. dan siang ini saya baru mencoba menggunakan untuk belanjan. setelah selesai, bembayaran sudah selesai, tiba"""" saya diminta untuk masuk ulang. ketika saya mau masuk ulang, malah tidak bisa. itu kenapa ya?"",3,0,4.47.1,2026-03-28 06:30:48,""Hai, Kak Iman. Maaf banget atas kendala yang terjadi. Jika masih terjadi kendala, Kakak dapat menghubungi Shalma melalui DM Instagram Alfagift dengan melampirkan kode #3540298 agar dibantu pengecekan. Kejadian ini akan Shalma jadikan evaluasi untuk lebih baik lagi. Terima kasih :) ^ds"",2026-03-28 06:39:31,4.47.1";
"000be125-8bc5-4dcd-80a9-4ec4138e4a34,Mariance Panjaitan,https://play-lh.googleusercontent.com/a/ACg8ocLZQd9S18A-BsBTvRt57vz1POkmNKc26Y0LIyy8N6MHTUv5jw=mo,""kenapa galon isi ulang nya kosong terus²an dah. Padahal kalo ke store ada banyak stok nyaa. Biasanya saya beli lemin tapi karna keseringan kosong, saya beralih ke aqua, eh sekarang aqua pun ikut²an kosong terus stok nya"",2,0,4.46.0,2026-03-25 05:06:41,""Hai, Kak. Mohon maaf atas ketidaknyamanannya terkait stok galon isi ulang yang sering kosong. Kakak dapat menghubungi Shalma melalui DM Instagram Alfagift dengan melampirkan kode #3525565 agar dibantu pengecekan. 😊^kip"",2026-03-25 06:01:04,4.46.0";
"e1981164-e626-4f73-b897-49c97b60d51c,K&a channel,https://play-lh.googleusercontent.com/a/ACg8ocJU_UdWWihVMVecfQTWvaxKQSAhfmC25tnu7fd6-Jmcs8NzHg=mo,""gk ada fitur komplain. chat di aplikasi dibaca doank gk di bales.. pesen apa yg dikirim apa. udh chat bantuan juga gk ada tanggepan.. update, pesen galon smpe jam 10 malem gk dikirim2. status pengantaran mulu. gk ada pemberitahuan apapun... bintang satu aja ya.."",1,1,4.47.1,2026-03-20 14:31:33,""Hai, Kak. Mohon maaf atas ketidaknyamanan terkait pesanan yang tidak sesuai serta respon chat kami. Kami akan terus meningkatkan kualitas layanan bantuan aplikasi. Kakak dapat menghubungi Shalma melalui DM Instagram Alfagift dengan melampirkan kode #3393313 agar dibantu pengecekan. 😊"",2026-02-28 01:32:57,4.47.1";
"a6d89303-cdcd-406c-a942-98a581d984d0,Deva Septiani,https://play-lh.googleusercontent.com/a-/ALV-UjVRoPAamojkVQP2QmWoCVwyYZUu_DKBmZTLVEkmU-XJhoeAkUtJ,""jarak toko ke rumah 4 menit, pesen jam 8, ditanya dikirim jam berapa jawabnya sedang proses pengiriman, ditunggu sampe jam 9 belum jga nyampe, dichat lagi buat confirm dikirim jam berapa gak dibales, jam 10 malem baru nyampe, mana berisik banget ketok2 pintu, padahal udh dichat tunggu dulu sebentar."",1,0,4.47.1,2026-03-30 03:50:17,""Hai, Kak Deva. Maaf banget atas kendala yang terjadi. Jika masih terjadi kendala, Kakak dapat menghubungi Shalma melalui DM Instagram Alfagift dengan melampirkan kode Tiket #3548317 agar dibantu pengecekan. Kejadian ini akan Shalma jadikan evaluasi untuk lebih baik lagi. Terima kasih :) ^ds"",2026-03-30 04:40:57,4.47.1";
"3e37de43-7696-4dbf-97a1-ce0112212dd4,Loko Joyo,https://play-lh.googleusercontent.com/a-/ALV-UjUklpF1XcdKzzx6g8-F8cIyZGW7GwiSP1g9D0q9y6wJT4od2U4,""sebaiknya kalo gak bs menjanjikan 1 jam sampai sejak order, dibuang saja. konsumen bth kepastian, order jam 16.00 sampai pukul 18.15 wib blm ada kejelasan, pantas saja untuk pengiriman tdk begitu laku karena layanannya yang buruk !!!"",1,0,4.47.1,2026-04-12 11:16:43,""Hai, Kak. Mohon maaf atas ketidaknyamanan terkait keterlambatan pengiriman pesanan Kakak. Kami sangat menyesal atas pengalaman kurang menyenangkan ini. Kakak dapat menghubungi Shalma melalui DM Instagram Alfagift dengan melampirkan kode #3613526 agar dibantu pengecekan. ☹️^Fini"",2026-04-12 11:25:37,4.47.1";
"526b3eb6-afb6-49a7-ac4a-f3f035234e37,shofi IH,https://play-lh.googleusercontent.com/a-/ALV-UjVYpz8EQkDqKcEPNCoXm1JaiNAAw-DqVSmp6CbbyqMP5F8eVSai,""Pengiriman terlalu lama , bisa chat store tapi percuma karena tidak ada respon dari toko malah disconnect , infonya keluhan bisa DM ke IG official account tapi sama aja tidak ada respon yang berarti , pengajuan pengembaliaan dana di tolak , karena dari store tidak update proses di aplikasi , aplikasi yang belum bisa diimbangi oleh SDM yang ada"",1,1,4.47.1,2026-04-10 11:00:25,""Hai, Kak. Mohon maaf atas kendala pengiriman dan layanan toko yang kurang responsif. Kami akan bantu tindak lanjuti kendala pengembalian dana Kakak. Kakak dapat menghubungi Shalma melalui DM Instagram Alfagift dengan melampirkan kode #3603962 agar dibantu pengecekan. ☹️^ts"",2026-04-10 11:06:43,4.47.1";
"32da1774-e35b-4be0-a9c7-f159b809f90f,Nuriya Ramadhan,https://play-lh.googleusercontent.com/a/ACg8ocKj_ft5qNvnV2Py2_yCcTEoJOew703Yvb7DIyW50z9jAqLh8g=mo,""tlong ditingkat lagi untuk kurir Alfa gift Pangeran Emir Noer di bandar Lampung, pesen malem tapi nympe malem nya lagi belum di kirim-kirim. di aplikasi TDK bisa ajukan pengembalian dana karena barang sudah di proses/ krim. tapi nyatanya belum nympe ke tangan customer."",2,0,4.47.1,2026-03-25 12:10:50,""Hai, Kak. Mohon maaf atas kendala yang terjadi. Kakak dapat menghubungi Shalma melalui DM Instagram Alfagift dengan melampirkan kode #3527461 agar dibantu pengecekan.🙏^kip"",2026-03-25 16:35:55,4.47.1";
"19e6bef5-0715-4930-ad0c-55fb74d83429,Ratih Wulandari,https://play-lh.googleusercontent.com/a-/ALV-UjWwVjM3TPsMesb-_uVyfsYr5y3lO26U9xpqU8aXD-AcQxTKcIaa,""dulu alfagift jadi andalan untuk belanja, sekarang mah pengiriman lama dan cd-nya GK fast respon... ada stok barang kosong biasanya wa untuk barang yg ada dikirim dan sisanya akan di refund langsung oleh toko. sekarang mah ada yg kosong main cancel aja dan refound dana harus melalui cs email yg lama bgt.. ini aja dana belom balik"""" padahal udh 3 hari di cancel toko... cs email GK respon dan cs toko lebih parah cuma di read aja.. kecewa udh, jadi kapok pake alfagift"",1,0,4.47.1,2026-03-16 03:42:46,""Hai, Kak. Mohon maaf atas kendala yang dialami. Terkait refund dana yang belum diterima, tentu akan kami bantu tindak lanjuti. Kakak dapat menghubungi Shalma melalui DM Instagram Alfagift dengan melampirkan kode #3485197 agar dibantu pengecekan.😊^Ynaa"",2026-03-16 04:42:26,4.47.1";
"fb8c5f6b-09c1-48ec-abf6-633aad0f97af,Dian Lestari,https://play-lh.googleusercontent.com/a-/ALV-UjXRAm-EVBsny0epsmgzewQJdq2QOLfvd1OAnuV20ovB818iXnrE2g,Kembalian yg ga bisa kalian penuhi haknya buat customer mungkin udah bisa buat berangkat umroh kalo dikumpulin mah. Apa susahnya sih mbuletin harga kalo emg ga bisa kasih kembalian sesuai nominal? Barang 100 perak kalian tagih suru bayar. Tapi kembalian kami kalian suru buat donasi. Kan ngeheee banget!,1,0,4.47.1,2026-04-02 04:14:27,""Hai, Kak Dian. Maaf banget atas kendala yang terjadi. Jika masih terjadi kendala, Kakak dapat menghubungi Shalma melalui DM Instagram Alfagift dengan melampirkan kode Tiket #3564301 agar dibantu pengecekan. Kejadian ini akan Shalma jadikan evaluasi untuk lebih baik lagi. Terima kasih :) ^ds"",2026-04-02 04:23:05,4.47.1";
"0aca5023-6a66-437d-9b3c-59a010ad95b9,ratna 331,https://play-lh.googleusercontent.com/a-/ALV-UjXxezraxzxnABnyMS1leQ6vZCC4Sh6y4bDoIUJZ2-QvzhtZXDoc,""refund dana lama, lebih dari 7 hari. kek gw yg punya hutang sm nih alfagift. pihak gudang dan toko tidak koordinasi dgn baik, yg di salahin pelanggan. padahal dari awal sdh di cancel (otomatis cancel semua), tiba2 dari gudang nganterin tuh barang. gak recomend"",1,0,4.47.1,2026-04-01 11:44:06,,,4.47.1";
"6c0d7261-4dbb-450e-b9ee-aa215a5765d0,sinta,https://play-lh.googleusercontent.com/a-/ALV-UjXGUSoDMtzUGyyeRzlWdMWS-5rR0xqWut7wVBtoOXVAmW-mUdICAw,""kenapa sih setiap beli udh di tungguin lama tbtb malah """"pembeli minta penundaan pengiriman"""" padahal jelas"""" kurir blm sampai, saya tunggu di depan udh lama. kalau yg dibutuhkan barang urgent bagaimana?? ga cuma sekali dua kali kaya bgini, kalo semisal emang gabisa langsung antar kan bisa di chat konfirm kalau dianter nanti."",2,0,4.47.1,2026-03-20 04:15:19,""Hai, Kak. Mohon maaf atas kendala yang terjadi. Untuk pengecekan lebih lanjut terkait status pesanan, Kakak dapat menghubungi Shalma melalui DM Instagram Alfagift dengan melampirkan kode #3505392 agar dibantu pengecekan.😊^ts"",2026-03-20 03:42:34,4.47.1";
"519bfae7-76d3-4e7e-875b-1cd5cc3f989f,dinari Lutfiyani,https://play-lh.googleusercontent.com/a-/ALV-UjUT2eEdcO8BxuXxqmF95inWCtACZTuIo5scIKbgS_LiPtEwCgYl,gunanya disuruh milih jam pengiriman apa ya? kita udah menyesuaikan kebutuhan kita atau kadang mau pergi tapi pengirimannya tidak pernah sesuai jam yang dipilih!!!,1,0,4.47.1,2026-04-03 04:40:33,""Hai, Kak. Mohon maaf atas ketidaknyamanan pengiriman Alfagift yang lambat dan kurang responsif. Kami akan terus berupaya meningkatkan layanan pengiriman agar pengalaman belanja Kakak menjadi lebih baik lagi ke depannya. 🙏^rsf"",2026-04-03 08:02:46,4.47.1";
"271af586-9539-4ec6-a178-02a212e7b938,pungs trisya,https://play-lh.googleusercontent.com/a/ACg8ocKkcj_BWZGlsUhhrUTJHxEeofSMrFBxRmtTvpY6EytvHeeRIA=mo,""gak bisa delivery lagi karna alamat dibilang tidak terjangkau padahal kemarin bisa-bisa aja wkwkwk jelek 7-Apr-2026: dan terjadi lagi wkwkwk alamat tidak terjangkau lagi padahal kemarin bisa. masa iya di pusat kota dan banyak alfamart gini dibilang tidak terjangkau, aplikasi jelek."",1,0,4.47.1,2026-04-07 04:20:16,""Hai, Kak. Maaf banget atas kendala yang terjadi. Jika masih terjadi kendala, Kakak dapat menghubungi Shalma melalui DM Instagram Alfagift dengan melampirkan kode Tiket #3588733 agar dibantu pengecekan. Kejadian ini akan Shalma jadikan evaluasi untuk lebih baik lagi. Terima kasih :) ^ds"",2026-04-07 04:26:23,4.47.1";
"a7c34e5d-8256-4487-b8a3-386827ea77a2,Amirah Aulia Fitri,https://play-lh.googleusercontent.com/a-/ALV-UjVyLyL5SfMo-0zOKRWgDIfdhaSCCWSi_EUXIGJ8W_v2UkOAe187,""bagus banget aplikasi nya, harganya juga gak jauh dari yang di toko, yang lebih penting free ongkir meskipun beli cuma puluhan ribu hihihi sukses terus alfagift"",5,0,4.47.1,2026-03-19 14:10:29,""Hai, Kak. Senang sekali mendengar Kakak puas dengan aplikasi Alfagift! Kami akan terus berupaya memberikan yang terbaik untuk pengalaman belanja Kakak. Terima kasih atas dukungannya! 👍^Ynaa"",2026-03-20 04:09:23,4.47.1";
"198a546f-ec23-4500-8959-ea5f1438856c,MeliAna 2105,https://play-lh.googleusercontent.com/a-/ALV-UjV9Sd-bB5pjMRwE0qDvvJA0iaArGPTpEfiO2oWjWqlxob7Azvto,apk kurang proper. saya nukerin stamp alfa buat blind box ganci nya tapi belum diambil ke toko nya baru mau dituker udah ilang stamp nya. belum dipakai tapi ada notif udah di reedem stamp nya juga ilang 20. kenapa bisa gitu. kenapa tiba tiba ilang. padahal banyak itu 20 stamp. 20 stamp itu banyak loh masa tiba tiba ilang sendiri dan ga dapet apa apa. tolong kebijaksanaan nya ya karna kan dapet stamp juga dari duit hasil belanja. penanganan komplain juga buruk,1,1,4.47.1,2026-03-19 15:52:35,""Hai, Kak. Mohon maaf atas kendala yang terjadi. Terkait stamp yang hilang, Kakak dapat menghubungi Shalma melalui DM Instagram Alfagift dengan melampirkan kode #3504274 agar dibantu pengecekan.😊^Ynaa"",2026-03-20 03:38:23,4.47.1";
"840ba0c3-0daf-42c4-ac6b-70958e0ea58f,sigit mx,https://play-lh.googleusercontent.com/a/ACg8ocKoiHDUhlGaulM5Ff_-j4RteCNLnbtyq4z4C6J2uROrsIXzGh4=mo,""baru pertama pake sudah dibikin kecewa, pesanan 4 hari belum dikirim. tidak ada kejelasan. mau hubungi cs harus nunggu antrian 1-2 hari. chat toko responnya lama. aplikasinya sih bagus, tapi pelayanannya masih jauh."",1,0,4.47.1,2026-03-24 01:40:34,""Hai, Kak. Mohon maaf atas ketidaknyamanan terkait pesanan yang belum sampai dan kendala layanan CS. Kami akan bantu tindak lanjuti kendala ini. Kakak dapat menghubungi Shalma melalui DM Instagram Alfagift dengan melampirkan kode #3520227 agar dibantu pengecekan. 🙏^ts"",2026-03-24 01:58:54,4.47.1";
"d31c72e1-e952-42f2-8406-0f9733055548,Diana Sindi Andari,https://play-lh.googleusercontent.com/a/ACg8ocLfGKphsGSfV6il_uq3lFrMR9KTK_ZIpSyLKfN7kBEFxRGWxQ=mo,makin aneh alfagift padahal di aplikasi nya barang nya ada dan harga nya murah ketika ke Alfamart nya langsung eehh harganya beda dan mahal pula hadeeh udah capek capek jalan dari rumah ke Alfamart tapi barang nya mahal uuh...,1,0,4.47.1,2026-04-11 15:51:31,""Hai, Kak. Kami mohon maaf atas kendala perbedaan harga tersebut. Hal ini dikarenakan kebijakan harga promo di Alfagift dan toko fisik bisa berbeda. Kakak dapat menghubungi Shalma melalui DM Instagram Alfagift dengan melampirkan kode #3609443 agar dibantu pengecekan. 🙏^rsf"",2026-04-12 03:02:12,4.47.1";
"ab3a47c0-6003-4e23-867c-366b025750db,Angga wijaya,https://play-lh.googleusercontent.com/a-/ALV-UjUgKa7HetZo84HUmUlx6n-F3odAcvpIlnUmbK4MHGPP67Am38pn,""Sangat Kecewa dengan pengiriman nya, sudah beberapa kali orderan saya baru dikirim setelah lebih dari 24 jam, padahal jarak toko dan rumah tidak terlalu jauh"",1,0,4.47.1,2026-04-02 06:14:44,""Hai, Kak Angga. Maaf banget atas kendala yang terjadi. Jika masih terjadi kendala, Kakak dapat menghubungi Shalma melalui DM Instagram Alfagift dengan melampirkan kode #3564818 agar dibantu pengecekan. Kejadian ini akan Shalma jadikan evaluasi untuk lebih baik lagi. Terima kasih :) ^ds"",2026-04-02 07:26:10,4.47.1";
"e3d0f2b7-b7d6-4e28-9ac3-b8da4c72d154,devi santosa,https://play-lh.googleusercontent.com/a-/ALV-UjV8cvXwsXXK49ss-U4xYVRnzOtNhIi0uVqeo_lkhSswA0fdpi3m,""kurir bermasalah malah reportnya pembeli tdk ada ditempat. refund juga ditolak, emang aplikasi niat maling sih. mending belanja ke indomart lebih aman bisa COD tanpa resiko dana dimaling."",1,2,4.47.1,2026-03-20 21:49:53,""Hai, Kak. Mohon maaf atas kendala yang terjadi. Agar dibantu pengecekan terkait kurir dan refund, Kakak dapat menghubungi Shalma melalui DM Instagram Alfagift dengan melampirkan kode #3509045 🙏^ts"",2026-03-21 04:17:24,4.47.1";
"36a2f64d-537f-44ea-8fe7-f4dcc423b9e9,Cahlia Kurnia,https://play-lh.googleusercontent.com/a-/ALV-UjV5gU6OfqX702vvJKNpFLVaIeX78pR2D5LxzAx5B0T7VAVsw3Fb,""awal awal install pengirimannya cepat dan responnya cepat. eh akhir akhir ini dari mulai bulan ramadhan sampai sekarang cuma ada pilihan waktu 20.00 - 22.00. udah malem bgt ditunggu tunggu ga dateng dateng. begitupun milih waktu pagi, sama aja ga dikirim kirim. tolong dong kembali seperti awal jgn begini lagi"",1,1,4.47.1,2026-04-09 13:32:13,""Hai, Kak. Mohon maaf atas ketidaknyamanan yang Kakak alami. Kejadian ini akan Shalma jadikan evaluasi untuk lebih baik lagi, Shalma akan terus berusaha meningkatkan kualitas layanan Alfagift agar selalu memberikan yang terbaik untuk Kakak. 😊 ^pnj"",2026-04-09 23:03:55,4.47.1";
"c5408be6-da4f-4077-b9b7-59166ffbe7d4,F. Huang,https://play-lh.googleusercontent.com/a/ACg8ocLaDaybqFgRzsbhMEe6uHdNTWcjL3d503cSDJdBKurE_E7y1Q=mo,Sejak pesanan dikirim dr Sukarame ke Jatimulyo - Lampung kurirnya tidak menjalankan SOPnya. Pesanan dikirim ke lokasi lain bukan ke tempat saya tp saat di chat di aplikasi tidak ada respon dan diselesaikan dari Alfa BUKAN saya yg memverifikasi pesanan sy yg terima.,1,16,4.47.1,2026-04-05 13:29:56,""Hai, Kak. Mohon maaf atas ketidaknyamanan terkait kendala pengiriman pesanan Kakak. Kami akan segera melakukan evaluasi agar layanan pengantaran lebih baik lagi. Kakak dapat menghubungi Shalma melalui DM Instagram Alfagift dengan melampirkan kode #3581972 agar dibantu pengecekan. 🙏^Fini"",2026-04-06 05:16:33,4.47.1";
"8f76f93c-b9af-4126-bd82-24dbe72ee6bc,denia ratna,https://play-lh.googleusercontent.com/a/ACg8ocIDOFubXTMKwcw2VOA9LK0hHkEI-uZnjCJ-99gPSawzpDQHKw=mo,""pengiriman sangat lambat, tidak komitmen, dikirim jauh melampaui opsi waktu yabg ditawarkan dan slowrespon luar biasa. selalu berlasan overload tapi saat pengiriman kurir santai sambil merokok. evaluasi deh"",1,0,4.47.1,2026-04-05 04:32:56,""Hai, Kak Denia. Maaf banget atas kendala yang terjadi. Jika masih terjadi kendala, Kakak dapat menghubungi Shalma melalui DM Instagram Alfagift dengan melampirkan kode Tiket #3579143 agar dibantu pengecekan. Kejadian ini akan Shalma jadikan evaluasi untuk lebih baik lagi. Terima kasih :) ^ds"",2026-04-05 07:45:05,4.47.1";
"53466570-6c6d-431c-ab72-6ea746f36a8d,Reza Handi,https://play-lh.googleusercontent.com/a/ACg8ocKkCoNY3QJzCCksjZ8ImGu-xid3zzOMOMolnN42pZHZnzyT3g=mo,perbaiki lagi semua.. aplikasi ruasak udah di pasarin.. chat admin yang balas AI banyak pelanggan yang kecewa ... top up dana sistem eror malah kita yang rugi duit ngga bisa balik .. chat admin yang bales komputer aplikasi parah busuk KECEWA!!!,1,0,4.47.1,2026-03-29 07:10:17,""Hai Kak, mohon maaf atas ketidaknyamanan yang dialami. Kami terus berupaya meningkatkan kualitas layanan agar lebih baik. Terkait dengan kendala yang Kakak alami, mohon bantu kirimkan detail kendala melalui DM ke IG @Alfamart/@Alfagift_idn atau pusat bantuan Alfagift dengan kode #3544870. Terima kasih😊️ ^rsf"",2026-03-29 08:50:25,4.47.1";
"5c63cc0f-53ac-4729-9a85-94b571d97890,Iyus,https://play-lh.googleusercontent.com/a-/ALV-UjWRJWVIWeulJOr-cv9WA3Cp30mZNGoOnZ6d5JFUIYiWP-9vOALq,""istri saya pesan melalui alfa gift janjinya 1 jam sampai malah sampe sekarang belum dikirim. Karena saya perlu segera akhirnya saya beli di toko lain, jadinya saya rugi beli 2 barang yang sama. Tolong perbaiki layanannya.. Saya sebagai konsumen sangat kecewa!"",1,0,4.47.1,2026-03-23 14:39:39,""Hai, Kak. Mohon maaf atas ketidaknyamanan terkait keterlambatan pengiriman pesanan Kakak. Kami akan melakukan evaluasi agar kendala ini tidak terulang kembali. Kakak dapat menghubungi Shalma melalui DM Instagram Alfagift dengan melampirkan kode #3519356 agar dibantu pengecekan. 🙏^ts"",2026-03-23 16:01:52,4.47.1";
"faa6419a-1c39-46e7-9c95-1a2b044083dc,anggi pramita,https://play-lh.googleusercontent.com/a/ACg8ocIJZpYYITiSLtRiV3efPge5pFOlPZOjoRSmd950AzZ-N-uk-w=mo,sukaaa bgt...udah bertahun² pakai tp msh newbie aja nih hehe tp gpp... pelayanan okee..pengiriman cepat... ada opsi pengiriman tdk lebih dr 1 jam. mantaap... yg lebih sering kasih promo ya,5,0,4.47.1,2026-04-08 06:03:39,""Hai, Kak. Terima kasih banyak atas kesetiaannya menggunakan Alfagift selama bertahun-tahun. Kami sangat senang Kakak puas dengan layanan pengiriman cepat kami. Masukan Kakak mengenai promo akan kami sampaikan ke tim terkait agar ke depannya bisa lebih banyak lagi. Selamat berbelanja kembali! 😊^rsf"",2026-04-08 06:38:38,4.47.1";
"fe51454e-bc35-43de-a268-273de3a16480,Charles Marsello Hersanto,https://play-lh.googleusercontent.com/a-/ALV-UjXM9jA0FAFGWiNCgqQrshPpMvRaZv55m_qIvzTGmUqfOLI8BEI,pengumpulan poin lama dan sedikit tidak seperti dulu. Pin (sandi) tidak pernah dirubah tapi pas penukaran poin di kasir pin-nya tidak valid. Aneh sekali harus reset pin mulu.,1,0,4.47.1,2026-03-21 11:30:34,""Hai, Kak. Mohon maaf atas ketidaknyamanannya terkait poin dan kendala PIN. Untuk pengecekan lebih lanjut terkait kendala ini, Kakak dapat menghubungi Shalma melalui DM Instagram Alfagift dengan melampirkan kode #3510893 agar dibantu pengecekan.😊^ts"",2026-03-21 11:37:18,4.47.1";
"43a43ae3-b309-4d2a-aeda-51537663a003,Asih Yati,https://play-lh.googleusercontent.com/a/ACg8ocJbddl9dgULDe_k2eXvRjC_qxvMW9PR1pOTacCcW9Z8_k90rg=mo,""jelek banget... saya ngajuin refund dari tgl 18 sampai sekarang tgl 31,masih belum balik juga tu dana... parah nya lagi di aplikasi ket pengembalian dana selesai, tp nyata nya ga ada duit masuk di m banking saya... di suruh di DM instgram alfa dngn melampirkan no tiket...sudah sy ikuti... malah 2X ... tp yang jawab selalu robot... niat ga si balikin duit customer... knp harus di persulit... saya bayar alfagift, pk gopay kenapa ga di balikin lg pake gopay.!!!"",3,0,4.47.1,2026-03-31 03:45:58,""Hai, Kak Asih. Maaf banget atas kendala yang terjadi. Jika masih terjadi kendala, Kakak dapat menghubungi Shalma melalui DM Instagram Alfagift dengan melampirkan kode #3553496 agar dibantu pengecekan. Kejadian ini akan Shalma jadikan evaluasi untuk lebih baik lagi. Terima kasih :) ^ds"",2026-03-31 03:31:27,4.47.1";
"d041554e-935d-464b-910e-adf77cb82242,Mey Yanti,https://play-lh.googleusercontent.com/a/ACg8ocJn8A4hEu4gCfgHIe6gQ0zygkCp21pgBRsIhQAWxiOs-pVTZA=mo,""beli lewat aplikasi biar gampang tp sering banget yg dikirim barang kurang di chat ngak bisa pengembalian atau ganti barang ngak bisa jg. udah gitu barang asal aja masukin dlm satu kantong sabun bubuk vs mie jd tercampur semua,"",2,0,4.47.1,2026-04-02 11:36:25,""Hai Kak, mohon maaf atas ketidaknyamanan yang dialami. Kami terus berupaya meningkatkan kualitas layanan agar lebih baik. Terkait dengan kendala yang Kakak alami, mohon bantu kirim nomor pesanan & detail kendala via DM ke IG @Alfamart/@Alfagift_idn atau pusat bantuan Alfagift dengan kode #3566192. Terima kasih ^raf"",2026-04-04 10:58:54,4.47.1";
"7a4c7176-88c5-4ee2-86ee-037fd899213a,Indra Gunawan,https://play-lh.googleusercontent.com/a/ACg8ocLv3gQrIM3DPq7kocqj6PPdjwgyj9HFPHzwzUBk4E3juCJGqw=mo,""makin gk proper utk pemgiriman , belanja jam brp datemg nya jam brp , gk kayak dulu"""" cepet bgt dateng nya sesuai pilihan 1 jam stlh belanja online nya.... utk di depok ( jabar ) tolong nya jgn makin jelek pelayanan pengiriman alfa nya.....😡"",1,0,4.47.1,2026-03-29 22:05:34,""Hai, Kak Indra. Maaf banget atas kendala yang terjadi. Jika masih terjadi kendala, Kakak dapat menghubungi Shalma melalui DM Instagram Alfagift dengan melampirkan kode Tiket #3547408 agar dibantu pengecekan. Kejadian ini akan Shalma jadikan evaluasi untuk lebih baik lagi. Terima kasih :) ^ds"",2026-03-30 02:08:17,4.47.1";
"08a1ca8c-3100-4411-bccb-ff130f0ba510,Danius Panjaitan,https://play-lh.googleusercontent.com/a/ACg8ocLxFzvwco2E8H5AImWcEoeSJJZaxkxI9s7lMoiUvzo1AdpzDQ=mo,""saya pesan C1000 6pcs, tanggal 20 maret, sampai sekarang tanggal 5 April belum ada di kirim, aku chat admin nya, pengiriman dari gudang, emang nya sejauh mana sih itu gudang nya, dari jakarta ya di kirim nya, padahal jarak 1km ada Alfamart, di batalin juga tidak bisa, parah sih, tidak ada penjelasan"",1,0,4.47.1,2026-04-05 05:05:01,""Hai, Kak Danius. Maaf banget atas kendala yang terjadi. Jika masih terjadi kendala, Kakak dapat menghubungi Shalma melalui DM Instagram Alfagift dengan melampirkan kode Tiket #3579286 agar dibantu pengecekan. Kejadian ini akan Shalma jadikan evaluasi untuk lebih baik lagi. Terima kasih :) ^ds"",2026-04-05 07:39:31,4.47.1";
"a556d29e-b2d4-444c-b781-68b687b06fd2,Lia Khairunnisa,https://play-lh.googleusercontent.com/a/ACg8ocJReUlFubtg23tgZteNbaco9DItcgEjPniipC6YepJYFEP2Xw=mo,""aku sesering itu belanja di Alfa, tapi GK ada yg bisa di petik reward dari Alfa gift ,minimal bisa dapet reward mungkin harus yg sehari 5 -10 kli ke Alfa ,dri poin,star sama Stamp nya harus besar besar bngt KLO mau nuker,"",5,0,4.47.1,2026-04-08 09:54:09,""Hai, Kak. Kami mengerti kendala Kakak mengenai reward di Alfagift. Untuk pengecekan lebih lanjut, Kakak dapat menghubungi Shalma melalui DM Instagram Alfagift dengan melampirkan kode #3594497 agar dibantu pengecekan. 🙏^rsf"",2026-04-08 10:13:39,4.47.1";
"f404c71f-88f9-49ec-8a20-c4e9b947e2bf,Riki Mcfc,https://play-lh.googleusercontent.com/a-/ALV-UjWhhN0h0G5xBCELaH0pnlCNHe7UE7wGwy45MEWoB-7kFKl4IqY8,setiap barang diskon yg di aplikasi ada.. pas mau di ambil ke toko jd gk ada malah di kembalikan uang transfer an nya.. seharga barang setelah diskon.. kecewa,2,0,4.47.1,2026-04-12 07:44:45,""Hai, Kak. Mohon maaf atas ketidaknyamanan yang Kakak alami terkait ketersediaan stok barang promo di toko. Kami akan bantu lakukan pengecekan lebih lanjut. Kakak dapat menghubungi Shalma melalui DM Instagram Alfagift dengan melampirkan kode #3612353 agar dibantu pengecekan. 😊^ts"",2026-04-12 08:14:48,4.47.1";
"e96ba5a9-d1eb-41c1-86db-ad9fb257aee0,mirsa rosadi,https://play-lh.googleusercontent.com/a-/ALV-UjXW8BjwwJjzu7fTivgEupsbMv-V--vduzDAuKYfxg5KKu3jaigv,""selalu lama dalam proses pengiriman, bisa lebih dari 4-7 jam untuk area Padurenan Bekasi. tolong lebih di perbaiki system pengiriman nya, kalo belom siap mending di tutup aja option delivery"",2,0,4.47.1,2026-04-01 03:31:23,""Hai, Kak. Mohon maaf atas ketidaknyamanan terkait durasi pengiriman di wilayah Kakak. Kami sangat menghargai masukan ini sebagai upaya kami untuk terus meningkatkan kualitas pelayanan pengiriman agar lebih optimal lagi. ^aj"",2026-04-01 04:24:33,4.47.1";
"0c421ec2-2e62-4232-b616-276cd04f6f19,Fitri Atika,https://play-lh.googleusercontent.com/a-/ALV-UjXTzy7Fc1WYReNBd6V1znQix9dY1ZN_L9EZYk-jZaD0EUSjOhWk4w,mau tukar point di alfimidi ternyta ada kebijakan baru klo sesuai dgn point di tokonya. agak ribet dgn peraturan baru bhkn baru tahu klo info. sungguh tdk memudahkn sekali entah it alasany atau ad kemungkin lainya. tahu gtu gk ush pakai point bhkn tdk membantu. maaf sebelumnya bener bener tdk membantu dgn point🙏,3,0,4.47.1,2026-03-24 12:15:08,""Hai, Kak. Mohon maaf atas ketidaknyamanannya. Untuk penukaran poin di Alfamidi, Kakak bisa gunakan poin kakak diAlfamart atau aplikasi alfagift ya. Terima kasih^Yna"",2026-03-24 14:10:55,4.47.1";
"b60e6b3d-cd1b-4666-aec1-83270c9b77ee,Syahrul Anwar,https://play-lh.googleusercontent.com/a-/ALV-UjV5B170g50dv3QyHJ5dNioyiyvbqaiSnRqXY1bX8hyM58kaUfr6,""sebenarnya sangat mudah dan praktis pake alfagif saya make alfagif semenjak 2022 sampe skrg tp sekang untuk pengiriman lelet bgt pdhl saya udah pilih pengiriman maxsimal 1jam tp semenjak 2025 ini pesanan sdh milih maxsimal 1 jam kadang dtng nya 3jam lebih, bahkan kadang sampe 5jam lebih, yah mungkin semakin banyak org yg pesanan online jadi pengiriman terhambat, jadi untuk pihak alfagif/owner alfagif tolong lebih di tingkatkan lg untuk kariawan & kendaraannya"",3,0,4.47.1,2026-04-07 07:01:43,""Hai, Kak. Kami mohon maaf atas ketidaknyamanan terkait durasi pengiriman pesanan Kakak yang melebihi estimasi. Masukan Kakak sangat berharga bagi kami untuk meningkatkan layanan. Kakak dapat menghubungi Shalma melalui DM Instagram Alfagift dengan melampirkan kode #3589789 agar dibantu pengecekan. 🙏^ts"",2026-04-07 08:45:05,4.47.1";
"b37a706f-4a05-43b8-b846-2d0feb2662a7,nur sifa,https://play-lh.googleusercontent.com/a/ACg8ocKfhtzjday_QpfNYf5Le5GLCFbF0ny94DsOMMwVoqJrZV68XA=mo,""aplikasi jelek, kalo belum siap tokonha jangan di sediain dong saya mesen sari jam 7 sakpai ja. 10.30 belum dikirimjuga tulisannya hanya di proses padahl lagi butuh padahal. harusnya kalo gabisa cancel aja"",1,0,4.47.1,2026-04-02 15:30:06,""Hai, Kak. Kami memohon maaf atas kendala keterlambatan pengiriman pesanan Kakak. Kami akan segera menindaklanjuti hal ini. Kakak dapat menghubungi Shalma melalui DM Instagram Alfagift dengan melampirkan kode #3567193 agar dibantu pengecekan. 🙏^Ynaa"",2026-04-03 02:22:21,4.47.1";
"2f7a0490-0d78-4048-b5e4-20f6113b8145,Sheilla Putri Haryanti,https://play-lh.googleusercontent.com/a/ACg8ocKd6cK6oo-T7cQAHpE4Dtz0tLhEtDJYu76k_3wt5QQP1CIpm4c=mo,""di daerah saya cabang CJ02 DS mustika jaya Bekasi pengiriman nya lamaaaaa bgt bgt bgt kecewa bgt padahal sy udh chat tp ga d respon , setiap belanja di alfagift sini lama terus pengiriman nya mending nyuruh ojekk online yg belanja dripada nunggu Abang Alfa nganterin kecewa bgt mana yg d beli susu bayi terus , kapok ga lagi2 belanja di alfagift DS Mustikajaya"",1,0,4.47.1,2026-03-19 06:05:15,""Hai, Kak. Kami sangat menyesal atas pengalaman kurang menyenangkan ini. Kami akan segera perbaiki layanan pengiriman di cabang Mustika Jaya agar lebih baik lagi. Terima kasih atas kesabarannya. 🙏^Yna"",2026-03-19 06:18:44,4.47.1";
"2e890c56-a83b-430f-a3c9-d42e3ff65992,Yolanda garita Putri,https://play-lh.googleusercontent.com/a/ACg8ocKTYNQzN1fjf37nPfjbUepZdFqX-x9KwS6I4mmf91h4EVU0Ug=mo,""suka beli di sini daripada yang di sebelah, ada fitur chat admin toko, ada pemberitahuan pengiriman juga. ada konfirmasi KLO gak bisa kirim sekarang masih ujan atau apa, di kasih tau sama adm tokonya."",5,0,4.47.1,2026-03-20 05:26:31,""Hai, Kak. Terima kasih atas ulasan positifnya! Kami senang Kakak menyukai fitur chat admin toko dan notifikasi pengiriman di Alfagift. Kami akan terus meningkatkan pelayanan kami. 😊"",2026-03-20 07:11:08,4.47.1";
"e2ce4b35-4887-444d-bac5-05daee49c221,hasan nyambe,https://play-lh.googleusercontent.com/a-/ALV-UjWdsV4Id-FPvMuKGGIN8zH9U-YevesfnK-rUldL6wmJS1PX8-jo,Kadang-kadang tidak sesuai deskripsi.. Malassss kalo pesan slelau telat. telatnya Tidk main2. tidak pernah sesuai permintaan wAktu. percuma masukkan pilihan waktu. atau sekalian aplikasinya ditutup saja.,1,2,4.46.0,2026-02-16 03:25:58,""Hi, Kak, maaf banget ya buat kendalanya. Biar Shalma bantu cek, mohon infokan detail kendalanya melalui DM Instagram @alfagift_idn dengan memberikan kode #3329715 ya. Kejadian ini akan Shalma jadikan evaluasi untuk lebih baik lagi Kak. Terima kasih :) ^rr"",2026-02-17 10:03:07,4.46.0";
"2ddc57e8-17f0-4b1e-aab4-fc6a47a1a162,Nur Afni,https://play-lh.googleusercontent.com/a/ACg8ocJfwL0bNlQ29r-9pGZmSgWMsiIId3-fCBWSxeB6x--EyKgb0g=mo,""Tolong banget hadirkan cs manusia, bukan bot. kalau tidak bisa live di aplikasi, minimal WA atau sosmed. Aplikasi, WA, bahkan sosmed lainnya semuanya menggunakan bot dan itu sama sekali tidak membantu jika ada kendala. Fitur chat pada pesanan pun tidak membantu, karena toko tidak pernah membalas. Pengiriman tertunda, sudah hampir 2 jam pesanan belum sampai, tidak ada tempat bagi cust untuk follow up."",1,8,4.46.0,2026-01-29 08:53:51,""Hai, Kak Nur Afni. Mohon maaf atas kendala yang dialami. Shalma memahami kekecewaan Kakak tersebut. Agar kendala bisa dicek lebih lanjut ke tim terkait, mohon lampirkan detailnya melalui DM Instagram @Alfagift_idn dengan melampirkan kode #3281433 ya. Terima kasih ^esf 😊"",2026-02-02 04:48:14,4.46.0";
"550143ad-2d61-408d-b68e-7b4d793946e5,El Gratia Imanuela,https://play-lh.googleusercontent.com/a/ACg8ocJ1E6yxuy7VZbCOM5szp_5vPMhNgecXn9e5uDz3cLUdmXhlgVM=mo,""sudah beberapa kali saya memesan dengan max pengiriman 1 jam. namun saya harus menunggu lebih dari 1 jam, tanpa ada konfirmasi dari toko terkait orderan saya. giliran mau refund, malah dibilang barang sudah dikirim. tolong konfirmasikan jika ada keterlambatan dalam mengirimkan pesanan. pas mau batal dan refund malah tidak dikembalikan uang saya. kecewa sekali pakai alfagift."",1,6,4.46.0,2026-01-31 06:44:17,""Hai Kak, mohon maaf atas ketidaknyamanan yang dialami. Kami terus berupaya meningkatkan kualitas layanan agar lebih baik. Terkait dengan kendala yang Kakak alami, mohon bantu kirim nomor pesanan & detail kendala via DM ke IG @Alfamart/@Alfagift_idn atau pusat bantuan Alfagift dengan kode #3286730. Terima kasih ^raf"",2026-01-31 10:08:07,4.46.0";
"d54e9255-cdde-40b4-83fd-ccb170485942,Baeti Nur Aidah,https://play-lh.googleusercontent.com/a-/ALV-UjV9_Oq5yJbUPNQNKJ7PB6uMdnHzfPyoDtU9A3G5IduvQU2ZjVAp,""dikemas lebih dari 1 jam dan di chat ngga ada respon, minta uang dikembalikan baru ada proses pengiriman tapii hampir 2 jam belum sampe barang juga belum sampe. serius jika dengan tingkat service kaya gini trus menerus mending ngga usah adaa layanan pengiriman, karena justru menjelekan brand yg udah dibangun"",1,5,4.46.0,2026-01-31 13:01:58,""Hai Kak, mohon maaf atas ketidaknyamanan yang dialami. Kami terus berupaya meningkatkan kualitas layanan agar lebih baik. Terkait dengan kendala yang Kakak alami, mohon bantu kirim nomor pesanan & detail kendala via DM ke IG @Alfamart/@Alfagift_idn atau pusat bantuan Alfagift dengan kode #3287712. Terima kasih ^raf"",2026-02-02 08:20:20,4.46.0";
"e9b9c9df-c147-43f2-a473-33a02bc8fa60,Bahrudin Nor,https://play-lh.googleusercontent.com/a-/ALV-UjVE7jJ7Aog-brbCv85PgCYpG35wE87ie19cqQjRoM3Qj33DyPRA,""padahal sebelumnya sudah sering belanja online, sekarang sudah tidak bisa lagi karena tiba-tiba alamat menjadi tidak tercover, bintang 1 dulu ya kak, soalnya ada penurunan kualitas pelayanan buat saya."",1,4,4.46.0,2026-01-26 11:00:59,""Hai Kak, mohon maaf banget atas kendalanya. Biar Shalma bantu cek, mohon infokan detail kendalanya melalui DM Instagram @alfagift_idn dengan memberikan kode #3274458. Kejadian ini akan Shalma jadikan evaluasi agar bisa lebih baik lagi. Terima kasih ya, Kak 😊 ^js"",2026-01-26 11:54:16,4.46.0";
"1e4f12f9-3cd8-4937-ad96-a26199dd5ee9,Achmad Farhad Syakur,https://play-lh.googleusercontent.com/a/ACg8ocJaBQoGnIzuQK1WrkVYGWavSxWQae23r2FBz9Jbedc2hrPRvg=mo,""fitur chat sering tiba2 disconnect, pengiriman yang harusnya 1 jam jadi lebih, g ada fitur cancel order..."",2,0,4.47.1,2026-04-07 13:27:51,""Hai, Kak. Mohon maaf atas ketidaknyamanan yang Kakak alami. Untuk penelusuran lebih lanjut terkait aplikasi dan pengiriman Alfagift, Kakak dapat menghubungi Shalma melalui DM Instagram Alfagift dengan melampirkan kode #3591087 agar dibantu pengecekan. 😊 ^pnj"",2026-04-07 17:13:10,4.47.1";
"7e4c3838-4f68-4aaf-aad2-d2ab961ee96a,Napoleon Rosisca,https://play-lh.googleusercontent.com/a-/ALV-UjULaRvw7jDDE_k1-bvV3k_gnoC66a8dcKibGm6eZD6Uki3a-SPQ,""Kalau lu fikir ini solusi maka lu salah besar. Kurir kirim barang bukti penerimaan pake foto random. Kurir malas mencari alamat klo gak ketemu maka pengiriman lu ditunda seolah pembeli yang request. Pesanan lu bisa dibatalkan secara sepihak kemudian lu disalahin karena gak ketemu alamat. Pengembalian dana ribet dan berhari-hari. CS gak berguna, buat laporan doang gak ada followup. Sampe gw tulis ini ada 2 pesanan gw yg nasibnya gak jelas. KAPOK"",1,0,4.47.1,2026-03-16 12:08:21,""Hai Kak, mohon maaf atas ketidaknyamanan yang dialami. Kami terus berupaya meningkatkan kualitas layanan agar lebih baik. Terkait dengan kendala yang Kakak alami, mohon bantu kirimkan detail kendala melalui DM ke IG @Alfamart/@Alfagift_idn atau pusat bantuan Alfagift dengan kode #3487763. Terima kasih😊️ ^rsf"",2026-03-17 01:49:51,4.47.1";
"2eec1a3e-7585-48c4-92b4-61dba777cb38,Alvarendra,https://play-lh.googleusercontent.com/a/ACg8ocI1UHmTM4Y66StizHGVG20ZZEA5euk5gYoOkMZx820rSt8ncA=mo,""sangat kecewa, pesanan di kirim dari jam 16:30 terus pada jam 19:49 di batalkan begitu saja oleh pihak toko di chat gak ada respon, padahal perjalanan hanya sekitar 30 menit udah nunggu lama di batalkan begitu saja.. langsung kuhapus aplikasi ini ."",1,1,4.47.1,2026-03-18 04:06:57,""Hai, Kak. Mohon maaf atas kendala pesanan yang dibatalkan sepihak setelah menunggu lama. Kami sangat menyesalkan hal ini terjadi dan akan menjadi bahan evaluasi kami. Kakak dapat menghubungi Shalma melalui DM Instagram Alfagift dengan melampirkan kode #3496336 agar dibantu pengecekan. 😔^ts"",2026-03-18 04:13:23,4.47.1";
"74ea9a35-895f-4dd6-a662-afaf1303cfd7,Vais Isma,https://play-lh.googleusercontent.com/a/ACg8ocLUt4aAYAWkLDIkPBMFz5Erfa3xNt3rLUJPEso3duKp0TNolw=mo,""awal"""" bisa buka aplikasi sampai belanja 100ribu setelah itu error gak bisa dibuka terus pas sudah dibuka tempat pembayaran gak ada muncul sama sekali walaupun pakai wifi atau data internet tolong perbaiki karena suka belanja di aplikasi saja"",4,1,4.47.1,2026-03-21 04:51:41,""Hai, Kak. Mohon maaf atas kendala yang terjadi. Agar dibantu pengecekan lebih lanjut terkait transaksi dan aplikasi Alfagift, Kakak dapat menghubungi Shalma melalui DM Instagram Alfagift dengan melampirkan kode #3509755. Terima kasih 😇^Ynaa"",2026-03-21 05:13:20,4.47.1";
"0c69290d-3ba4-4e24-9a4f-dd573c285562,Beben Rafli Luhut Tua Sianipar,https://play-lh.googleusercontent.com/a-/ALV-UjUL_0MS9LSbbVLnrlSMylwh1how1Jt4Yaklc7WOpjBpDERqL3Yn,""Kalo jam pengiriman gak sesuai, ada konsekuensi dong, ini alfamart dekat saya suka telat seenak jidat. Udah gitu gak bisa dihubungin. Mending beli langsung aja kalo gitu saya. Minimal kalo telat ada benefit buat customer kayal toko e-com lain"",1,0,4.47.1,2026-03-18 05:42:43,""Hai, Kak. Mohon maaf atas ketidaknyamanan yang Kakak alami. Untuk penelusuran lebih lanjut terkait kurir Alfagift, Kakak dapat menghubungi Shalma melalui DM Instagram Alfagift dengan melampirkan kode #3496901 agar dibantu pengecekan. 😊 ^aj"",2026-03-18 06:01:52,4.47.1";
"a411330a-c0d1-42cb-8c81-e0b0b947ada0,Maria Qibty,https://play-lh.googleusercontent.com/a/ACg8ocJ9uufC6855YhnNKF6R9DmkMgCj80PgMo1LAb3CPscAE-RJMg=mo,sangat mengecewakan.pengiriman lambat tidak amanah ...bilangnya tidak ada minimal pemesanan..tapi kalo pesen sedikit ngk di kirim malah di batalkan.kalo pesen banyak baru di kirim itu pun nunggu dari pagi ssampe siang,1,0,4.47.1,2026-03-18 04:50:23,""Hai, Kak. Mohon maaf atas ketidaknyamanan yang Kakak alami. Untuk penelusuran lebih lanjut terkait kurir Alfagift, Kakak dapat menghubungi Shalma melalui DM Instagram Alfagift dengan melampirkan kode #3496594 agar dibantu pengecekan. 😊 ^aj"",2026-03-18 06:48:47,4.47.1";
"c1430282-d2ef-47b1-a84d-604554bf16f6,Khansa fashion bali,https://play-lh.googleusercontent.com/a-/ALV-UjVWn6YIm3Xa4NFNMxdI0pjXG8iUvHfdYyWz4Yrc_e9_Fse14x0,""parah banget, sbnernya udah males order alfa gift, mending beli langsung, atau ambil di tokonya, krn pd saat sy order ada barang yg ga ada di cancel sama tokonya, eh pengembalian dananya sampe 3 hari, lah kan bukan customer yg cancel, parah, tambah jelek pelayanannya, dan skrg saya kena lagi sama alfamart, sy ttp menjadi pelanggan setia alfa, dan kmrn tgl 25 maret, sy order via alfa gift, ternyata barang yg saya order tidak ada, dan akhirnya mereka cancel scr sepihak, eh utk refund nya ga ada"",1,0,4.47.1,2026-03-28 08:43:34,""Hai, Kak. Mohon maaf atas ketidaknyamanan yang Kakak alami. Untuk penelusuran lebih lanjut terkait kurir Alfagift, Kakak dapat menghubungi Shalma melalui DM Instagram Alfagift dengan melampirkan kode #3540907 agar dibantu pengecekan. 😊 ^aj"",2026-03-28 08:55:51,4.47.1";
"2229c995-861c-4c79-bbc4-e2c6cfabfcfd,Hilmi Maxmadin,https://play-lh.googleusercontent.com/a-/ALV-UjWQTgrQp1jqZZyKb7MURXDHEiKMiRvxlUSLJiqVEpmjxwVxfpIy,""Mohon untuk ke depannya, jika ada customer yang sudah memesan sejak lama, tolong diprioritaskan terlebih dahulu, meskipun jumlah pesanannya sedikit. Saya sudah memesan sejak pukul 14.30, namun sampai pukul 20.00 pesanan belum juga dikirim. Terima kasih atas perhatiannya. Meskipun rame usahakan sedikit lah"",5,0,4.47.1,2026-03-21 12:47:37,""Hai, Kak. Mohon maaf atas ketidaknyamanannya. Kami akan terus berupaya meningkatkan pelayanan agar pesanan dapat diproses lebih cepat. Kakak dapat menghubungi Shalma melalui DM Instagram Alfagift dengan melampirkan kode #3511186 agar dibantu pengecekan.😊^Ynaa"",2026-03-21 15:08:22,4.47.1";
"e149242f-2f60-4e39-a380-1faa5a478761,Asma Asma,https://play-lh.googleusercontent.com/a/ACg8ocLVCy_Z9BTs2p3QNUqyD0hOBy4y9qqoxwDze1A6a5-2X63jCw=mo,""bagus, top dehhh karna lebih bagus belanja disini daridapa belanja langsung yg harus antri, tpi klopun belanja langsung juga bagus sih cuma klo uang pas pasan harus liat dulu disini trus klik ambil di toko biar bisa dapet dan tahu promonya. anternya juga cepet kadang mungkin klo gk lagi sibuk kurirnya gak nyampe 1 jam udah ada depan rumah"",5,2,4.47.1,2026-03-31 12:45:04,""Hai, Kak. Terima kasih untuk kepercayaan. Semoga kami selalu bisa meningkatkan kualitas pelayanan kepada semua sahabat Alfamart dan selalu bisa bermanfaat untuk banyak orang.😊️ ^ds"",2026-04-01 04:44:35,4.47.1";
"1a5b4d82-5349-46f4-981e-225848c9ae7c,Burhan Rengas,https://play-lh.googleusercontent.com/a-/ALV-UjUU-y9hcihPWBhjANELIH9Vxq0nIMtAbRNJznDunb2QInIm9TwA,""saya baru daftar alfagift dan sudah dapat no. member, tapi saat melanjutkan verifikasi di aplikasi, tombol bikin password tdk bisa di klik (warna hitam) , tolong followup agar proses bisa selesai."",4,0,4.47.1,2026-04-03 03:42:07,""Hai Kak, mohon maaf atas ketidaknyamanan yang dialami. Kami terus berupaya meningkatkan kualitas layanan agar lebih baik. Terkait dengan kendala yang Kakak alami, mohon bantu kirimkan detail kendala melalui DM ke IG @Alfamart/@Alfagift_idn atau pusat bantuan Alfagift dengan kode #3568611. Terima kasih😊️ ^rsf"",2026-04-03 07:38:00,4.47.1";
"1318a5c7-494e-4d8f-8339-67ad6b3c00e2,Dicky Ramdani,https://play-lh.googleusercontent.com/a-/ALV-UjU2Q7tccn0C-Lywh32Ij7-bvO4Q-wHYd4zIi-tNcUpXewxyQaQ,""Sangat sangat kecewa, pesen padahal deket jaraknya bisa sampe 3 jam lebih, bahkan sampe skrg belum sampe, kurir udh di depan katanya tapi sama sekali ga manggil padahal banyak orang di depan malah langsung balik lagi, kacau emang"",1,1,4.46.0,2026-02-03 07:06:44,""Hai, Kak. Kami mohon maaf atas pengalaman kurang menyenangkan ini. Terkait kendala pesanan, Kakak dapat menghubungi Shalma melalui DM Instagram Alfagift dengan melampirkan kode #3298427 agar dibantu pengecekan. 🙏"",2026-02-03 08:00:23,4.46.0";
"c76f81b7-5a83-409d-92d2-7d4e2f531c19,Reka Rahma,https://play-lh.googleusercontent.com/a-/ALV-UjXps1HGKS79WsoJZrSLshVtXyfR3t4v92ClMEMlQTp9ZuWL1f4z,""respon lambat, pengiriman lamaaaaa, selalu tertunda, saya co dari jam setengah 10 pagi, sampe skrg jam 1 juhur status pengiriman masih tertunda juga, saya ajukan pengembalian dana lama tidak ada respon juga.di chat tidak direspon² padahal aktif. padahal jarak dari tokonya ke rumah saya dekat. ayolah perbaiki lagi pelayanannya"",1,2,4.46.0,2026-02-12 05:48:46,""Hai, Kak. Mohon maaf atas kendala yang terjadi. Kami mengerti kekecewaan Kakak terkait hal ini. Kakak dapat menghubungi Shalma melalui DM Instagram Alfagift dengan melampirkan kode #3319246 agar dibantu pengecekan. 🙏^kip"",2026-02-12 06:33:17,4.46.0";
"3a4a410f-8b94-46a7-bfb1-1d32b74526e5,aprilia zahra,https://play-lh.googleusercontent.com/a/ACg8ocIBJxG0f9QM3c4SooYAxaRq__oSdrstcbc1HxvgBR8gQe_LNA=mo,""alfagift tolong bgt ya bagian delivery nya, gua pilih pesanan 1 jam sampe pesen dari jam 5 sampe skrg jam 10 malem ttp ga dateng padahl di pesanannya """"sedang dikirim"""" gua bnr bnr urgent dan apk ini malah ky dongo"",1,0,4.47.1,2026-04-01 15:18:21,""Hai, Kak Aprilia. Maaf banget atas kendala yang terjadi. Jika masih terjadi kendala, Kakak dapat menghubungi Shalma melalui DM Instagram Alfagift dengan melampirkan kode Tiket #3562691agar dibantu pengecekan. Kejadian ini akan Shalma jadikan evaluasi untuk lebih baik lagi. Terima kasih :) ^ds"",2026-04-02 01:37:38,4.47.1";
"c0902b47-5ba2-4ba4-a23a-612522cc0072,Irfan Aminudin,https://play-lh.googleusercontent.com/a-/ALV-UjVhEnXnS473XzusWUgUlmkWHDOudGyBPvXDe0aRz9T4ETqzHG8,""aplikasi nya sangat membantu di saat ada keperluan mendesak, dan tidak bisa keluar rumah, cuman untuk pengiriman lelet banget di keterangan ada pilihan maksimal pengiriman 1 jam setelah barang di pesan, tapi nyatanya pesanan hari ini di kirim besok, gk cuman sekali tapi berkali kali setiap saya pesan."",1,4,4.46.0,2026-02-14 10:22:17,""Hai, Kak. Kami turut prihatin atas pengalaman pengiriman yang lambat dan berulang yang Kakak alami, padahal estimasi layanan adalah 1 jam. Kami mohon maaf atas ketidaknyamanan ini. Kami akan terus berupaya meningkatkan efisiensi proses pengiriman Alfagift agar pesanan Kakak dapat diterima tepat waktu ke depannya. ^Yna"",2026-02-14 13:57:11,4.46.0";
"18f887ae-a2b4-4aa7-95e6-cdbcae5c3940,Delisa Delisadwipratama,https://play-lh.googleusercontent.com/a/ACg8ocKj1eXf58mbVrH7VeP1szllD4YrPSPOsSIXLt5l6XkzOk3yYw=mo,ga amanah banget sumpah saya pesen dan pembayaran via dana dan pesanan di batalkan pegawai alfamart dan sampai sekarang sudah mau 3 hari dana saya belum di kembalikan saya mau coba hubungi pegawai tersebut melalui aplikasi nya nomor saya sudah tidak terdaftar padahal baru beberapa jam mendaftar setelah pembelian tersebut saya merasa di rugikan dan di tipu sama saja ini penipuan walaupun uang nya tidak seberapa tapi saya kecewa dengan pegawai alfamart,1,6,4.46.0,2026-01-20 13:38:50,""Hai, Kak. Mohon maaf untuk kendala yang dialami. Mohon dibantu DM IG Alfamart untuk Shalma bantu pengecekan dan tindaklanjut kembali ya, Kak.^Yna"",2026-01-21 04:03:23,4.46.0";
"eeeaafbf-4487-476c-861d-083b0b332ef1,Armen Sukadana,https://play-lh.googleusercontent.com/a-/ALV-UjUx6THjAKxzk5xgYHjROgt0T4ZY6whnEHrrYNo4Mat8on1uo_SA7w,""pakai alfagift pertama kali, pengalaman yg tidak menyenangkan. order barang jm 3 sore, sudah melakukan pembayaran, tetapi sampai tengah malam tidak di kirim, alasannya adalah terlalu banyak orderan. dan ke esokan paginya pesanan saya di batalkan oleh toko, anehnya lagi, pengembalian dananya sampai sekarang belum di kembalikan. trimakasih alfa,"",1,11,4.46.0,2026-01-25 04:27:15,""Hai, Kak. Kami mohon maaf atas pengalaman pertama yang sangat tidak menyenangkan ini. Pembatalan sepihak dan kendala pengembalian dana tentu sangat mengecewakan. Kami akan bantu tindak lanjuti status refund Kakak segera. Kakak dapat menghubungi Shalma melalui DM Instagram Alfagift dengan melampirkan kode #3270790 agar dibantu pengecekan. ^kp"",2026-01-25 04:50:26,4.46.0";
"da880673-c991-41cb-98f6-d61de75bd9b3,Zainul Arifin,https://play-lh.googleusercontent.com/a-/ALV-UjXvYlspNXKEhs9QEe4XciSPgroJXitC_e6uGbJfpQr41zo4txlT,""Aplikasi busuk , stok toko dan di aplikasi tidak pernah sinkron terutama untuk yang promo , sering kali barang di klik dan sudah payment , waktu ambil ditoko stok kosong dan toko dibertanggung jawab atas barangnya kita. beda dengan aplikasi klik indomaret"",1,6,4.46.0,2026-01-30 09:41:45,""Hai, Kak. Mohon maaf atas kendala yang terjadi. Untuk pengecekan terkait sinkronisasi stok dan transaksi Kakak, Kakak dapat menghubungi Shalma melalui DM Instagram Alfagift dengan melampirkan kode #3284579 agar dibantu pengecekan. 😊 ^ts"",2026-01-30 09:52:26,4.46.0";
"d7cbe894-593a-46b6-9595-ae8f4a522865,dessweetta Ptryni,https://play-lh.googleusercontent.com/a-/ALV-UjUN8TqBWlEDj2jeaREG-FwyuMwTle1nSTYpeskRSj5gRj_UmwycmQ,sudah beberapa kali pesan tapi promo nya tidak berlaku ternyata terus beberapa kali juga pesan pesanannya ada yang kurang kecewa sih,1,0,4.47.1,2026-04-02 09:22:04,""Hai Kak, mohon maaf atas ketidaknyamanan yang dialami. Kami terus berupaya meningkatkan kualitas layanan agar lebih baik. Terkait dengan kendala yang Kakak alami, mohon bantu kirim nomor pesanan & detail kendala via DM ke IG @Alfamart/@Alfagift_idn atau pusat bantuan Alfagift dengan kode #3565623. Terima kasih ^raf"",2026-04-02 09:29:59,4.47.1";
"0ae0bc5a-b7e1-4835-b78c-4528892775f4,D Ewi,https://play-lh.googleusercontent.com/a/ACg8ocLayKj5qcHEhneIVrheiwGXKrnZCcuqfPmHHJhtQrpb4SZtFw=mo,""Pelayanan sangan buruk , proses pengiriman sangat"""" lama dan buruk. pesan dari jam set 9 pagi dan di antar jam 9 malam. aplikasi ini tidak layak untuk pembelanjaan secara online, mempunyai pilihan pengiriman instan namun juga ga ada gunanya pilihan tersebut.."",1,14,4.47.1,2026-02-19 05:25:23,""Hai, Kak. Mohon maaf atas ketidaknyamanan terkait lamanya proses pengiriman pesanan Kakak. Kami memahami kekecewaan Kakak karena pesanan tiba jauh lebih lambat dari ekspektasi pengiriman instan. Kami terus berupaya keras untuk meningkatkan kecepatan dan kualitas layanan pengiriman agar pengalaman belanja Kakak menjadi lebih baik lagi. 🙏^Yna"",2026-02-19 11:01:40,4.47.1";
"dd59bbd3-fa84-44bb-a0b9-d3836d06a1d1,Lianly Leanly,https://play-lh.googleusercontent.com/a-/ALV-UjVAnng-58T_ZNza8arkwt4zVMy8s1KtcHJp3oiz6cPQAtS6TdZc,""Saya pesan alfagift ,produk sudah diterima namun ketika datang produk beberapa ada yang kurang , 40% budget tidak bisa refund dan aku chat cs pesanan udah dikonfirmasi minta maaf karena ketinggalan , pas saya konfirmasi kembali keesokan hari nya kirain bakal di antar ternyata malah di cuekin dan pesanan selesai 😡"",1,4,4.47.1,2026-03-06 21:13:25,""Hai, Kak. Mohon maaf atas kendala pesanan yang kurang. Agar dibantu pengecekan, Kakak dapat menghubungi Shalma melalui DM Instagram Alfagift dengan melampirkan kode #3434337.^Ynaa"",2026-03-07 06:25:10,4.47.1";
"42d5c8e1-d736-4424-8646-f6325427a7c7,Diyah Fitri,https://play-lh.googleusercontent.com/a-/ALV-UjVvef5YpfA5qCTn6QZovWZMH0PBGOUoJVywVRGMVBHxRElTJmPS,""tolong perbaiki lagi, ini pesanan saya 24 jam blm ada perubahan, kalau bisa kami pengguna bisa memfilter toko paling dekat jika toko disarankan tidak bisa kirim karena overload, kecewa berat, saya tunggu konfirmasinya segera untuk perbaiki"",1,2,4.46.0,2026-02-01 03:45:24,""Hi, Kak. Mohon maaf atas ketidaknyamanannya. Mohon infokan detail kendalanya melalui DM Instagram @alfagift_idn dengan memberikan kode #3289734 ya. Kejadian ini akan Shalma jadikan evaluasi untuk menjadi lebih baik lagi. Terima kasih 😊 ^rsf"",2026-02-01 05:55:38,4.46.0";
"cbff722c-f00e-46ea-bf8a-c18757f79510,Retno Wulandari,https://play-lh.googleusercontent.com/a/ACg8ocLTa6Ov1-8LtYtIzVa_qQWcb0RKqrfc6R-2pUs4fnAzBVEl_Q=mo,""kalau ad promo.. status di alfagit selalu stok kosong, padahal waktu saya ke alfamart terdekat stok nya numpuk.. say jadi susah belanja nya, seolah mereka g rela kalau orang dapat harga promo.. jadi g di update stok di alfagift nya. ga amanah"",1,3,4.46.0,2026-01-31 01:30:39,""Hai Kak, mohon maaf atas ketidaknyamanan yang dialami. Kami terus berupaya meningkatkan kualitas layanan agar lebih baik. Terkait dengan kendala yang Kakak alami, mohon bantu kirimkan detail kendala melalui DM ke IG @Alfamart/@Alfagift_idn atau pusat bantuan Alfagift dengan kode #3285950. Terima kasih😊 ^raf"",2026-01-31 03:34:02,4.46.0";
"ab677329-0484-4fb2-8ee4-3821b05ee528,Merry Saragih,https://play-lh.googleusercontent.com/a-/ALV-UjXSs_MFp0_bXDu0ic6y6JRHGCRrojPFidpEVKrFaltuAgnCM98W,""sebenarnya gak mau kasi bintang 1, tapi tiap pesan selalu telat gak masuk akal, padahalpengiriman maks 1 jam dari pembayaran. kadang alasannya bencana alam (kocak, bencana alam dimana coba), kadang pembeli gak bisa di hubungi padahal chat nya selalu saya balas cepat. kadang di kirim jam 12 malam, orang lagi pada istirahat baru deh sibuk gedor2 sama calling. ini buat Alfamart DS Cemara asri Medan. kalo emang gak bisa kirim dalam 1 jam Mending pilihan pengiriman nya di hapus aja."",1,3,4.47.1,2026-03-07 12:43:56,""Hai Kak, mohon maaf atas ketidaknyamanan yang dialami. Kami terus berupaya meningkatkan kualitas layanan agar lebih baik. Terkait dengan kendala yang Kakak alami, mohon bantu kirim nomor pesanan & detail kendala via DM ke IG @Alfamart/@Alfagift_idn atau pusat bantuan Alfagift dengan kode #3438891. Terima kasih ^raf"",2026-03-08 04:50:22,4.47.1";
"dd2721ef-ad7d-4547-a7d4-1285e94aea8d,Felani Moningka,https://play-lh.googleusercontent.com/a/ACg8ocLGWwHYWpKp6fSNHAZal_MhgIbD4vPdv1B4RXXtOo7ytTQebg=mo,""pengirimannya lama, fitur pengiriman maksimal 1 jamnya gak jalan, pesanannya terlambat gak sesuai sama waktu pengirimannya. sarannya nih lebih diperbaiki kinerja SDMnya supaya gak molor, kerja di perusahan besar kok gak bisa ngatur waktu sih"",1,2,4.47.1,2026-03-10 13:12:50,""Hai, Kak. Mohon maaf atas kendala pengirimannya. Kami terus berupaya meningkatkan kualitas layanan dan kinerja tim оператор agar pengiriman lebih tepat waktu. Kakak dapat menghubungi Shalma melalui DM Instagram Alfagift dengan melampirkan kode #3456434 agar dibantu pengecekan.🙏^Ynaa"",2026-03-10 16:10:02,4.47.1";
"37b74545-77ea-46d6-bac2-4278935e6ed3,Fera Oey,https://play-lh.googleusercontent.com/a-/ALV-UjXRbINi4W8OwknFWOJtWo3Rfk-PejLTkg4vZHobF2vVoH7lotYyMA,""Pelayanannya kog malah tambah buruk? Masa bisa diantar di besok hari nya?! Org kan belanja mau cepat ya.. Klo begitu akan di esok hari terus antarnya.. Udh gitu sebelumnya jg sering gak tepat waktu antarnya... Huhuhu... udh gitu yg daerah saya malah pengiriman dari toko yg tambah jauh.. lama2 males alfagift nih aneh2 aja bikin perubahan, bukan makin bagus malah kecewain konsumen.. ganti deh itu yg ngasih kebijakan.."",3,2,4.47.1,2026-02-28 03:25:57,""Hai Kak, mohon maaf atas ketidaknyamanan yang dialami. Kami terus berupaya meningkatkan kualitas layanan agar lebih baik. Terkait dengan kendala yang Kakak alami, mohon bantu kirimkan detail kendala melalui DM ke IG @Alfamart/@Alfagift_idn atau pusat bantuan Alfagift dengan kode #3394009. Terima kasih😊️ ^rsf"",2026-02-28 09:38:34,4.47.1";
"eaccdefd-dd6f-46cc-8eba-bee9d8778331,Ambu Mitha,https://play-lh.googleusercontent.com/a-/ALV-UjXeg74arrWGrv3U1auj_dRVMcb0Ts7tOnXkhUtaa-obJD4Lqv8,""Bintang 5 krna aku suka Alfamart,walaupun belanja nya jarang, biasa orang kampung, paham meureun☺️..Ciputih Jayaraharja tetap nggak bagus pelayanannya,🙏. Parigi Sukajaya patut di acungi jempol saran saya pertahankan sikap pelayanannya seperti itu. Hatur nuhun."",5,1,4.47.1,2026-03-13 23:12:12,""Hai, Kak Ambu. Maaf banget atas kendala yang terjadi. Jika masih terjadi kendala, Kakak dapat menghubungi Shalma melalui DM Instagram Alfagift dengan melampirkan kode #3141888 agar dibantu pengecekan. Kejadian ini akan Shalma jadikan evaluasi untuk lebih baik lagi. Terima kasih :) ^ds"",2025-12-09 01:18:27,4.47.1";
"1ced739a-17a1-4f54-8ad1-f5816bbb659a,Kurnia Apriliyanti,https://play-lh.googleusercontent.com/a-/ALV-UjVNIEEKf-J105QMln10dXqX6GgwJpLGjzBpDTOHOd5rv6ZCv7ziVw,""Kecewa banget sih sama alfagift, awalnya doang pengiriman cepet makin kesini makin lama pool. buat apa diadain pilihan sejam dari pembayaran di kirim kalau sampe 5 jam belum dikirim2. kalau orang milih yg sejam gitu berarti emang lagi butuh cepet"",1,2,4.47.1,2026-03-15 10:59:31,""Hai Kak, mohon maaf atas ketidaknyamanan yang dialami. Kami terus berupaya meningkatkan kualitas layanan agar lebih baik. Terkait dengan kendala yang Kakak alami, mohon bantu kirim nomor pesanan & detail kendala via DM ke IG @Alfamart/@Alfagift_idn atau pusat bantuan Alfagift dengan kode #3482079. Terima kasih ^raf"",2026-03-17 03:13:16,4.47.1";
"547656f3-3def-46a7-8d2d-927872137795,arzaqia rangga,https://play-lh.googleusercontent.com/a/ACg8ocL-lCRixq5KVWhgmIKOHtJxTjzoVlzlCg5OoF1WlfPu4udAvg=mo,""customer ga bisa milih alfa nya sendiri. Sistem deliverynya juga aneh banget. Mereka bikin limit delivery tiap jam nya, tapi tetep aja masih delay sampe 2-3 jam itu gimana??? maksud saya kalo kalian udah bikin limit waktu pengantaran otomatis kalian tau dong kapasitas kemampuan pengantaran kalian sampe mana, ko bisa masih delay dalam delivery ny? pertanyaannya ko bisa kaya gtu? kalian punya cara pemesanan buat delivery selain melalui aplikasi? atau ada customer vvip yang wajib didahuluin?"",1,2,4.47.1,2026-03-03 16:39:34,""Hai, Kak. Mohon maaf atas ketidaknyamanannya. Alfagift terus berupaya meningkatkan sistem dan kapasitas pengantaran agar lebih baik. Kakak dapat menghubungi Shalma melalui DM Instagram Alfagift dengan melampirkan kode #3416558 agar dibantu pengecekan. 🙏^kip"",2026-03-03 21:54:40,4.47.1";
"9248345b-1cef-4481-be8a-3d81e6a6e794,R4ff 4m412,https://play-lh.googleusercontent.com/a-/ALV-UjXxvGJv8kFwkwaLYZdQvwFKlAW6AF-DO46BR7y3_YkgmXCZN-ZdyA,ini aplikasi Parah.. aplikasi Siap. pengiriman istans doang nama tapi lelet nya minta ampun tidak ada menu pembatalan harus Approve dari kantor via email.. estimasi 7hr pengbalian dana... aplikasi parah kacau.. menu pengembalian data tidak ada buang2 uang barang ga di kirim uang ga balik parah aplikasi reting 0 besar .. Tutup aja aplikasi nya bukan untuk mempermudah tp mempersulit... klo belum siap apk pengiriman instan dan kurang SDM driver mending tidk usah di adakan.. apk sebelah sat set..,1,0,4.46.0,2026-02-15 06:54:04,""Hai, Kak. Mohon maaf atas kendala pengiriman dan pengembalian dana yang dialami. Kami akan bantu telusuri pesanannya. Kakak dapat menghubungi Shalma melalui DM Instagram Alfagift dengan melampirkan kode #3326841 agar dibantu pengecekan. 🙏 ^ts"",2026-02-15 06:50:26,4.46.0";
"516b1005-3146-493e-8195-9e3f47bbef04,Clara Stephani,https://play-lh.googleusercontent.com/a-/ALV-UjUUx2sk5NmDo2lRZg5DpRZBeZNIQ9daKkZ6hY_l02_kFZsVHOZE-A,""awal sih cepet ya pengirimannya, bener-bener setelah 1 jam pembayaran sampai. Sekarang malah lama banget 1 jam setelah pembayaran nyampe nya bisa malem. waduh bahaya kalo yg di order agak urgent ya. Jelek banget deh pelayannya sekarang..."",2,2,4.47.1,2026-03-05 07:12:29,""Hai Kak, mohon maaf atas ketidaknyamanan yang dialami. Kami terus berupaya meningkatkan kualitas layanan agar lebih baik. Terkait dengan kendala yang Kakak alami, mohon bantu kirim nomor pesanan & detail kendala via DM ke IG @Alfamart/@Alfagift_idn atau pusat bantuan Alfagift dengan kode #3425058. Terima kasih ^raf"",2026-03-05 09:10:19,4.47.1";
"fc6f2f89-8e43-4b83-8e86-465d34784b55,Lya Ml,https://play-lh.googleusercontent.com/a-/ALV-UjVBi90pbmLjric01CwJp9MY77YpHPjwN9x96RrLjmLA9qpjT6Q,saya membatalkan pesanan karena pesanan saya tak kunjung dikirim dan slalu dapat lokasi alfa yang jauh pdahal ditempat saya banyak sekali alfa. Tapi sudah hampir 3 harian ini dana belum juga kembali. Ini gimana ya Alfagift? kok lama banget prosesnya. Jujur kecewa dan mulai males pakai alfagift. Merugikan waktu.,2,1,4.47.1,2026-03-08 16:13:12,""Hai Kak, mohon maaf atas ketidaknyamanan yang dialami. Kami terus berupaya meningkatkan kualitas layanan agar lebih baik. Terkait dengan kendala yang Kakak alami, mohon bantu kirim nomor pesanan & detail kendala via DM ke IG @Alfamart/@Alfagift_idn atau pusat bantuan Alfagift dengan kode #3445696. Terima kasih ^raf"",2026-03-09 02:32:00,4.47.1";
"c0dc5841-3479-4ba9-ab96-6e2525bbafa5,Selestia Selestia,https://play-lh.googleusercontent.com/a/ACg8ocK4Xc4C-v2NR3zGJlqJauM9l6bXpv1fRtI7Sp1oYq3kPgJ8GQ=mo,""akhir2 ini aplikasi alfagift betul2 sangat mengecewakan pengantara pesanan semakin lama karena dapat toko yang jauh dan full antrian ,mau dicancel juga tidak bisa karena tdk ada menu pilihan untuk cancel pesanan"",3,2,4.46.0,2026-01-29 07:09:37,""Hi, Kak. Maaf banget ya buat kendalanya. Biar Shalma bantu cek, mohon infokan detail kendalanya melalui DM Instagram @alfagift_idn dengan memberikan kode #3281051 ya. Kejadian ini akan Shalma jadikan evaluasi untuk lebih baik lagi Kak. Terima kasih :) ^Es"",2026-01-29 08:24:25,4.46.0";
"75107e13-fafa-46c7-96a4-4e0528541464,Nafisya Hafis,https://play-lh.googleusercontent.com/a/ACg8ocIHUE9QcDrJediOxXASev-JAMJZ2STMdaw_8Brhefb3-ymF0Q=mo,""pesanan ku ga dikirim' padahl udah bayar dan udah lebih dari 1 jam. dan aku pesan masih pada jam operasional aplikasi dan tokonya, sumpah ga lagi lagi beli di alfagift mending di grabmart sekalian aja bayar ongkirnya gapapa."",1,1,4.47.1,2026-03-03 13:13:19,""Hai, Kak. Mohon maaf atas kendala yang terjadi. Agar dibantu pengecekan, Kakak dapat menghubungi Shalma melalui DM Instagram Alfagift dengan melampirkan kode #3415682 🙏^kip"",2026-03-03 21:56:56,4.47.1";
"e3714a2d-2c96-4f33-b646-93db085399b3,Rijal Fahrul Rozi005,https://play-lh.googleusercontent.com/a-/ALV-UjWS0Wk4sgmflSgJFBVhHRsAUBubyPTn4i879nZtkTC3_E60NhM,""stock seringkali kosong, sampe pernah 3 hari itupun karena saya desak terus untuk diantarkan kalo ga saya desak udah pasti ga diantar padahal pembayaran lewat online ga cod, tujuan aplikasi ini dibuat bukannya salah satunya itu untuk efisien waktu? tapi malah sebalik. beli kebutuhan sehari² malah disuruh nunggu berhari² kocakk. pernah ke alfa nya langsung saya malah diminta bayar yg saya gatau apa barang nya, di nota gajelas produk apaan, lawak lah pelayanan entah offline ataupun online"",1,1,4.46.0,2026-01-22 20:57:01,""Hi, Kak. Biar Shalma bantu cek, mohon infokan detail kendalanya melalui DM Instagram @alfagift_idn dengan memberikan kode #3265838 ya. Kejadian ini akan Shalma jadikan evaluasi untuk lebih baik lagi Kak. Terima kasih :) ^Es"",2026-01-23 06:56:39,4.46.0";
"2bc6c216-cd33-478e-b1e8-600c39776eed,Rizka Nurur Rabiq,https://play-lh.googleusercontent.com/a-/ALV-UjWRUBZ513bhjelZEqbXWWWte_OzjBJaAJ-ncy_SEWb_jLRtBZha,pengiriman lama. udah milih maksimal 1 jam setelah pembayaran padahal. misal load lagi penuh harusnya dari awal pilihan maksimal 1 jam itu dihilangkan. jangan udah order dan bayar baru ada notif pengiriman terlambat.,1,19,4.47.1,2026-02-22 06:09:29,""Hai, Kak. Mohon maaf atas ketidaknyamanan pengiriman Alfagift yang lambat dan kurang responsif. Kami akan terus berupaya meningkatkan layanan pengiriman agar pengalaman belanja Kakak menjadi lebih baik lagi ke depannya. 🙏^rsf"",2026-02-22 06:48:30,4.47.1";
"fa660352-1e7e-4323-b792-ecd9bfbfe9c8,Munif Rohmatulloh,https://play-lh.googleusercontent.com/a-/ALV-UjXgBThrFmGXYa3lC6r6zyKCmwXv3jYLxK0A4sfJQCGDMHfDUAhrqw,""𝗦𝗮𝗿𝗮𝗻 𝘀𝗮𝗷𝗮 𝘀𝗲𝗺𝗼𝗴𝗮 𝗮𝗱𝗮 𝘁𝗶𝗻𝗱𝗮𝗸𝗮𝗻 𝗱𝗮𝗿𝗶 𝗱𝗲𝘃𝗲𝗹𝗼𝗽𝗲𝗿. Di aplikasi ada menu SELF SERVICE, tapi di gerai alfa madih banyak yang gak ada barcode untuk self service nya... mohon untuk di tiadakan sekalian di aplikasinya atau di lengkapi di gerai alfanya. terimakasih"",1,1,4.46.0,2026-02-12 10:42:34,,,4.46.0";
"d5ac29f7-4ada-4805-b840-08ab82d6580d,Fitriana Nur Azizah,https://play-lh.googleusercontent.com/a-/ALV-UjUiTr1seiarDeu--wwqLJ_yZpVsr0JmjRngVMKR4nnM8SwTEkfa,""UI/UX designnya full lebih baik punya klikindomaret krn menu search bisa di semua promo. Loading data/penggunaan internet terlalu besar jdi meski lagi low data di apps gambar2 dan lainnya loadingnya lama banget, beda sama klikindomaret selalu aman2 aja. pelayana CS delivery nya selalu antar barang nya pas udh mau closing alias malem2 ketika customer mau tidur woy, bener2 keterlaluan. Kalo anter barang tuh ya maximal setelah magrib deh jangan pas orang2 mau tidur anjir."",2,12,4.46.0,2026-01-20 14:45:04,""Hai, Kak. Terima kasih atas masukan berharga mengenai UI/UX, penggunaan data, dan waktu pengiriman. Kami mohon maaf atas ketidaknyamanan yang Kakak alami. Feedback Kakak akan segera kami teruskan untuk perbaikan aplikasi dan layanan pengiriman agar lebih baik lagi. 🙏^Yna"",2026-01-21 03:27:22,4.46.0";
"fc5fff4c-a3f8-4fad-a5f8-f33a0bebca0e,Wahyudi Aditiarizky,https://play-lh.googleusercontent.com/a-/ALV-UjUNy8Q9HtjhDX1BkMAsDk3FCZacgV84FvYcIEmcvCUOyoCL32Ar,""Dulu saya kurang berminat belanja diAlfa, Tapi sekarang pokoknya belanja harus dialfa karena banyak promo/discount setiap bulan nya apalagi diakhir bulan biasanya ada promo gajian lumayan kalo buat belanja bulanan, Lumayan hemat"",5,48,4.46.0,2026-01-19 00:39:14,,,4.46.0";
"aba52df8-8aa6-4a5e-8b09-45e94a0e1ab4,mumu mumu,https://play-lh.googleusercontent.com/a/ACg8ocIys0hFPGUhMDXpaA_X5OzDdlhmhQdBAR2pQRXF_XaI0POk6Q=mo,""Alfagift tiap barang khusus pembelian online lagi diskon,kenapa barang selalu tidak ada/stok kosong.sering terjadi banget nih hal begini.giliran lagi gak diskon aja stok ada..halahhh.. sebel banget gua.."",3,1,4.46.0,2026-02-01 00:44:21,""Hai, Kak. Maaf ya jika stok diskon sulit didapatkan. Hal ini akan jadi evaluasi kami agar stok selalu tersedia di lokasi Kakak. Kakak dapat menghubungi Shalma melalui DM Instagram Alfagift dengan melampirkan kode #3288418 agar dibantu pengecekan. 😊 ^ts"",2026-02-01 02:03:01,4.46.0";
"93f8efcb-8499-4a8b-b753-ab6a7650986a,Muhammad Amko Nugroho,https://play-lh.googleusercontent.com/a-/ALV-UjUnDGUBZ7fiAZZ5dKwi68oW32FoH0MlSwTcwAhaf_yWzLNORp87bA,""Pengiriman sangat lama, operator juga tidak responsif. Status pengiriman tertunda dengan alasan """"Pembeli tidak dapat dihubungi"""" padahal saya selalu stay dan balas chat nya sangat cepat. Kecewa dengan pelayanan yang buruk!!"",1,1,4.46.0,2026-03-05 15:32:05,""Hai, Kak. Mohon maaf atas pelayanan yang mengecewakan terkait status pesanan Kakak. Kami ingin memastikan kendala ini segera teratasi. Kakak dapat menghubungi Shalma melalui DM Instagram Alfagift dengan melampirkan kode #3427814 agar dibantu pengecekan. 🙏️^rsf"",2026-03-06 05:06:44,4.46.0";
"563e6191-5550-4e7f-b2b7-fc0b3f25c011,Amos BPIP,https://play-lh.googleusercontent.com/a-/ALV-UjVxlSk6o4LkFR3c7rl9DaCEe-J7hHwA2un8I-1_PmDjLVsRwSrK,""payah pengantaran lama sekali yg di daerah Harapan Jaya. dihapus saja aplikasi nya. maaf sdh sering kali TDK sesuai waktu yg diminta. dalihnya load pengiriman banyak, padahal kalau disamperin, gak banyak2 amat ya. payah Alfagift mengecewakan."",1,0,4.46.0,2026-02-21 06:44:29,""Hai, Kak. Mohon maaf atas kendala pengiriman yang dialami. Kami mengerti kekecewaan Kakak. Kakak dapat menghubungi Shalma melalui DM Instagram Alfagift dengan melampirkan kode #3353608 agar dibantu pengecekan. 😊^kip"",2026-02-21 07:06:09,4.46.0";
"661da2e2-b0fd-4940-b4ef-e4e8e4b2f041,Riza Ifrinda Milatika,https://play-lh.googleusercontent.com/a-/ALV-UjVkeZEGgh7yfuyAiQ1ub99DNG3CquasbJHhDBEGiGLybcTq4c7T,""Kepada yth manager toko alfamart Saya tadi belanja di alfamart tersebut dan ada kembali an. Namun beberapa kali pasti aaya ditawarin donasi, mau nanya apakah tidak disediakan uang kembalian pecahan 100, 200 ataupun 500 rupiah? Kalau dikumpulin pasti bisa buat beli garam. Tolong ditindaklanjuti ya, soalnya kalau kondisinya dibalik konsumen kurang 100 rupiah aja pastinya tidak membeli barang tersebut. Terimakasih"",2,0,4.47.1,2026-03-14 00:09:28,""Hai, Kak. Mohon maaf atas ketidaknyamanannya. Terkait hal ini, akan kami tindak lanjuti sebagai masukan untuk meningkatkan pelayanan kami ke depannya ya 😊^kip"",2026-03-14 04:46:27,4.47.1";
"2b02b7a3-4ea2-4aa0-8c93-25f7b0f31355,riri Shelly,https://play-lh.googleusercontent.com/a/ACg8ocIo2ePxKv4Ylpk2EXmiF1ETNGy-qbaPCXre1pwIe-0i9AZq-A=mo,""pengirimannya sangat lama dikarenakan toko pengirimannya sangat jauh. padahal sebelumnya dikirimkan dari toko alfamart terdekat, tapi sekarang dikirim dari DS, jadi gak heran pesan pagi dikirimnya baru nanti malem."",1,0,4.46.0,2026-02-15 10:42:18,""Hai, Kak. Mohon maaf atas kendala pengiriman yang terasa lebih lama. Kami mengerti kenyamanan Kakak sangat penting. Terkait perubahan lokasi pengiriman, Kakak dapat menghubungi Shalma melalui DM Instagram Alfagift dengan melampirkan kode #3328194 agar dibantu pengecekan. ^ts"",2026-02-15 11:15:23,4.46.0";
"fd58abb4-80c1-4fea-9b6f-19828dd548b8,ƦƑ • GAmiNG,https://play-lh.googleusercontent.com/a/ACg8ocI-7tH1qCCsu_uebOvghhDMeiyMnsZLKI2xU99rfkSF-sBe=mo,""min untuk pengembalian dana semisal kita udah dikonfirmasi toko, trus ternyata kita salah beli produk, nota udah keluar tapi barang belum diambil dan masi dalam 1x24 jam apakah tetap bisa mengajukan refund"",3,1,4.47.1,2026-03-12 13:06:25,""Hai, Kak. Terkait pengajuan refund karena salah beli produk, selama sudah dikonfirmasi oleh toko dan masih dalam 1x24 jam sejak nota dikeluarkan, Kakak tetap bisa mengajukan refund. Kakak dapat menghubungi Shalma melalui DM Instagram Alfagift dengan melampirkan kode #3467429 agar dibantu pengecekan.😊^ts"",2026-03-13 05:11:35,4.47.1";
"06cf0810-1ffe-42b2-9715-670e4c4625e7,Angelita Tambunan,https://play-lh.googleusercontent.com/a/ACg8ocIrFDTz6k2oQr96FXgxpdfTDyl1Ylp5AE-VJIItnPZncx39ZSQ=mo,Pengalaman saya setelah menggunakan alfagift selama 6 bulan itu saya merasa kurang puas atas pelayanannya yang lama pada saat melakukan pemesanan kopi (pdhl jaraknya bisa di katakan dekat) walaupun ada bnyak promo² menariknya seperti flashsale.,3,8,4.47.1,2026-02-25 08:38:11,""Hai, Kak! Kami mohon maaf atas pengalaman kurang menyenangkan saat memesan kopi di Alfagift. Kami terus berupaya meningkatkan kecepatan pelayanan. Pantau terus promo menarik lainnya ya! 😊^kip"",2026-02-25 10:58:03,4.47.1";
"6e6c8e27-5e57-44e8-9cba-1952d78a2700,oppo A5,https://play-lh.googleusercontent.com/a-/ALV-UjUpcUJTDaJYcd3OUg2ZVrfqIYiepoPbHUOBOaWQ2NIazjgiR-8Z,""tolong diperbaiki bagian chat nya. setiap kali chat ke toko selalu ceklis 1. padahal chat toko terlihat online. Sampai dinfokan barang dalam proses pengiriman di chat. chat saya ttp ceklis 1 ,ga smp ke chat toko. semoga segera di perbaiki. rutin maintenance. terima kasih"",3,0,4.47.1,2026-03-07 15:42:01,""Hai, Kak. Mohon maaf atas kendala pada fitur chat. Agar Shalma bantu periksa lebih lanjut, Kakak dapat menghubungi Shalma melalui DM Instagram Alfagift dengan melampirkan kode #3439898. 🙏^Raf"",2026-03-08 03:55:55,4.47.1";
"5f62ed01-9efc-490d-8cb0-8cd4569b7cac,Ridni Stini,https://play-lh.googleusercontent.com/a/ACg8ocLFS5gbtluAWkKYTjTLpnrvS1QE8OfS5nOoVcCPAwAI_gqsfQ=mo,""tim kerja tidak bagus duit pengembalian batal beli barang saja belum di kembalikan sampai sekarang sudah 2 minggu , memang tak mau di kembali duit saya 50 ribu itu dari karena proses lama berbelit belit hanya selalu dapat lagi di proses harus sabar, tapi batas kesabaran manusia itu ada batasnya lah."",1,1,4.47.1,2026-03-11 23:30:22,""Hai, Kak. Mohon maaf atas kendala pengembalian dana yang Kakak alami. Untuk pengecekan lebih lanjut, Kakak dapat menghubungi Shalma melalui DM Instagram Alfagift dengan melampirkan kode #3463467 agar dibantu pengecekan. 😊^ts"",2026-03-12 05:06:39,4.47.1";
"cc795736-5e92-4a22-b02d-d9b70a1d61fe,Ika May Hester,https://play-lh.googleusercontent.com/a-/ALV-UjVyOIr-DwyC2NYdDk1aXHbE8b1E1lsKA6Kte0oTXEVsE-L4kQjC,sudah bagus sangat membantu. tapi lebih bagus lagi pengiriman ny tepat waktu. jika 1 jam dr pembayaran hrus nya ada waktu untuk hal lain slama 1 jam. jgn membuat customer menunggu. kita sdh klik yg 1 jam dr pembayaran. trimakasih,1,2,4.46.0,2026-02-03 12:44:18,""Hai, Kak. Terima kasih atas apresiasi dan masukan yang diberikan. Kami mohon maaf atas ketidaknyamanan terkait estimasi waktu pengiriman yang belum sesuai harapan Kakak. Feedback ini akan menjadi perhatian utama kami untuk terus meningkatkan kecepatan dan ketepatan waktu pengiriman Alfagift. 🙏^Yna"",2026-02-03 13:40:51,4.46.0";
"3c0967db-486c-42c1-967c-d27ba23e6f06,adhie chand,https://play-lh.googleusercontent.com/a-/ALV-UjU-Co0VLGRyVQh-CSj1D6R-yKjFHXKBkREABPwndDRJXSJ-xwjLgg,KL tidak bisa kirim selama 1jam buat apa ada menu pilihan kiriman 1jam setelah pembayaran.gak sekali dua kali tapi berkali2.barang sudah ditggu mau keluar kota malah tidak dtg2,1,0,4.46.0,2026-02-08 02:18:13,""Hi, Kak, maaf banget ya buat kendalanya. Biar Shalma bantu cek, mohon infokan detail kendalanya melalui DM Instagram @alfagift_idn dengan memberikan kode #3310454 ya. Kejadian ini akan Shalma jadikan evaluasi untuk lebih baik lagi Kak. Terima kasih :) ^js"",2026-02-08 09:10:19,4.46.0";
"99761164-2bad-4f04-a045-b99bc939f602,jefri agus,https://play-lh.googleusercontent.com/a-/ALV-UjX5QjgOmXmY6whaLM7f3mLgDHOpxoH2FUQ_X9K0nc5FxgVje_hsqg,""buset, beli teh botol 200ml 1 dus, mesen tgl 9 Maret pengiriman maksimal 3 hari di 12 Maret, sudah 12 Maret ga dikirim, yaudah akhirnya ngajuin pengembalian uang, diisi form nya, nomor rekeningnya, email-nya, dapet email juga permohonan pengembalian dana, nungguin 3 hari setelah pengajuan pengembalian uang kok lama banget duit ngga balik², dan suprise barang sampe tanggal 15, buset 6 har dr pemesanan 🤣, lah apa gunanya fitur pengajuan pengembalian uang, kocak 🤣"",4,1,4.47.1,2026-03-15 03:46:46,,,4.47.1";
"28a587f4-c04c-4ddb-86b3-93d008e0871e,Muhammad Yusuf,https://play-lh.googleusercontent.com/a-/ALV-UjWvpVQW6q6kp23gvVRAxMCNy0tqj_MwLQdYNqadrnBCFKaj2GWM,""Ribet banget ya mau daftar alfagift, baru 3 kali kirim otp harus balik besok lagi. kapan bisa daftar kalau caranya begini, beda app sebelah lebih gampang. Payah"",1,2,4.47.0,2026-02-19 05:35:53,""Hai, Kak. Mohon maaf atas kendala pendaftaran Alfagift yang Kakak alami. Batasan pengiriman OTP memang diterapkan untuk keamanan akun Kakak. Kakak bisa mencoba kembali pendaftaran setelah 24 jam. Pastikan jaringan stabil dan data yang dimasukkan sudah benar ya. Semoga berhasil! 😊^yna"",2026-02-19 15:43:52,4.47.0";
"14588550-821f-4a62-b237-95a94687a573,Listia Ningsih,https://play-lh.googleusercontent.com/a/ACg8ocLG3f1sCEddXP0rfGrUggEaJNgp9T4x7MI9ksRnn5nZNltz0A=mo,""jelek banget kualitasnya. saya order dari jam 7, eh malah sampai jam 10 malam nggak dikirim juga. padahal keterangannya kalau order jam 9 ke atas baru dikirim besoknya. benahin lagi deh sistemnya, makin ke sini makin ancur banget ini. nggak sesuai"",1,1,4.46.0,2026-01-26 15:12:00,""Hai, Kak. Mohon maaf atas kendala yang Kakak alami. Untuk pengecekan lebih lanjut terkait pesanan, Kakak dapat menghubungi Shalma melalui DM Instagram Alfagift dengan melampirkan kode #3274948 agar dibantu pengecekan.😊 ^kip"",2026-01-26 15:58:06,4.46.0";
"e26b324e-8975-44f3-bc27-ab63141a13e8,Cantika K.P,https://play-lh.googleusercontent.com/a-/ALV-UjXxo1RGlfv8xsO-08pQQN2hdlGwFGBt-v10QUYEpfa35IgZErH1,""awal pake apk ini bermanfaat sekali, lama lama belanja disini bikin emosi.. kadang barang ada yg kurang jdi hrus ambil ke tokonya sendiri krena tdak ada respon. pengiriman luama poll, udah klik maks 1 jam pembayaran, dianternya 5-6 jam kemudian. buat apa ada pilihan waktu"",1,0,4.46.0,2026-02-14 01:32:26,""Hai, Kak. Mohon maaf atas kendala yang Kakak alami. Terkait barang kurang dan lamanya pengiriman, Kakak dapat menghubungi Shalma melalui DM Instagram Alfagift dengan melampirkan kode #3323565 agar dibantu pengecekan. 😊 ^ts"",2026-02-14 03:25:50,4.46.0";
"eef8ec45-2598-4c5e-927d-f494f0631cfb,Yuk ke surga,https://play-lh.googleusercontent.com/a-/ALV-UjWpijmAVJjaDa02ZxciMSB94d8lBoOOAtQs0y7aClNauAF7hAYR,""Top, tapi ada juga struk atau receipt gak di kirim ke akun Alfagif saya setelah saya belanja, tolong di perbaiki lagi dan setiap belanja struk atau receipt harus masuk dong, saya coba minta receipt dari customer service di akun Alfagif dan saya nunggu sampai 24 jam juga gak di kirim2 tuh receipt, tolong di perbaiki lagi pelayanannya ya, terima kasih."",5,15,4.46.0,2026-02-03 15:21:02,""Hai, Kak. Mohon maaf atas ketidaknyamanan terkait struk belanja yang belum masuk ke akun Alfagift dan respons CS kami. Kami terus berupaya meningkatkan sistem pengiriman struk digital agar lebih lancar dan respons layanan kami lebih cepat. Terima kasih atas masukannya.🙏^Yna"",2026-02-04 01:21:36,4.46.0";
"98b0d044-1186-40ae-9f95-d0d4b4e3c13a,Khadijah Guci,https://play-lh.googleusercontent.com/a-/ALV-UjXZGIVDVysoUzKPm3hblxwCejpmFyxAS1qKcjo0AHvXhcXwajrO,""Gabisa batalkan pesanan, uda gitu kalau mau mengadu juga gatau ke siapa. Nomor yang di telfon ngabisin pulsa aja hadeh. Pihak alfa yang salah harus maklum, tapi kalau customer yang salah gatau mau ngadunya kemana."",2,1,4.47.1,2026-03-06 13:22:23,""Hai, Kak. Mohon maaf atas kendala pembatalan pesanannya. Kami mengerti kekecewaan Kakak. Kakak dapat menghubungi Shalma melalui DM Instagram Alfagift dengan melampirkan kode #3433198 agar dibantu pengecekan. 😊^kip"",2026-03-07 03:44:08,4.47.1";
"27efc8c4-77b4-4257-a112-27deacc78dfc,Sefti Anggraini,https://play-lh.googleusercontent.com/a-/ALV-UjU-w3lkz-pCy3qdcEA6ZM_0n7rWyFjsjWOPwB1NBm9yP11CM2I,""konsistensi yaa alfagift, sangat praktis sekali belanja online disiniii emm tapi kadang masih lemot untuk masuk ke aplikasinya dan kalo mau main game kadang macet gitu"",5,0,4.46.0,2026-02-16 05:09:35,""Hai, Kak! Terima kasih atas masukannya. Mohon maaf atas ketidaknyamanannya. Kakak dapat menghubungi Shalma melalui DM Instagram Alfagift dengan melampirkan kode #3330088 agar dibantu pengecekan.😊^kip"",2026-02-16 11:11:31,4.46.0";
"0b4b3a38-0452-41b3-a432-21060e3522b8,Marliana Nurhayana,https://play-lh.googleusercontent.com/a-/ALV-UjWGmvpbn5zFP6CV5fUMZFIGtV6nHv6r3SAtf5t2dq0nZsepqgIk,""Saya mengharapkan ada pembaruan aplikasi Alfagift, pada pengaturan aplikasi ini tolong sertakan pengaturan mode gelap agar mata lebih nyaman ketika menggunakan aplikasi ini. Tentunya mode gelap akan membuat mata penglihatan pasien low vision menjadi lebih nyaman."",3,1,4.46.0,2026-02-10 11:08:02,""Hai, Kak. Kami mengapresiasi masukan Kakak mengenai penambahan fitur mode gelap di aplikasi Alfagift. Ide ini sangat baik untuk meningkatkan kenyamanan visual, termasuk bagi Kakak yang memiliki low vision. Kami akan meneruskan saran ini ke tim terkait agar dapat ditinjau untuk pengembangan aplikasi Alfagift ke depannya. 👍^Yna"",2026-02-10 11:42:34,4.46.0";
"34e47d78-0f09-452d-addc-d98e6a34d403,Andi Hartini,https://play-lh.googleusercontent.com/a-/ALV-UjVZNbK0HGTyd6za1d0keQWRFuWEqJjvgkPz8wylanHDwCQIGkyk0A,""kenapa yaa sekarang alfagift lokasi tokonya jauh2 dan proses pengirimannya jadi melambat, dichat box juga selalu online tapi dichat cuma centang 1, padahal dulu ambil lokasi toko alfa terdekat dan selalu cepat dalam pengiriman. Tolong kembalikan pelayanan alfagift yang dulu"",3,0,4.46.0,2026-02-21 09:55:04,""Hai, Kak. Mohon maaf atas ketidaknyamanannya. Alfagift terus berupaya meningkatkan pelayanan. Jika Kakak mengalami kendala terkait pesanan, Kakak dapat menghubungi Shalma melalui DM Instagram Alfagift dengan melampirkan kode #3354836 agar dibantu pengecekan.😊^kip"",2026-02-21 11:54:44,4.46.0";
"5a38120a-341e-4f91-aea9-ab6f9d68668d,Aulia Aulia,https://play-lh.googleusercontent.com/a/ACg8ocLRaQB88JcdnAAgJiDw7U6Ct6MH89kSN4DcHuiaWV8tXwUbVQ=mo,""Sangat kecewa banget, Saya baru download aplikasi nya terus daftar menggunakan no member dan sudah terdaftar, tapi pas saya buka lagi aplikasi nya kok malah suruh masukin no hp atau no member lagi setelah masukkan no member lagi malah muncul nomor tidak bisa di gunakan karena sudah terdaftar dan sudah tidak aktif tolong bantu"",1,1,4.46.0,2026-01-31 08:45:08,""Hai Kak, mohon maaf atas ketidaknyamanan yang dialami. Kami terus berupaya meningkatkan kualitas layanan agar lebih baik. Terkait dengan kendala yang Kakak alami, mohon bantu kirimkan nomor member & detail kendala melalui DM ke IG @Alfamart/@Alfagift_idn atau pusat bantuan Alfagift dengan kode #3287080. Terima kasih ^raf"",2026-01-31 12:51:37,4.46.0";
"1de1235d-9640-453a-a252-d1a970e6bfc3,Asian Silitonga,https://play-lh.googleusercontent.com/a/ACg8ocJjSk_wYkNQuaMtLZGyRUK-MtbaqJVAniimTjmWnZ_1YjKhKg=mo,pelayanan sangat buruk. 20-30 mnt bisa gak ada kabarnya jadi 2-4 jam. di chat tidak balas. gak rekomen utk belanja disini. kapok. pesanan sebelumnya juga pernah di taruh di pagar tanpa adanya telpon ke saya. masih jauh lebih baik ASTRO daripada ini.,1,0,4.46.0,2026-01-24 01:26:08,""Hai, Kak Asian. Maaf atas pengalaman kurang menyenangkan ini. Kami sangat menyesal atas ketidaknyamanan yang terjadi. Kakak dapat menghubungi Shalma melalui DM Instagram Alfagift dengan melampirkan kode #3268480 agar dibantu pengecekan. 🙏^kip"",2026-01-24 03:52:15,4.46.0";
"30d59b38-0a92-4e84-a168-619113180c72,Wie Wie,https://play-lh.googleusercontent.com/a/ACg8ocLpvxMOVEpl-3nV2vkGoEh63rkOmRuM9c5b0H0XkjHYYSFIPg=mo,""Aneh sekali penukaran point harusnya pakai barcode tp tanpa pakai barcode pun point saya bisa ditukara sama orang lain dan member saya bisa dipake sampe 2 orang yg orang nya saya ga tau siapa dan lain kota pula,yg membingungkan katanya kalau tukar poiny harus di barcode pakai hp saya nah ini tanpa hp saya point saya habis kepotong dipakai orang lain."",1,1,4.46.0,2026-02-22 23:22:30,""Hai, Kak. Mohon maaf atas ketidaknyamanannya. Terkait poin yang terpakai tanpa sepengetahuan Kakak, ini butuh pengecekan lebih lanjut. Kakak dapat menghubungi Shalma melalui DM Instagram Alfagift dengan melampirkan kode #3365342 agar dibantu pengecekan.😊^kip"",2026-02-23 08:38:50,4.46.0";
"644113df-02e2-47b8-9a2b-a557405ce1a5,Maikel Manihuruk,https://play-lh.googleusercontent.com/a-/ALV-UjWWO8qMx8wyiXzQbEO8o1ZjPfaTDdgYshhsM1QTOWN_3okkNnI,""ngelag kali aplikasi nya, padahal ku coba buka apk lain kek youtube tiktok dan lain lain lancar aja tapi aplikasi alfagift ini malah ngelag, sekarang malah kadang nge lag kadang gak bisa dibuka aplikasi alfagift nya padahal aplikasi lain lancar aja nya"",1,3,4.47.1,2026-02-23 01:03:32,""Hai, Kak! Mohon maaf atas kendala yang terjadi. Kami sarankan Kakak untuk memastikan aplikasi Alfagift sudah versi terbaru dan jaringan stabil. Jika masih terkendala, Kakak dapat menghubungi Shalma melalui DM Instagram Alfagift dengan melampirkan kode #3365733 agar dibantu pengecekan.😊^kip"",2026-02-23 04:31:39,4.47.1";
"178b9724-8724-4f93-ad83-44d7cf9f6677,UMAREL MAYAKU,https://play-lh.googleusercontent.com/a-/ALV-UjXQyqcIEPa788XLAgZcXyQZdTuPmVwPx7tHMmcjy34Rp6sVl6Ys,""aplikasi ga jelas, gda pemberitahuan kurir lagi nganter ke cus lain, sama ga bisa ganti toko pengirim, ga ada batalkan pesanan, mana pelayanannya ga ngasih kabar mending kalo sebentar, lah ini 4 jam, kaga ada respon atau apa kocak kocak, ga lagi lagi dah belanja online di aplikasi ini Jelek bgt sistemnya"",1,1,4.47.1,2026-03-11 03:41:26,""Hai, Kak. Mohon maaf atas kendala yang terjadi. Mengenai notifikasi kurir, perubahan toko pengirim, dan pembatalan pesanan akan menjadi catatan untuk perbaikan sistem kami ke depannya. Kakak dapat menghubungi Shalma melalui DM Instagram Alfagift dengan melampirkan kode #3458776 agar dibantu pengecekan.😊^kip"",2026-03-11 04:10:14,4.47.1";
"57cf692a-ca04-4eec-8616-9c6b596efed6,Ratu Keysia,https://play-lh.googleusercontent.com/a/ACg8ocL9YOJuoXgdctj-e-WhYLBnYPo-8m13g2aPnNKP3e37P0zQxz0=mo,""hati² belanja di Alfagift non cod pengalaman saya belanja pembayaran pakai spaylater,sudah berhasil namun pesanan di batalkan otomatis oleh aplikasi Alfagift. saldo saya terpotong dan tagihanpun sudah keluar barang pesanan tidak saya terima. saya komplain dr tanggal 28januari sampai skrg tidak ada respon baik dr pihak Alfa. padahal saya ada bukti pembayaran berhasil dr pihak shopee. saya sangat dirugikan maka dr itu saya beri bintang1 Krn pelayanan Alfagift sangat BURUK & bikin trauma belanja"",1,2,4.46.0,2026-01-30 02:36:20,""Hai, Kak. Mohon maaf atas kendala yang Kakak alami. Kami mengerti kekecewaan Kakak terkait hal ini. Kakak dapat menghubungi Shalma melalui DM Instagram Alfagift dengan melampirkan kode #3283474 agar dibantu pengecekan.🙏 ^ts"",2026-01-30 03:39:31,4.46.0";
"2d449154-dc8e-4e5d-822d-6c81e05fd456,Rama Lim,https://play-lh.googleusercontent.com/a/ACg8ocJZscjcjoLY1McuP5TMdHUl4EmqsDNF4LWyhSExPiudOOrelA=mo,""hati hati kalo bayar di kasir misal tawarin member alfa ga usah dikasih aja. mending pake struk. karena kadang hasil belanja kita yang katanya masuk ke alfagift member tapi ga masuk. lalu harga saat tertera di tag holder barang sama saat dikasir beda. terutama yang harga jual sedang promo"""" ."",3,1,4.47.1,2026-02-25 10:15:00,""Hai, Kak. Maaf atas ketidaknyamanannya. Sebaiknya Kakak selalu perhatikan detail promo dan memastikan harga sesuai saat pembayaran. Jika ada kendala terkait Alfagift, Kakak dapat menghubungi Shalma melalui DM Instagram Alfagift dengan melampirkan kode #3378619 agar dibantu pengecekan.😊^kip"",2026-02-25 14:25:30,4.47.1";
"a7fa0421-257f-4c7f-9824-fffe64da0188,Duri dalam Daging,https://play-lh.googleusercontent.com/a/ACg8ocKXWwbDsm3QDNk2OUQ9wmJvBZVkf9rJ7YVnQwbjm0xyiOE94Q=mo,""parah banget sekarang alfagift ini, padahal dulu bagus, sekarang lamaaaa pengiriman nya, pesen sore, pukul setengah dua belas malam baru dikirim? bagaimana kalau gak ada orang di rumah? tolong perbaiki sistemnya ya, saya suka belanja di alfagift, tapi kalau kayak gini males belanja lagi jadi nya"",1,1,4.47.1,2026-03-06 16:13:56,""Hai, Kak. Mohon maaf atas kendala pengiriman yang Kakak alami. Kami terus berupaya meningkatkan kualitas layanan pengiriman Alfagift agar lebih cepat dan efisien. Kakak dapat menghubungi Shalma melalui DM Instagram Alfagift dengan melampirkan kode #3433988 agar dibantu pengecekan. 😊^kip"",2026-03-07 03:31:31,4.47.1";
"3dfe6245-30df-4a8f-acec-293c393e27fa,mifta huda,https://play-lh.googleusercontent.com/a-/ALV-UjUkqoZ3niuUVDzgVFxNFsBsu_PKkc4jRgsZ82Z68Bc52yg-rdA,""makin kesini makin tidak kompeten. tiap orderan pasti ada saja yang lupa dikirim. sudah 3 x lho ya orderan sampai tapi salah barang,barang lupa di masukan, barang ketinggalan di toko. di chat lama tidak respon pula"",2,1,4.47.1,2026-03-14 01:59:38,""Hai, Kak. Mohon maaf atas kendala yang dialami. Agar dapat dibantu pengecekan terkait orderan yang bermasalah, Kakak dapat menghubungi Shalma melalui DM Instagram Alfagift dengan melampirkan kode #3474653 ya 😊^kip"",2026-03-14 04:47:32,4.47.1";
"93d35392-5d09-4993-81f8-13bbb1ea7f08,Nindy Novrinawati,https://play-lh.googleusercontent.com/a-/ALV-UjXxt0-9fbe4lkVYz6w5Ql8kMWnyAo7DzJig-zMeCNn8Katq5e4,""Praktis dan cepat. Tapi beda toko beda pelayanan, ada toko yg kurirnya asal simpan barang pesanan tanpa konfirmasi. Alhamdulillah toko langganan saya gak seperti itu."",4,1,4.46.0,2026-02-12 03:26:51,""Hai, Kak! Terima kasih atas masukannya. Kami mohon maaf atas ketidaknyamanan yang terjadi. Kami akan terus berupaya meningkatkan kualitas pelayanan kurir kami. Kakak dapat menghubungi Shalma melalui DM Instagram Alfagift dengan melampirkan kode #3318990 agar dibantu pengecekan. 😊^kip"",2026-02-12 03:52:03,4.46.0";
"464fa66e-468e-4514-a7bf-ed5ee22c6d93,Devi Devi,https://play-lh.googleusercontent.com/a/ACg8ocLFHA2XjXgp3weVjJfHr-CIQuuefm0PTQb35GRWuLCEFuU_-g=mo,""Halo admin Saya mau info Pengembalian dana saya belum di refund Pembelian Pulsa di aplikasi Dana Disuruh tunggu 2x24 Jam,Masi belum kembali dananya. Disuruh tunggu lagi 7x24 Jam. Masi belum juga ada refund Dana *Chat IG official tidak membantu *CHAT aplikasi bolak balik balesan pesannya sama,dan sangat tidak membantu. TLP CS tidak bisa JADI BAGAIMAN INI,KENDALA REFUND DANA SAYA."",1,0,4.46.0,2026-02-06 03:36:43,""Hai Kak, mohon maaf atas ketidaknyamanan yang dialami. Kami terus berupaya meningkatkan kualitas layanan agar lebih baik. Terkait dengan kendala yang Kakak alami, mohon bantu kirim nomor pesanan & detail kendala via DM ke IG @Alfamart/@Alfagift_idn atau pusat bantuan Alfagift dengan kode #3305880. Terima kasih ^raf"",2026-02-06 09:18:24,4.46.0";
"a830c426-283a-4b97-8117-a167b3f3e00c,Farra Dibba,https://play-lh.googleusercontent.com/a/ACg8ocI2CN08C1QWEXYMss_BgUBtu4swS9oAHMl9m80YmNWaUox1Bg=mo,saya pesan alfa gift dapatnya di alfamart medoho semarang pengiriman di salah satu tennant queen city mall. di aplikasi status sudah terkirim namun sampai saat ini saya tidak menerima barangnya. dan tidak ada bukti foto siapa yang menerima saya sudah coba chat namun tidak ada respon sampai sekarang. tolong tanggung Jawabnya gimana ini?,1,2,4.47.1,2026-03-01 12:05:00,""Hai Kak, mohon maaf atas ketidaknyamanan yang dialami. Kami terus berupaya meningkatkan kualitas layanan agar lebih baik. Terkait dengan kendala yang Kakak alami, mohon bantu kirim nomor pesanan & detail kendala via DM ke IG @Alfamart/@Alfagift_idn atau pusat bantuan Alfagift dengan kode #3403148. Terima kasih ^raf"",2026-03-02 04:55:17,4.47.1";
"e90a46d2-1f43-47e9-b5cd-5f7a8c201d33,adji putra,https://play-lh.googleusercontent.com/a-/ALV-UjWAbvOFZ-49yBIPw4W1CQoUhV80v0f9Os42Bgzq3OU0rf6EBFz6zg,""Pengiriman gak jelas. dihubungi lewat aplikasi kalau mau kirim. habis itu berubah status jadi """"akan segera dikirim ulang"""" ditanyai kirim kapan gak dijawab. diminta kalau berubah jadwal kirim sore aja soalnya mau pergi gak dijawab juga. waktu baru pergi tiba2 di hubungi udah sampai, saya minta untuk tunggu cuma 10 menit gak ditunggu alasannya gaboleh nunggu lebih dari 5 menit. ini beli galon, lalu saya disuruh ngembaliin galon kosong ke toko. memang kesalahan di saya ya?"",1,0,4.47.1,2026-03-03 07:41:09,""Hai Kak, mohon maaf atas ketidaknyamanan yang dialami. Kami terus berupaya meningkatkan kualitas layanan agar lebih baik. Terkait dengan kendala yang Kakak alami, mohon bantu kirim nomor pesanan & detail kendala via DM ke IG @Alfamart/@Alfagift_idn atau pusat bantuan Alfagift dengan kode #3413729. Terima kasih ^raf"",2026-03-03 08:30:36,4.47.1";
"e97d2a48-6ac0-4af5-8a9c-f73309e88cfd,JASUND CHANNEL OFFICIAL,https://play-lh.googleusercontent.com/a/ACg8ocLIBqkPzDgNkXgXfpWVvkSMMiYrX0-1gvUy5livreL21f8tkg=mo,""kecewa pelayan setengah jam belum dikirim juga mohon lebih diperhatikan lagi dimana barang saya pengiriman sering lelet lambat kadang ketinggalan menunggu lama, teruntuk Alfa mart cikalongsari Jatisari Karawang ya. terimakasih walaupun saya member jangan lihat cod dan online"",2,1,4.46.0,2026-02-01 07:07:39,""Hai, Kak. Mohon maaf atas kendala yang Kakak alami. Untuk pengecekan lebih lanjut terkait pesanan, Kakak dapat menghubungi Shalma melalui DM Instagram Alfagift dengan melampirkan kode #3290669 agar dibantu pengecekan.😊^kip"",2026-02-01 15:01:04,4.46.0";
"13b8e581-b289-40f8-ad36-79e75cac7d6d,Jiazhen zuli,https://play-lh.googleusercontent.com/a/ACg8ocJFEiL8fsnFelMXmatXpaXu1bbMlruzS9x8quc64naGAZLN4g4=mo,""belanja online banyak promonya, pembayaran juga mudah..tapi kadang beli barang jumlahnya kurang..mohon saat pengemasan barang di setiap toko lebih teliti lagi."",4,1,4.47.1,2026-03-05 22:16:06,,,4.47.1";
"13a668a2-1be0-446f-a04c-be6c6621383f,J.A Pinaria,https://play-lh.googleusercontent.com/a-/ALV-UjUrrzqemN-pWVXJQpMyBLE9___5CBuRQZyyelEVkEke_yUNjdzv,""Coba cek lagi min, di HP saya menu keranjang blank merah aja. sekarang menu pemilihan metode pembayaran blank putih. saya sudah email, tapi balasannya sangat bertele tele. saya sudah kirim SS namun balasan tetap meminta SS."",1,2,4.47.0,2026-02-20 03:26:49,""Hai, Kak. Kami mohon maaf atas ketidaknyamanannya. Terkait kendala pada aplikasi, agar bisa kami bantu investigasi, Kakak dapat menghubungi Shalma melalui DM Instagram Alfagift dengan melampirkan kode #3351818. Terima kasih.😊^kip"",2026-02-21 13:10:05,4.47.0";
"e999c06b-ba4d-47f0-bda3-12248040d7a6,Hafiz Qalbi Nurhuda,https://play-lh.googleusercontent.com/a-/ALV-UjWbanWfmzuzB_99ZVOvW7Y1LOU8drjIGgXrWONdLjxj6xkpDLdR,""Pesanan ga sampe-sampe, padahal udah 24 jam lebih nungguin, pihak alfamartnya gaada respon sama sekali, gabisa melakukan refund, kecewa gw sama nih delivery, ga ada tanggung jawabnya sama sekali dari para karyawannya."",1,0,4.46.0,2026-02-14 07:09:57,""Hai, Kak. Maaf banget atas kendala yang dialami, tolong kirimkan detail kendala dan data lainnya melalui DM IG Alfamart/Alfagift agar Shalma bantu cek ya, Kak. 😊^Yna"",2026-02-14 14:05:54,4.46.0";
"73564a24-45d5-4dd5-8e90-f7b16d4b3eec,Max Tollenar,https://play-lh.googleusercontent.com/a-/ALV-UjXAPcUGOBT5A6I1KRNemz2aKLRofz5HBuraeTAm1ZkCysiezfdP,""SEMAKIN ANEH, pengiriman sampai di hari yang sama? SEMAKIN MERAGUKAN! kalau memang tidak bisa dikirim di hari yang sama ya confirm ke customer! ini customer udah ngechat berkali2, ceklis 1, gak ada info sama sekali."",1,0,4.47.1,2026-03-05 21:14:27,""Hai, Kak. Mohon maaf atas kendala yang terjadi. Untuk pengecekan lebih lanjut terkait pengiriman, Kakak dapat menghubungi Shalma melalui DM Instagram Alfagift dengan melampirkan kode #3428334 agar dibantu pengecekan.🙏^ts"",2026-03-06 01:07:23,4.47.1";
"cbf68d0d-97aa-434b-ac9a-e9db8612896b,Indah Eka Wardani,https://play-lh.googleusercontent.com/a/ACg8ocIJRDvFV5DLa7DQt4PtbEEWiCnGfPn2wOH6DEOFDKp-UgR86g=mo,""layanan slowrespon, barang datang diletakkan dibawah, tdk memberi info/menelp cs, akhirnya popmie digigit tikus, katanya mau diganti, tapi tdk kunjung datang, kecewa bangettttt, padahal awal pakai alfagift petugas yg mau kirim kermh cs wa dan telp cs terlebih dahulu, jadi barang aman sampai di cs, mana slowresssponnnnnn pake bangetttt, jadi mikir2 klo mau belanja lagi pakai, hadeuhhhhh, kecewaaaa pake bangettttttt.."",1,1,4.47.1,2026-03-03 12:54:35,""Hai, Kak. Mohon maaf atas kendala yang terjadi. Terkait penggantian pop mie yang belum datang dan respons yang kurang cepat, Kakak dapat menghubungi Shalma melalui DM Instagram Alfagift dengan melampirkan kode #3415519 agar dibantu pengecekan. 🙏^kip"",2026-03-03 21:58:12,4.47.1";
"7adda0a7-0909-43d8-91a6-7a27007da3bd,Rokman ningsih,https://play-lh.googleusercontent.com/a/ACg8ocLQENbeb8mr0xcFdDLXj2Mv9xCmt0sYN9Ku-mHXH5nl8e63vw=mo,""nomor saya tiba tiba tidak terdaftar lagi, katanya sudah tidak aktif atas permintaan saya, tapi saya baru login kemarin dan tidak melakukan apapun, tiba tiba keluar sendiri dan seperti itu. itu gimana ya kejelasannya"",1,0,4.47.1,2026-03-10 10:56:01,""Hai, Kak. Mohon maaf atas kendala yang terjadi. Untuk pengecekan lebih lanjut terkait status nomor Kakak, Kakak dapat menghubungi Shalma melalui DM Instagram Alfagift dengan melampirkan kode #3455696 agar dibantu pengecekan. 😊^ynaa"",2026-03-12 02:08:01,4.47.1";
"0d7664b6-c6cc-4e72-ac15-703110f6f3ef,Akbar David,https://play-lh.googleusercontent.com/a-/ALV-UjXsLMSUNIamj6XkxeQy438YrIPtn-epwiYjHirZiBNupV9ONm1P,""hapus aj aplikasinya, karyawan tidak mau antar barang yg sudah di beli lewat aplikasi, dengan alasan jarak terlalu jauh, klo memang terlalu jauh kenapa dari aplikasi menerima pesanan? mana pengajuan dana refund di tolak. hapus aj aplikasiny"",1,5,4.47.1,2026-03-02 11:55:24,""Hai, Kak. Mohon maaf atas kendala pesanan dan pengajuan refund yang ditolak. Hal ini akan menjadi evaluasi kami untuk kedepannya. Kakak dapat menghubungi Shalma melalui DM Instagram Alfagift dengan melampirkan kode #3409204 agar dibantu pengecekan. 🙏 ^ts"",2026-03-03 06:03:55,4.47.1";
"8e418ac7-4a32-4cbd-b863-def0a5ff53df,ZAZHAYORA CHANNEL,https://play-lh.googleusercontent.com/a-/ALV-UjWWA3HoTTMIL94DY5dMbwaxajeOlyuJ571JwCslmCesqjtiCx4,""prosedur refund ribet. 3x pesanan dibatalkan toko karna produk expired. utk refund tidak ada opsi mengisi nomor rekening kita, diminta ngisi no rek tapi tidak bisa mengisi karna tdk ada menu utk mengisi no rek, alhasil uang hangus tdk kembali"",1,2,4.47.1,2026-02-23 11:32:32,""Hai, Kak. Mohon maaf atas kendala refund yang Kakak alami. Untuk kendala pengisian nomor rekening, akan kami bantu periksa lebih lanjut. Kakak dapat menghubungi Shalma melalui DM Instagram Alfagift dengan melampirkan kode #3369563 agar dibantu pengecekan.😊^kip"",2026-02-23 14:16:15,4.47.1";
"b16e2136-d90b-412a-9b06-c0f7274aca22,Ria Adja,https://play-lh.googleusercontent.com/a/ACg8ocJdwnrHEOZfsWdyP9N6SR_Amo76w0HQXJmv-BJmSEXmn2Blqg=mo,""pelayanan nya lama,hari ini aku nyoba bayar wifi pake alfagift karna emang kondisi lagi ga bisa keluar,tpi ternyata gagal di karenakan sedang gangguan, saya coba ajukan pengembalian dana tpi lama banget, duit saya belom kembali juga,tolong dong cepet di balikin duit nya krna emang itu buat bayar wifi lagi.trimakasih."",1,1,4.47.0,2026-02-18 10:18:00,""Hai, Kak. Mohon maaf atas kendala yang terjadi. Terkait pengembalian dana, akan kami bantu percepat prosesnya ya. Kakak dapat menghubungi Shalma melalui DM Instagram Alfagift dengan melampirkan kode #3336422 agar dibantu pengecekan. 😊 ^ts"",2026-02-18 13:40:05,4.47.0";
"7b40e5a0-30fe-455c-a82b-18934f706488,Afriando Afriando Ko,https://play-lh.googleusercontent.com/a/ACg8ocKLcFKntKp8RF9_lHAGXP3TADrbHp8_YKIXIF7l8MO56qP1Sw=mo,bintang 1 pun gua rasa msh terlalu kebagusan karna pengantaran super duper lama. notelp toko nya di chat wa slow respon banget kayak rame aja tokonya. padahal cuma pesen coffee bean nya doang secup aja. di apk nganter dari jam 11:25 sampai 13:45 gak ada kabar sama sekali. najiss nyesel banget. cukup gak lagi lagi...,1,1,4.47.1,2026-03-09 06:46:53,""Hai, Kak. Mohon maaf atas kendala pengantaran yang Kakak alami. Kami sarankan untuk memastikan jaringan stabil saat memesan agar proses berjalan lancar. Kakak dapat menghubungi Shalma melalui DM Instagram Alfagift dengan melampirkan kode #3448238 agar dibantu pengecekan. 😊^ts"",2026-03-09 07:59:59,4.47.1";
"af20418b-d715-4668-ae6e-740f0aeed8be,Second Chance,https://play-lh.googleusercontent.com/a-/ALV-UjXWTgG8_lOHWg7CXElVvUF2aDJmHlPiRAVHNLT8eukpUJ54Hkw,""lama lama muak dengan sistem pengiriman yang milih """"pengiriman 1 jam setelah pembayaran"""" malah buktinya dari jam 7 malam dikirim jam 10 malam. apa apaan bobrok amat di kabari lewat pesan ga dibales bales lagi."",3,2,4.47.1,2026-03-08 14:49:27,,,4.47.1";
"51969704-cdd8-4ab8-bdd7-cf47b72a98f6,Kelvin Allen,https://play-lh.googleusercontent.com/a-/ALV-UjWMfFkLv-qKr7am-48ysCUCCACPGTtrmbf9VEcgsr2xeFo8b0Qttg,""aplikasi ini sebetulnya niat nya untuk delivery apa gimana ? tolong siapkan driver yang siaga, jangan pakai karyawan store, yang kalau sedang banyak customer, menunda pengiriman pengalaman sedang sakit dan membutuhkan obat saat dirumah kehabisan, pengiriman bisa lebih dari 1 jam, selalu seperti itu. tolong kalau memang ada aplikasi delivery, tolong siapkan juga driver yang standby, jangan libatkan karyawan store yang sudah pasti tidak bisa siaga pengiriman. apalagi situasi genting tentang sakit."",1,3,4.46.0,2026-01-21 13:46:07,""Hi, Kak, maaf banget ya buat kendalanya. Biar Shalma bantu cek, mohon infokan detail kendalanya melalui DM Instagram @alfagift_idn dengan memberikan kode #3262317 ya. Kejadian ini akan Shalma jadikan evaluasi untuk lebih baik lagi Kak. Terima kasih :) ^js"",2026-01-21 17:36:13,4.46.0";
"08c92940-1aae-4ee2-8ae0-d21680a9cf10,Aldi Lesmana,https://play-lh.googleusercontent.com/a-/ALV-UjWW_VSunKtVwF8IE_JvUdnBrpeahkuuqy_DYe1U2NU79laZXL2C,kecewa banget sih ini baru pertama kali dan juga pertama pesan di Alfagift ini yang di aplikasi sedang dikirim tetapi ada kendala dan terus dari pihak aplikasi Alfagift nya agak lama tapi ini udah lebih dari dua jam menunggu dan belum datang juga. tolong pihak Alfa agar memprioritaskan costumer offline ataupun yang online,1,0,4.46.0,2026-01-29 15:13:40,""Hai, Kak Aldi. Maaf ya untuk ketidaknyamanannya. Kami mengerti kekecewaan Kakak terkait dengan pengiriman pesanan yang terkendala. Apabila pesanan hingga saat ini belum diterima, Kakak dapat menghubungi Shalma melalui DM Instagram @Alfagift_idn dengan melampirkan kode #3282708 agar dibantu pengecekan lebih lanjut. Terima kasih ^esf 😊"",2026-01-30 03:09:25,4.46.0";
"a9f37493-0447-4a1c-a60b-1d0e2f1ce0be,anas abiyyu,https://play-lh.googleusercontent.com/a/ACg8ocL30POwqOxz5lMzQn4wQnTnW241ekWo7nVBlMbCLZ6w9qugIg=mo,""udah bagus sebenernya, cuman tolong dong rada niat pas di chat kalo lagi pesen kebutuhan pokok, terus tolong nih kasih lacak pas proses pengantaran lebih jelas dan pembeli bisa mantau, udah di tunggu gak dateng dateng, gilirang di tinggal dateng soalnya gak tau udah sampai mana kurir alfanya. semoga update kedepannya sudah lebih baik lagi, biar pembeli lebih gampang memantau barang belanjaanya🙏"",3,2,4.47.1,2026-03-07 13:30:55,,,4.47.1";
"04662070-929e-4b89-8ec2-feb30772b0a5,shovia via (pesek),https://play-lh.googleusercontent.com/a-/ALV-UjVFFiJ8s1Z4d6DGdH81TXYf7cxgL5v4KUicEgdcq-Vh1AMD5VU,kenapa saya tidak bisa buka alfagif kak..apa lgi gangguan..Bru mau cekout eh keluar2 sendiri dri aplikasi nya. mau masuk lgi GK bisa akhire saya hapus saya download lagi tetep GK bisa masuk kenapa ya..nnti saya perbaruin bintangnya kalau sudah pulih trimakasih 🙏🏻,2,1,4.47.1,2026-02-23 01:32:17,""Hai, Kak. Mohon maaf atas ketidaknyamanannya. Kami sarankan untuk coba menutup aplikasi lain yang berjalan dan bersihkan cache Alfagift. Jika belum berhasil, Kakak dapat menghubungi Shalma melalui DM Instagram Alfagift dengan melampirkan kode #3365892 agar dibantu pengecekan.😊^kip"",2026-02-23 04:33:53,4.47.1";
"733d5012-44ca-4693-82b9-79603696d1c5,Stefani Sekar Larasati,https://play-lh.googleusercontent.com/a-/ALV-UjW2-YUWv2NIF24iiIs3RECFYIoc5LjUp0BVDkmgntuuJyPPqbiJ,""Maaf kali ini saya terlanjur kecewa, saya bikin estimasi smpe jam 21.00 karna info karyawan emang lagi rame, saya maklumin. Saya cuman beli minuman aja 1 tok dari bean, saya chat berulang katanya udh mau dikirim jam 11, saya tungguin ga dtg2, saya ajukan refund, pas jam 12 malem staff chat saya mau dikirim atau ngga, tlg dipikirlah udh jam 12 malem ganggu orang tidur ga? Tolong ditingkatin lagi buat dc parung. Saya kira bakal bagus nih aplikasi, nyatanya staf lama banget"",1,0,4.46.0,2026-01-24 23:22:34,""Hi, Kak, maaf banget ya buat kendalanya. Biar Shalma bantu cek, mohon infokan detail kendalanya melalui DM Instagram @alfagift_idn dengan memberikan kode #3270343 ya. Kejadian ini akan Shalma jadikan evaluasi untuk lebih baik lagi Kak. Terima kasih :) ^rr"",2026-01-25 02:27:08,4.46.0";
"10a6d892-0f27-4aaf-9d9a-b2ced2b597bf,Lina,https://play-lh.googleusercontent.com/a/ACg8ocI0eermi2pFaVeWxyzDBoZWZ8eQG0J4kbXqD2BR4gm0epTKkQ=mo,""baru kali ini dibikin kecewa sama alfagift. biasa 1 jam sampe ini sudah lebih dr 8 jam orderan belom sampe rumah, posisi alamat dan toko tidak terlalu jauh , di chat respon nya kurang memuaskan."",2,0,4.47.1,2026-03-13 14:34:08,""Hai Kak, mohon maaf atas ketidaknyamanan yang dialami. Kami terus berupaya meningkatkan kualitas layanan agar lebih baik. Terkait dengan kendala yang Kakak alami, mohon bantu kirimkan detail kendala melalui DM ke IG @Alfamart/@Alfagift_idn atau pusat bantuan Alfagift dengan kode #3473320. Terima kasih😊️ ^rsf"",2026-03-14 04:07:17,4.47.1";
"6c72b410-6fc1-4967-ae6c-36ed5a3bedc6,hanna ulinnuha,https://play-lh.googleusercontent.com/a-/ALV-UjV07Wpym-6kLtflXAbdKmwQWr9l_rE0-HEcp5ZHTkybuzRRF0k,""kemarin pas tanggal 14 februari gw pesen 5 produk disini dan yg dateng cuma 3 produk, dan itu udah dibayar duluan. bukan COD, gw udh ngechat alfanya udh ngespam chat juga tp slow respon, malah cuma ditanya itu """"ats nama siapa kk pesanan tgl brp"""" udh gw bales tp ga ada balesan lagi dari alfa itu, nominalnya emang dikit sih total 108.800, tp gw kecewa aja, knp bisa setledor itu dan malah ga ada tindakan berlanjut"",1,3,4.47.1,2026-02-24 00:53:00,""Hai, Kak. Mohon maaf atas ketidaknyamanan yang Kakak alami terkait pesanan pada tanggal 14 Februari dan lambatnya respon dari tim kami. Kami sangat menyesal ada 2 produk yang tidak terkirim padahal sudah dibayar. Kejadian ini akan kami jadikan evaluasi serius untuk perbaikan koordinasi internal dan kecepatan penanganan keluhan Kakak ke depannya. 🙏"",2026-02-24 04:17:25,4.47.1";
"3b99865e-c885-4447-86f4-bda8d08ccb0b,Ervi wiranata TE,https://play-lh.googleusercontent.com/a-/ALV-UjWZ8w0oceIla7mtcCPF3HqQrQsvL82u_GsmxLWveS3j48ho6cI,""Sekarang Poin belanjanya makin dikit, padahal salah satu tujuan punya member biar bisa tukar poin,belum lagi kadang gk masuk ke alfagift struknya,alhasil gk ada tambahan poin hadehhh"",1,0,4.46.0,2026-02-13 06:12:10,""Hai, Kak. Mohon maaf atas ketidaknyamanannya terkait poin dan kendala pada Alfagift. Kakak dapat menghubungi Shalma melalui DM Instagram Alfagift dengan melampirkan kode #3321344 agar dibantu pengecekan.😊 ^ts"",2026-02-13 06:56:22,4.46.0";
"3fb5e3fe-2350-4c05-bc5a-ba262192a6a6,Nur Hayati,https://play-lh.googleusercontent.com/a-/ALV-UjVZBrYK7wXDRzFVe_x9tsHhA_XsDkvpDl29U9EoFpEVSDmxoSMJ,""aplikasinya aduhh rada-rada mana udh kgk bisa ganti toko (klo semisalnya di toko cabang A stok abis, minimal bgt bisa pindah ke cabang lain), ditambah gabisa ganti metode pembayaran, kadang klo lg awalnya bayar dr e-wallet kgk bisa mau pindah ke cash aja malah ga bisa di ganti metodenya mau ga mau nunggu sampe 60 menit, hadehhh, kdang klo lg urgent bgt jdnya bikin kesel😭😭, di kembangin lg deh alfa, pdhal aplikasi nya bagus gampang di pahamin"",3,0,4.47.1,2026-02-25 13:23:15,""Hai, Kak. Maaf atas ketidaknyamanannya. Kami mengerti fitur ganti toko & metode pembayaran penting saat stok habis/urgent. Masukan Kakak sangat berharga untuk pengembangan aplikasi Alfagift ke depannya. Kakak dapat menghubungi Shalma melalui DM Instagram Alfagift dengan melampirkan kode #3379421 agar dibantu pengecekan. 😊^kip"",2026-02-25 14:13:41,4.47.1";
"6cd20ca5-b9f3-401b-8d4f-537bb4efe721,Sani Nuraenii,https://play-lh.googleusercontent.com/a/ACg8ocKVdz72i4RGB8ADcJZLM1LybhMRcy8nSQQ7yWFOF-gPyYWJ_v8=mo,nganter pesenannya lama banget padahal pakai opsi 1 jam setelah pembayaran. ini udah mau 2 jam belum nyampe nyampe. pilihan produk juga terbatas banget,3,0,4.47.1,2026-03-01 10:38:46,""Hai Kak, mohon maaf atas ketidaknyamanan yang dialami. Kami terus berupaya meningkatkan kualitas layanan agar lebih baik. Terkait dengan kendala yang Kakak alami, mohon bantu kirim nomor pesanan & detail kendala via DM ke IG @Alfamart/@Alfagift_idn atau pusat bantuan Alfagift dengan kode #3402622. Terima kasih ^raf"",2026-03-01 10:55:03,4.47.1";
"4a56c66f-9629-4ade-883f-929d6910cdda,Jenyyy Abcd,https://play-lh.googleusercontent.com/a/ACg8ocLEodpPEKUe11JANtLtneJxTbU-tBHMwnzbCM5YbOH0DAGb-A=mo,""hati² belanja di Alfagift non cod pengalaman saya belanja pembayaran pakai spaylater,sudah berhasil namun pesanan di batalkan otomatis oleh aplikasi Alfagift. saldo saya terpotong dan tagihanpun sudah keluar barang pesanan tidak saya terima. saya komplain dr tanggal 28januari sampai skrg tidak ada respon baik dr pihak Alfa. padahal saya ada bukti pembayaran berhasil dr pihak shopee. saya sangat dirugikan"",1,35,4.46.0,2026-01-30 02:57:24,""Hai, Kak. Maaf banget atas kendala yang dialami, tolong kirimkan detail kendala dan data lainnya melalui DM IG Alfamart/Alfagift agar Shalma bantu cek ya, Kak. 😊^Yna"",2026-01-30 06:17:50,4.46.0";
"21b52797-f427-4bca-be1c-aef499eb7854,Tri murti Ningsih,https://play-lh.googleusercontent.com/a/ACg8ocIctZwGRLrN5ma1bxCotyuVLPp6YdHIUIqxLr4hHeK1IlMEuw=mo,kenapa setiap pesan barang lebih lama dari estimasi waktu bisa lebih 30-50menit dari waktu yg udah dipilih mlh kadang bisa melebihi waktu tersebut males mau ganti aplikasi aja,1,1,4.46.0,2026-01-29 04:50:14,""Hi, Kak. Maaf banget ya buat kendalanya. Biar Shalma bantu cek, mohon infokan detail kendalanya melalui DM Instagram @alfagift_idn dengan memberikan kode #3280560 ya. Kejadian ini akan Shalma jadikan evaluasi untuk lebih baik lagi Kak. Terima kasih :) ^Es"",2026-01-29 05:02:05,4.46.0";
"f331d02e-409f-4ffa-86df-e496ea500b8e,Raufa Dede,https://play-lh.googleusercontent.com/a-/ALV-UjWzsKYIgB5GBoKsYumCZR6mLVuju_DAWvSpmNfYSJi2irh9zTuA,""kacau sekrg , pesenan di tumpukin jadi satu lewat gudang . yg biasa sejam nyampe jdi ga bsaa , bagus kayak dulu aja sesuai toko terdekat, kalo urgent enakan toko terdekat . ini mah pesan pagi kebagian jam nya jam 4 sore itu pun lelet juga jam 6 magrib baru nyampe . anak gue keburu kejer nungguin susu .. balikin aja ke awal deh kalo bisa , ga efisien ,masa kalah sma indomaret dn astro . kacau deh kacau alfagift . kalo ada bintang setengah gue kasih setengah deh"",1,1,4.46.0,2026-01-29 09:28:50,""Hai, Kak Raufa. Maaf banget untuk kendala pengiriman yang dialami. Kami terus berupaya meningkatkan layanan agar pengiriman lebih cepat. Kakak dapat menghubungi Shalma melalui DM Instagram Alfagift dengan melampirkan kode #3281525 agar dibantu pengecekan lebih lanjut. Terima kasih ^esf 🙏"",2026-02-02 04:44:23,4.46.0";
"9ae4710a-b4d6-4359-9aa1-08210cf6e5ac,Ella Angelina,https://play-lh.googleusercontent.com/a/ACg8ocKLeSnlB-i2rp2UQ-q-uQAU59Y0VqLRZJwy7E6plxYrxru9Lw=mo,pesanan tidak bisa dibatalkan kalau kesalahan ada di pihak pengantar.. dan kurir yang bertugas juga terlalu lambat.. gak guna aplikasi ini. lebih baik jemput sendiri,1,2,4.47.1,2026-02-22 05:35:41,""Hai Kak, mohon maaf atas ketidaknyamanan yang dialami. Kami terus berupaya meningkatkan kualitas layanan agar lebih baik. Terkait dengan kendala yang Kakak alami, mohon bantu kirimkan detail kendala melalui DM ke IG @Alfamart/@Alfagift_idn atau pusat bantuan Alfagift dengan kode #3359810. Terima kasih😊️ ^rsf"",2026-02-22 06:49:02,4.47.1";
"580eec66-0c0e-4878-aec0-e59e56eebff9,Liejaya Leo,https://play-lh.googleusercontent.com/a/ACg8ocKuur9r0DOt9NywOngXlzoUteacXhFuQARlvHuVt97SzuZEJg=mo,""cs tidak becus,nomor saya hak saya tapi mereka tidak bisa mengubah data pengguna lama ke pengguna baru,tidak ada alasan pasti mengapa pengguna sebelumnya tidak bisa diganti data saya sebagai pengguna resmi nomor ini saat ini,tolong diperbaiki sistem alfa yg tidak becus ini,sangat buruk"",1,1,4.47.1,2026-03-15 06:26:28,""Hai Kak, mohon maaf atas ketidaknyamanan yang dialami. Kami terus berupaya meningkatkan kualitas layanan agar lebih baik. Terkait dengan kendala yang Kakak alami, mohon bantu kirimkan nomor member & detail kendala melalui DM ke IG @Alfamart/@Alfagift_idn atau pusat bantuan Alfagift dengan kode #3480699. Terima kasih ^raf"",2026-03-15 06:55:48,4.47.1";
"2b5a9677-ca8e-4353-a61f-1fd00c5798d3,Octavia Bakri,https://play-lh.googleusercontent.com/a-/ALV-UjV_tHkIVuA1tVCV8f7X5D8ymBZr-LiZs3-vQCvJ70HC-_p0rVs,""pesanan gudang sejak tanggal 25 feb sampe sekrang 1 maret belum dikirim dari gudang ke toko . estimasi paling lambat padahal kemari di 28 feb . tak pernah sekecewa ini , karna belanjaannya ada yg buat taroh di masjid buat buka puasa ."",1,2,4.47.1,2026-03-01 15:26:23,""Hai Kak, mohon maaf atas ketidaknyamanan yang dialami. Kami terus berupaya meningkatkan kualitas layanan agar lebih baik. Terkait dengan kendala yang Kakak alami, mohon bantu kirim nomor pesanan & detail kendala via DM ke IG @Alfamart/@Alfagift_idn atau pusat bantuan Alfagift dengan kode #3404389. Terima kasih ^raf"",2026-03-02 02:09:32,4.47.1";
"7f314210-0ded-4c27-b030-f2c6250728f1,Naila Trisna,https://play-lh.googleusercontent.com/a/ACg8ocLcUYZ9DODo5380wv9t7eeLpscli3VRqHPg2fJWadnd8bps7A=mo,""bagus sih ini apknya.... sangat"""" membantu sekali buat kaum"""" yng mager an buat keluar..... saran dong min tambah in buat metode pembayaran nya tuh pakek qris min biar yang nggk punya bank mandiri tuh tetep bisa gitu TF tanpa admin"",5,27,4.46.0,2026-02-10 22:54:42,,,4.46.0";
ef69c50b-1216-43c0-810f-4e908c0d8f5f,ven Kiy,https://play-lh.googleusercontent.com/a-/ALV-UjUWCSg5IfWxmCbL2lLjIaiTYor_a39Adxd5pyXc_NsxI7gZj1E,awalnya bagus kok diantar kerumah dengan baik.tp 2 kali terakhir ini gk mau diantar karena masuk kealfamart yg jaraknya diluar batas pengiriman.tolong yah minimal dikasih peringatan kepembeli pesananannya masuk kealfamart mana biar mereka gk bingung harus gimana..pengembalian dana terutama shoope butuh waktu lama 3 harian.gmn kalau uangnya kepepet emang lg butuh bareng itu dihari itu juga.udh 2 kali yah saya kecewa berat.saya loh yang mempromosikan apk ini kekeluarga.sampai keluarga saya langgan,1,1,4.46.0,2026-02-03 08:20:29,,,4.46.0;
"8db7a463-02e0-4958-950d-d523d820fc07,Suzzan Tries,https://play-lh.googleusercontent.com/a-/ALV-UjUJ4O55OZWHcETywuqnHMMIvd2S1Zn76SzZcH-l172CJXuTO-Uy,""tolong adakan fitur telpooon ya min di chatnya, susah skali hubungin kurirnya gak respon², entah itu salah alamat, salah barang, barang kurang yg diantar, gak bisa dihubungi lewat chat. sangat membuang buang waktu"",2,0,4.47.1,2026-03-03 05:18:52,""Hai, Kak. Terima kasih atas sarannya! Kami mengerti fitur telepon akan sangat membantu komunikasi dengan kurir. Saat ini, komunikasi bisa dilakukan via chat. Jika ada kendala pengiriman, Kakak dapat menghubungi Shalma melalui DM Instagram Alfagift dengan melampirkan kode #3412776 agar dibantu pengecekan.😊^kip"",2026-03-03 06:43:03,4.47.1";
"f7a624b3-4ac0-4dd5-b4ce-3e1045f244f7,Purwati P,https://play-lh.googleusercontent.com/a/ACg8ocJrIxs91MxBkEBVBnDIC9bncvthMVKB-8H9pJCfmuAT002iCA=mo,saya pesan barang datangnya lama terus mau batalin pesanan tombol batalnya tuh nggak ada. kendala sih karena COD kata aplikasinya tapi kenapa lama banget datang barangnya,1,1,4.47.1,2026-03-05 05:47:29,""Hai, Kak. Mohon maaf atas keterlambatan pesanan Kakak. Kami siap membantu mengecek status kiriman dan kendala tombol batalnya. Kakak dapat menghubungi Shalma melalui DM Instagram Alfagift dengan melampirkan kode #3424545 agar dibantu pengecekan. 😊️^rsf"",2026-03-05 07:53:59,4.47.1";
"efec716f-4864-46e6-b500-4dec2f2fd43b,sef,https://play-lh.googleusercontent.com/a-/ALV-UjXDfOBe99gfjCCGhOUqCd65XB7AKiJP8_NjiyolLd141Tx5tQxm,""pertama kali coba pesen lewat apk, tapi barang belanjaan malah ditaruh depan pagar kurir tanpa permisi apalah.. main taruh2 trs ditinggal gitu aja... bisu ta? attitude nya kurang bgt. untung aja ga dimakan tikus"",1,0,4.47.1,2026-03-14 16:01:22,""Hai, Kak. Mohon maaf atas kejadian kurang menyenangkan ini. Agar dapat kami tindak lanjuti, Kakak dapat menghubungi Shalma melalui DM Instagram Alfagift dengan melampirkan kode #3478546 agar dibantu pengecekan 🙏^kip"",2026-03-14 23:19:12,4.47.1";
"8d11bc74-9065-4f5b-8551-5335e93cd963,Sabrina Ufairah,https://play-lh.googleusercontent.com/a/ACg8ocJ38NdhgB63I8zmHa5HLetR0gyEH98AKDmWEImyQbZm-VSeIQ=mo,""ALFAGIFT SUMBERJAYA 1 TAMBUN SELATAN BEKASI. Saya ada order dr jam 11siang. sampai jam 4sore blum ada titik hilal nya tuh barang kapan mau dianter. gila ya, ngapain nyantumin 1 jam sampai kalau gak sesuai???"",1,0,4.47.1,2026-03-09 08:59:06,""Hai, Kak. Mohon maaf atas kendala pesanan yang belum tiba. Untuk pengecekan lebih lanjut terkait pesanan Kakak, Kakak dapat menghubungi Shalma melalui DM Instagram Alfagift dengan melampirkan kode #3448986 agar dibantu pengecekan. 😊^ts"",2026-03-09 10:04:32,4.47.1";
"a4bf22fd-9114-4b77-8a7e-223f657b61b9,Arya Ramadhan,https://play-lh.googleusercontent.com/a-/ALV-UjULMs0eZnZ9rUiwnJPI1AWnEOmOKhhlzD6R_yq-hvd22GsJ5B1T,""semenjak update, pencarian produk yang biasanya dibeli kebanyakan ga ada. anehnya, kalau beli lagi dari transaksi berhasil sebelumnya malah ada produknya. sangat aneh."",1,1,4.46.0,2026-02-09 08:09:33,""Hai, Kak. Mohon maaf atas ketidaknyamanannya. Terkait kendala fitur pencarian produk setelah update, silakan coba hapus cache aplikasi secara berkala. Kakak dapat menghubungi Shalma melalui DM Instagram Alfagift dengan melampirkan kode #3313852 agar dibantu pengecekan. 🙏 ^ts"",2026-02-10 08:45:19,4.46.0";
"dd366a5a-f76b-4afb-afef-1a566b1b9092,Ezy _,https://play-lh.googleusercontent.com/a-/ALV-UjUkOzgYl613X0f_8m8U0SOQ_U4K4D2Z_rBuzA_EIodMR4ecsIV6,""slow respon banget, aplikasi jelek, pengiriman lama, karyawan ngaret, buat apa ada aplikasi pengiriman dan opsi pengiriman instant kalo ngirim nya aja lama, mentang mentang gratis ongkir. disuruh DM di instagram yang jawab nya Ai najis"",1,0,4.47.1,2026-03-05 11:43:28,""Hai Kak, mohon maaf atas ketidaknyamanan yang dialami. Kami terus berupaya meningkatkan kualitas layanan agar lebih baik. Terkait dengan kendala yang Kakak alami, mohon bantu kirimkan detail kendala melalui DM ke IG @Alfamart/@Alfagift_idn atau pusat bantuan Alfagift dengan kode #3426473. Terima kasih😊️ ^rsf"",2026-03-05 11:59:46,4.47.1";
"7898ab3e-c248-4160-823b-1b2497979281,Annisa Meidina,https://play-lh.googleusercontent.com/a/ACg8ocKrz3Kfgyd0hIpzDbXPBiSgUO6U_-R_V1YpHlXIHlXmxNdQcQ=mo,tolong di perbaiki lagi untuk kurir nya dan kemasan untuk konsumsi dan masa beli bayar nya full malah di balikin saldo nya kurang . tolong jujur jangan curang saya udah 2x kecewa gini gak ada respon nya dari pihak punya alfa nya,5,43,4.46.0,2026-01-29 13:33:35,""Hai, Ka Annisa. Mohon maaf atas kendala kurir dan kemasan yang dialami. Terkait selisih saldo, akan kami bantu cek ya. Kakak dapat menghubungi Shalma melalui DM Instagram Alfagift dengan melampirkan kode #3282388 agar dibantu pengecekan lebih lanjut ke tim terkait. Terima kasih ^esf.🙏"",2026-02-01 04:31:02,4.46.0";
"ecada3b1-d711-4f02-b6cd-59e6c796785e,Annisa Amanda Putri,https://play-lh.googleusercontent.com/a-/ALV-UjVC0095kd-mc2jSG19mcDycLukteCNcy0Jc4mweYg70UMyx2XBV,""baik, informatif, mempermudah customer jika ingin belanja, hanya saja untuk no hp tidak bisa di-update mungkin bisa dikembangkan krn alasan kehilangan no hp (hangus/hp hilang/dll) masih terjadi"",4,1,4.47.1,2026-02-24 05:12:36,""Hai, Kak. Terima kasih atas ulasan positif dan masukan berharga terkait pembaruan nomor HP. Kami sangat menghargai saran Kakak dan akan meneruskannya ke tim terkait untuk pengembangan aplikasi Alfagift yang lebih baik di masa mendatang. Semoga Alfagift terus mempermudah pengalaman belanja Kakak. ✨"",2026-02-24 07:20:41,4.47.1";
"96b020f0-94a1-4f49-92be-a2af96e75f60,Silvi,https://play-lh.googleusercontent.com/a-/ALV-UjWoX9guT3dgh7hmc-2yb2_5Tm8YU64gr4sAkysNW0RFXPNADv8,""Aokk lah, tadinya saya kasih binatang 5 di Alfagift soalnya biar mudah saya beli kebutuhan pokok buat keluarga dari perantauan buat emak saya, tapi setelah sering belanja di sini eeh ada aja barang yg ketinggalan lah kurang barangnya saat sampai rumah lah salah kirim ke alamat lah ntah ini pegawai nya gimana ada aja tiap belanja kendalanya, heran."",1,2,4.46.0,2026-02-04 23:05:03,""Hai, Kak. Mohon maaf atas kendala yang dialami. Untuk pengecekan lebih lanjut terkait pesanan, Kakak dapat menghubungi Shalma melalui DM Instagram Alfagift dengan melampirkan kode #3303005 agar dibantu pengecekan. 😊 ^ts"",2026-02-05 01:19:50,4.46.0";
"f9caa6cb-26d4-4a4a-a329-98c1700708b3,Raisha Syifa Azizah,https://play-lh.googleusercontent.com/a-/ALV-UjU3s5F6LfxF1nefe98Sw51dGuXegyisXsxXzv769BghSnb7u7GzCg,""lama banget dianterin nya, padahal tadi udah di proses dalam pengantaran tiba tiba tertunda aneh bangett. tolong diperbaiki lagi sistem nya. bikin nunggu lama banget udah 2 jam ga sampe sampe"",2,0,4.46.0,2026-01-28 09:31:33,""Hai, Kak. Kami turut menyesal atas kendala pengiriman yang Kakak alami. Supaya bisa kami bantu investigasi, Kakak dapat menghubungi Shalma melalui DM Instagram Alfagift dengan melampirkan kode #3278770 agar dibantu pengecekan. 😊 ^kip"",2026-01-28 10:55:09,4.46.0";
"0a571184-7548-410b-86e0-99afb01fd334,Florence Agnes,https://play-lh.googleusercontent.com/a/ACg8ocKNqfbltC1P5aBCI9X_VYosN8bgAVyF-49THkIbTRJhIEDbqQ=mo,""mau kasi masukan aja si kan di apk nya udh ada nampilin mau jam berapa di kirim, jam 15.30 katanya dalam pengiriman ku tungguin satu jam kok g dteng ² ku tinggal ke belakang bntr 5 menit e dteng udh di spam mungkin lain kali bisa di tampilkan waktu nya yg lebih spesifik di apk nya jadi customer tahu"",4,3,4.46.0,2026-01-26 09:57:32,""Hai, Kak. Terima kasih atas masukannya. Shalma akan evaluasi terkait estimasi waktu pengiriman yang lebih akurat di aplikasi Alfagift. Semoga ke depan lebih baik ya! 😊 ^js"",2026-01-26 11:25:49,4.46.0";
"5c24183d-9654-4f17-a037-b626dcb67227,NaSvt,https://play-lh.googleusercontent.com/a-/ALV-UjU1ZsGpmZkm-b6rJy7-nnIenQaa57IPl8WNYMd-Guyr-NL3WeA,""hallo tim pengembang aplikasi, apakah dapat menambahkan fitur perkiraan waktu sampai? Krna saya pesan sktr jam 10 malam & saldo saya habis jadi cod, besok baru dj antar, dan hnya ada notifi kurir sdng mengntr tidak ada waktu perkiraan datang jadi saya melakukan aktvts pagi sprti biasa karena saya kira jam 7 baru datang kurirnya ternyta jam setengah 7 sudah dtng posisi saya sdng di kamar mandi jadi pesnan di batalkan. saya tdk apa tpi pngguna lain klo urgent gmna? tolng tambhkan fitur prkirn wakt"",2,0,4.47.1,2026-03-14 00:08:27,""Hai, Kak. Mohon maaf atas kendala yang terjadi. Mengenai fitur perkiraan waktu sampai, akan kami teruskan sebagai masukan untuk pengembangan aplikasi Alfagift ya. Terima kasih atas sarannya 😊^kip"",2026-03-14 04:47:07,4.47.1";
"7a4dde7d-dbcb-4d7d-a342-cae8d86d374b,Eko Santoso,https://play-lh.googleusercontent.com/a-/ALV-UjUWX083rCBrD-_7FnzyXl3uTc9oTCFU4C5guIr_4VkFmSGWwe_N,""aplikasi terasa berat saat dibuka, menunggu lama untuk menampilkan isi halaman. hanya buang² waktu untuk menggunakannya aplikasi ini. buatlah aplikasi yang ringan dan mudah dipakai. hargai waktu orang maka aplikasi ini akan berharga...."",2,0,4.47.1,2026-02-25 22:20:09,""Hai, Kak. Maaf atas ketidaknyamanannya. Kami terus berupaya meningkatkan performa aplikasi agar lebih ringan dan mudah digunakan. Masukan Kakak sangat berharga bagi kami! 😊^kip"",2026-02-26 00:50:31,4.47.1";
"fe2a3f52-aa1c-4ea8-a951-46b3b4473630,Nani Cirebon,https://play-lh.googleusercontent.com/a/ACg8ocLk6CbJDOyV3gf-meGV_4IloheAzRkq0stsI0Hc6aLKRjc31Q=mo,""tgl 2 feb sayaa ambil orderan di toko mau di cancel dengan alasan barang sudah ada di keranjang konsumen lain yg masih liat2 barang dan belom transaksi pembayaran tutup fitur online samadikun Cirebon kalo caraY begitu sampe detik ini sore ga ada perkataan maaf dri mereka begoY knp saya yg dsuruh nunggu klo barang di ambil dri toko lain, harusY klo mau ambil cabang lain itu barang kasih ke saya yg sudah bayar nah bilang ke konsumen itu barangY tunggu d ambil di cabang lain barang blom saya ambil"",1,1,4.46.0,2026-02-02 08:39:02,""Hai, Kak. Kami mohon maaf atas kejadian kurang menyenangkan ini. Agar dapat kami bantu investigasi, Kakak dapat menghubungi Shalma melalui DM Instagram Alfagift dengan melampirkan kode #3295611. 🙏 ^kip"",2026-02-02 11:04:28,4.46.0";
"a68a9d4d-abba-410b-9ba4-cc8c4fb9d50c,Nila Lisahera,https://play-lh.googleusercontent.com/a/ACg8ocIvo2dAyWf-nnq_GIHAeUzbybeGdS1nw6qA9al7kx_WBixy4Q=mo,""jangan pesen di alfagift deh lama datengnya, 1 jam sampai buktinya sampai 2 jam tidak sampai"""". Mending kalian download Indomaret saja lebih cepat dan tepat waktu"",1,0,4.47.1,2026-03-13 14:52:15,""Hai Kak, mohon maaf atas ketidaknyamanan yang dialami. Kami terus berupaya meningkatkan kualitas layanan agar lebih baik. Terkait dengan kendala yang Kakak alami, mohon bantu kirimkan detail kendala melalui DM ke IG @Alfamart/@Alfagift_idn atau pusat bantuan Alfagift dengan kode #3473395. Terima kasih😊️ ^rsf"",2026-03-14 04:29:57,4.47.1";
"286c980c-3029-4345-a341-edd89b20d5a2,Sonnya,https://play-lh.googleusercontent.com/a/ACg8ocKPKPM5kQIdSuj_yFxS-wajlIv0uCdwpsLcdTL2vOW6RVSVBg=mo,belakangan sangat lambat pengirimannya... saya pesan 7 jam baru diantar pesan 10.27 diterima 17.30 (DS Galaxy) yang tadinya mau dipakai utk nyuci akhirnya batal nyuci. Klik Indomaret lebih cepet tepat waktu,2,0,4.47.1,2026-03-10 00:04:02,""Hai, Kak. Mohon maaf atas kendala pengiriman yang dialami. Kami terus berupaya meningkatkan kecepatan pengiriman agar lebih baik lagi. Kakak dapat menghubungi Shalma melalui DM Instagram Alfagift dengan melampirkan kode #3452039 agar dibantu pengecekan. 😊^Ynaa"",2026-03-10 04:18:35,4.47.1";
"b7e7c019-edd8-4ba3-b59e-6336d0dc0b3f,Raden Jannah,https://play-lh.googleusercontent.com/a-/ALV-UjWZNlHu3Xcv0tks9IspDG2TQ6G-qYU8BBqPnhsrsDrEWeiSFUwC,""Selalu lamaaaaa banget pengirimannya saya pesen jam berapa datang jam berapa, saat barang mau digunakan urgent tapi malah lelet pengirimannya, chat juga lama di respon...bayangin aja saya pesen jam 11 datang jam 3 sore UDAH GILAK KAN? BENER BENER GA REKOMEN NIH APLIKASI...MENDINGAN BELI ONLINE LAIN JANGAN DISINI, IKLANNYA ANTER SAT SET DENGAN ALFAGIFT HALAAAHH PRETTT LELET LAMA CHAT GA DI RESPON...PERBAIKIN DEH ATAU KEBURU BANYAK GA MAKE KRNA LAMA‼️‼️‼️‼️"",1,2,4.47.1,2026-02-25 05:36:44,""Hai, Kak. Mohon maaf atas kendala pengiriman yang Kakak alami. Untuk pengecekan lebih lanjut terkait pesanan, Kakak dapat menghubungi Shalma melalui DM Instagram Alfagift dengan melampirkan kode #3377311 agar dibantu pengecekan. 🙏^kip"",2026-02-25 06:55:16,4.47.1";
"c96a2d06-fcc5-42f7-abdc-be7023550b4c,Naura Adelia,https://play-lh.googleusercontent.com/a/ACg8ocK1kdmB0op9hUHHr-SgMih6o8yxglCRhWytcp20l1ZWqn7ENfY=mo,""aneh banget tiba-tiba keluar apk nya, terus pas mau masuk bacaan nya """"nomor tidak aktif dan di hapus sesuai permintaan"""" padahal ga ngapa ngapain. pake nomor baru juga tetep sama"",1,1,4.46.0,2026-02-01 11:12:44,""Hai Kak, mohon maaf atas ketidaknyamanan yang dialami. Kami terus berupaya meningkatkan kualitas layanan agar lebih baik. Terkait dengan kendala yang Kakak alami, mohon bantu kirimkan detail kendala melalui DM ke IG @Alfamart/@Alfagift_idn atau pusat bantuan Alfagift dengan kode #3291582. Terima kasih😊️ ^rsf"",2026-02-02 02:25:16,4.46.0";
"81ddb296-72ed-4239-849c-5e3b213f2e84,galih dota,https://play-lh.googleusercontent.com/a-/ALV-UjXDrJGFgQ1QuXFC0zFepoyp9m_VIDhYv3mZaFKpidPuMEiHkzS-,""ampas , akun dibuat dari tahun 2019 skrg mau ganti nomor aja dipersulit . udh email bla2 proses lelet . udh hapus akun terus mau bkin baru aja , aktivitas mencurigakan. dah uninstall + tutup akun lebih baik ."",1,1,4.46.0,2026-01-22 11:15:42,""Hai, Kak. Mohon maaf atas kendala yang dialami. Untuk dibantu pengecekan terkait akun, Kakak dapat menghubungi Shalma melalui DM Instagram Alfagift dengan melampirkan kode #3265204 🙏 ^kip"",2026-01-22 12:46:21,4.46.0";
"a3681816-087a-4038-a168-89bae358779f,Dewi Ambarwati,https://play-lh.googleusercontent.com/a/ACg8ocL2LWi5VG_0LNqZw51ySycrsxRupDI6YpPkEU25dfL_YRMkkg=mo,""kak,,bisa gak alfagitf kalo lupa password verivikasi kode otp nya ke email,,Karna nomor saya sudah tidak aktif mau verivikasi,, biasanya lewat email,,ini yg terbaru pilihan hanya lewat wa dan SMS."",5,14,4.47.1,2026-02-27 11:37:52,""Hai, Kak. Mohon maaf atas ketidaknyamanan yang Kakak alami. Memang saat ini opsi verifikasi OTP Alfagift melalui email sudah tidak tersedia. Untuk bantuan mengenai pembaruan nomor telepon yang tidak aktif, Kakak dapat mencari informasi di Pusat Bantuan aplikasi Alfagift. 😊^yna"",2026-02-27 09:48:21,4.47.1";
"d8d211eb-1fa9-462f-bfe4-17c629387fea,Valdo Tarigan,https://play-lh.googleusercontent.com/a-/ALV-UjX5S6mTTPKrpj98Uz1AHSP3wZ8Y_LWXaLNIM8dBWkAoT1pKNRpX,""tidak sesuai dengan sop yang tercantum saya sudah bayar sudah 2 jam pesanan saya tidak juga di kirim dan saya sudah chat outlet nya lewat aplikasi tidak ada respon sama sekali,kecewa si"",1,1,4.47.0,2026-02-19 05:31:39,""Hai, Kak. Mohon maaf atas kendala pesanan Kakak yang belum terkirim dan respons outlet yang lambat. Kami memahami kekecewaan Kakak. Kami akan terus tingkatkan kualitas layanan agar pesanan dapat segera diproses dan Kakak bisa memantau statusnya di aplikasi. Terima kasih atas kesabaran Kakak. 🙏^Yna"",2026-02-19 10:59:49,4.47.0";
"62c2a97a-bad7-4208-8037-eee88116f30f,Raraa chrnii,https://play-lh.googleusercontent.com/a-/ALV-UjX5Q7ZbcVisgv7hAy7Tc5Spv9Sg1n6u3nG96Bqn5iEtxnAqWdaK,""ALFAGIFT GA BANGET SKRG!! pengiriman nya lama kali luarbiasaa dl ga begini pdhl, uda pilih opsi diantar maksimal 1 jam pembayaran pun dtg nya nyaris 3 jam!! tolong lah diperbaikiiiii!!"",2,0,4.47.1,2026-03-02 12:52:12,""Hai, Kak. Mohon maaf atas ketidaknyamanannya terkait keterlambatan pengiriman pesanan Kakak. Kami akan terus berupaya meningkatkan layanan pengiriman agar lebih tepat waktu. Kakak dapat menghubungi Shalma melalui DM Instagram Alfagift dengan melampirkan kode #3409607 agar dibantu pengecekan. 🙏 ^ts"",2026-03-03 04:27:51,4.47.1";
"44645766-d1fa-4347-aaa7-9e848097e7b8,leo nardus,https://play-lh.googleusercontent.com/a-/ALV-UjVPzzHrxmeSZe4sqbcb9fMPJLLbpWdM2WnY9gHuS16Fuks2s1iOuw,""pelanan lama banget, pesan barang udah 5 jam tidak datang, kalau barang habis mending tidak bilamg agar pesanan dibatalkan saja dari pada menunggu lama-lama"",1,3,4.47.1,2026-02-20 10:38:08,""Hai, Kak. Mohon maaf atas ketidaknyamanan terkait keterlambatan pengiriman pesanan Kakak. Kami akan segera melakukan pengecekan pada kendala stok dan pesanan ini. Kakak dapat menghubungi Shalma melalui DM Instagram Alfagift dengan melampirkan kode #3347269 agar dibantu pengecekan. 🙏 ^ts"",2026-02-20 11:02:58,4.47.1";
"dafe2b70-9061-44b3-98fb-d5c8238bcea7,Susyanti Febriana Tarigan,https://play-lh.googleusercontent.com/a/ACg8ocKcyntKEhBVWJzqErXwHhLnRJWBOVV26ZTJ_JpNXiMJwh_HVA=mo,""apakah ada cara untuk memilih toko yang mengantar pesanan kita. soalnya di dekat tempat tinggal saya banyak toko Alfamart, tapi setiap saya pesan alfagift toko yang mengantar selalu jauh. jarak tempuh kurang lebih 5km dari tempat saya tinggal."",5,23,4.47.1,2026-03-03 09:46:13,""Terima kasih, Kak Susyanti Febriana Tarigan kritiknya dan maaf udah bikin ngga nyaman saat menggunakan Alfagift. Informasi akan admin sampaikan ke pihak terkait ya demi peningkatan pelayanan kepada pelanggan setia."",2020-07-29 09:06:29,4.47.1";
"ba2e0fb1-a39f-4c68-bac9-8b8b0e77fc73,Rosyida M.F,https://play-lh.googleusercontent.com/a-/ALV-UjX-a2MtN6snU9J-E392R2UfLg5fXYC7M-ITB1M2Rd31xy_KMgM,""kok tiba2 bulan ini segala macam produk bean ga ada stock sama sekali? bahkan produk di toko udh habis dan ga bisa beli lg di rumah ortu di Jateng, ini karena toko ga update apa emang aplikasi udh ga bisa dipake?"",1,2,4.46.0,2026-02-04 11:04:51,""Hai, Kak! Mohon maaf atas ketidaknyamanannya. Ketersediaan produk BeanSpot bervariasi di setiap toko. Untuk pengecekan lebih lanjut terkait ketersediaan produk di wilayah Kakak, Kakak dapat menghubungi Shalma melalui DM Instagram Alfagift dengan melampirkan kode #3302123 agar dibantu pengecekan. 😊^kip"",2026-02-05 02:23:35,4.46.0";
"1db79d14-dd53-4897-ae15-917ac7745bfc,Ali Ibrahim,https://play-lh.googleusercontent.com/a/ACg8ocJDJYf8zoXr4fFfuNQvY9p5gUPEGQLWWygTbOoYnMcJQHaYjA=mo,""sedih udah cek out dan bayar d Alfa gift,sampe di toko barang tidak ada sudah d beli orang lain..harusnya pihak toko ngchat atau gimana komplain ke toko suruh nunggu barang datang TPI tidak ksih kepastian,wa g di balas...minta refound suruh nunggu 3x24 jam.asli trauma..pdhl saya member lama..."",3,2,4.46.0,2026-01-19 15:06:44,""Hai, Kak. Kami sangat menyesal atas pengalaman ini. Masalah stok dan refund ini akan kami tindak lanjuti segera untuk solusinya. Kakak dapat menghubungi Shalma melalui DM Instagram Alfagift dengan melampirkan kode #3258278 agar dibantu pengecekan. 😔 ^ts"",2026-01-20 01:19:21,4.46.0";
"a39f8a12-4aa1-47ff-8159-24ca9567a37a,Yudi Hartono,https://play-lh.googleusercontent.com/a-/ALV-UjXBNx7vsNxCWnHtmlma1xnOVy3kit-HoxT1tR_xmdbTSGUcck0,""Order pake jadwal pengiriman 1 jam setelah pembayaran, udah 2 jam lebih masih diproses juga. Sering banget terkendala pengiriman tanpa alasan yg jelas (""""lainnya"""")."",1,1,4.46.0,2026-02-13 09:23:32,""Hai, Kak. Mohon maaf atas kendala pengirimannya. Untuk pengecekan lebih lanjut, Kakak dapat menghubungi Shalma melalui DM Instagram Alfagift dengan melampirkan kode #3321838 agar dibantu pengecekan. 🙏 ^ts"",2026-02-13 11:04:45,4.46.0";
"48199e67-3068-4ab9-8afa-dbcb9ae89020,Yoshi Lutfie Wirawan,https://play-lh.googleusercontent.com/a-/ALV-UjV8zqN1Rfr_i26VUVTF6zb42Iyq26EK3lzg1Vx5mMm8r8gqRlKb,""padahal baru daftar lewat onlien tp pas keluar aplikasi nya dan mau masuk lagi ko ga bisa padahal pake nomor ini , ribet banget, mau reset ga bisa aneh sumpah"",2,1,4.47.1,2026-02-28 06:27:39,""Hai, Kak. Mohon maaf atas kendala login yang dialami. Pastikan nomor yang dimasukkan sudah sesuai saat pendaftaran dan coba hapus cache aplikasi. Kakak dapat menghubungi Shalma melalui DM Instagram Alfagift dengan melampirkan kode #3395093 agar dibantu pengecekan. 🙏^rsf"",2026-02-28 07:04:26,4.47.1";
"99b3e516-415c-44ce-94e1-e51bc5a39234,Ainun Naim,https://play-lh.googleusercontent.com/a-/ALV-UjXBDBDo9wBJGoN4l0H1AalWOjr3EPbb-ES1KFY9_3a6TCVnsG_i,""sy pengguna apl.ini sejak 2020 selama ini selalu amanah. tp tepat pd tgl 1/3/26 kmrn, orderan sy ada yg kurang. chat di kotak masuk, Jwbnnya cm """"Maaf kak"""",sdh chat CS jg&dipandu untuk isi artikel,Refund Dana akn msk k A-Poin 7x24 jam scra otomatis maks.7x24 jam. Dan ini sdh 9x24 jam, tp ttp tidak ada tambahan A-Poin"",1,0,4.47.1,2026-03-08 23:24:35,""Hai, Kak. Mohon maaf atas kendala yang terjadi. Terkait refund A-Poin yang belum masuk, akan kami bantu tindak lanjuti. Kakak dapat menghubungi Shalma melalui DM Instagram Alfagift dengan melampirkan kode #3446252 agar dibantu pengecekan. 😊^ts"",2026-03-10 01:06:30,4.47.1";
"d4c64e64-829e-49a7-94da-de0d28db9b8e,kids droids,https://play-lh.googleusercontent.com/a-/ALV-UjUUu618_ll4xpAm2CWa7HO5U0VHQ5uHIlB0xSpnsOepWSc3PT1q,""Br ini tdk bs di buka krn sistem mendeteksi bhw ponsel di root, pdhl jls tdk root. Perbaiki bug nya dev.. Nah permasalahan saya sudah teratasi setelah update terbaru, sistem keamanan jg ditambahakan. thx dev"",5,2,4.47.1,2026-03-08 20:23:52,""Hai Kak, mohon maaf atas ketidaknyamanan yang dialami. Kami terus berupaya meningkatkan kualitas layanan agar lebih baik. Terkait dengan kendala yang Kakak alami, mohon bantu kirimkan detail kendala melalui DM ke IG @Alfamart/@Alfagift_idn atau pusat bantuan Alfagift dengan kode #3071806. Terima kasih😊️ ^rsf"",2025-11-21 04:49:29,4.47.1";
"2986e26b-156a-4ed9-9480-c801f084a9b1,Wanda,https://play-lh.googleusercontent.com/a-/ALV-UjU5hA2-CTaOHdcAZbj7aw700KvsxpcRdxJ-Z-gAOUsLw1MovZUW7g,""pengiriman lambat, untuk apa apk ini jika gak mengutamakan pengiriman delivery nya.. tdk bisa untuk pembelian barang yg segera ingin digunakan.. tdk recommended"",2,1,4.46.0,2026-01-22 06:01:23,""Hai Kak, mohon maaf atas ketidaknyamanan yang dialami. Kami terus berupaya meningkatkan kualitas layanan agar lebih baik. Terkait dengan kendala yang Kakak alami, mohon bantu kirim nomor pesanan & detail kendala via DM ke IG @Alfamart/@Alfagift_idn atau pusat bantuan Alfagift dengan kode #3264251. Terima kasih ^raf"",2026-01-22 06:29:32,4.46.0";
"77e95347-8324-4dbc-8ddf-b48c99e3ec44,Salman Paris Siregar,https://play-lh.googleusercontent.com/a-/ALV-UjUfARnjP7B0pEKUOYkm4FqwzbXFYa8y30v6-63l_nyGecY9q559_A,""Aplikasi buruk sekali, pesanan tidak dikirim sesuai batas estimasi dan sangat tidak responsif ketika di hubungi dan tidak memberi info jika pesanan ada kendala"",1,1,4.46.0,2026-01-23 04:28:02,""Hai, Kak. Maaf atas pengalaman kurang menyenangkan mengenai pesanan dan pelayanan kami. Kami akan melakukan evaluasi agar hal ini tidak terulang. Kakak dapat menghubungi Shalma melalui DM Instagram Alfagift dengan melampirkan kode #3266531 agar dibantu pengecekan. 😊"",2026-01-23 08:30:34,4.46.0";
"e0c82cef-67ca-42be-9462-99d13d45868c,James Lee,https://play-lh.googleusercontent.com/a/ACg8ocKHhkg9JZ0gpbWFmlJ5JYHvwSeaNmWoUuHPLF7Rvm_EyYoClg=mo,""awalnya bagus pelayanannya lama2 mengecewakan, pengiriman bisa sampai 3jam, bahkan pernah 7jam pesan jam 3sore datang jam 9malm orang uda mau tidur, pernah juga pesan banyak ice cream unk anak2 ditunggu 3jam baru datang taunya uda jd bubur ice cream nya."",1,0,4.46.0,2026-01-24 10:32:10,""Hai, Kak. Mohon maaf atas pengalaman kurang menyenangkan ini. Kami sangat menyesal pengiriman jadi lama dan kualitas produk menurun. Kakak dapat menghubungi Shalma melalui DM Instagram Alfagift dengan melampirkan kode #3269635 agar dibantu pengecekan. 🙏^kip"",2026-01-24 14:16:42,4.46.0";
"232cd363-48f8-49eb-be6c-dbaefbb55e65,ape lu,https://play-lh.googleusercontent.com/a-/ALV-UjXv1zS7FPlp4gPiFMS0Pxk8X-YlCGNvCDeZMzCNWkQ81erzEa-e5g,""bikin kesel ni delivery ordernya pesen jam 14.20 pesanan masuk 15.26 proses pengantar dan sampai 16.53 pesanan belum sampai juga entah kenapa alasannya motor pengiriman rusak, banyak orderan dan lain nya gimana ini.... lokasi Alfamart Godean KM7"",3,0,4.47.1,2026-03-02 09:57:05,""Hai, Kak. Kami turut prihatin atas kendala keterlambatan pesanan Alfamart Godean KM7 yang membuat Kakak kecewa. Kami berupaya memberikan pelayanan terbaik dan keluhan Kakak ini menjadi masukan penting bagi kami untuk terus meningkatkan kecepatan dan kualitas pengiriman. Tim terkait akan kami informasikan agar evaluasi segera dilakukan. 😊^Yna"",2026-03-02 11:09:09,4.47.1";
"b047a138-afb5-41f0-a1ed-476a97fc36e2,Muhammad Khalki,https://play-lh.googleusercontent.com/a/ACg8ocKoMHksY4mj6cIzEk6xeUxsvgIQchyLX8lJS7Wh7J8f-NlZ=mo,""udit ku balikin dah 2 hari pengajuan ga ada respon sama sekali,nyesel beli kuota di alfagif udah di bayaran tapi pesanan nya gagal,al hasil uang ku ketahan seratus ribu lebih,tolong di perbaiki customer service nya lambat banget penaganan nya sampai 2 hari gaada di balikin juga,neyes senyesl nyesel nya,BUAT KALIAN JANGAN BELI KUOTA DI ALFAGIF takt ketahan duit kalian perosoes pengembalian nya lama bangaet kaya gaaga tidakan😡😡"",1,1,4.47.1,2026-03-04 19:31:11,""Hai, Kak. Maaf sekali pesanan kuota gagal dan dana belum kembali. Kami siap membantu mempercepat proses pengembalian dana demi kenyamanan Kakak. Kakak dapat menghubungi Shalma melalui DM Instagram Alfagift dengan melampirkan kode #3422415 agar dibantu pengecekan. 🙏️^rsf"",2026-03-05 04:35:20,4.47.1";
"e82095be-22df-476c-9ed7-8fef50355d02,Hatoguan sinaga sinaga,https://play-lh.googleusercontent.com/a/ACg8ocK6Crluicqis1ZHAFV7806jDU8izFjTmETXkdnIKM9Zip2FGA=mo,""dari sisi pelayanan karyawan slow respon banget,pengiriman super lelet sudah nunggu lebih dari 5 jam alfamartnya atang sanjaya 2 tolong diperbaiki lagi SOP nya kalau ada kendala bilang aja jangan slow respon sudah dichat juga"",5,0,4.46.0,2026-02-13 07:52:37,""Hai, Kak. Mohon maaf atas ketidaknyamanannya terkait respons dan pengiriman pesanan di Alfamart Atang Sanjaya 2. Kakak dapat menghubungi Shalma melalui DM Instagram Alfagift dengan melampirkan kode #3321521 agar dibantu pengecekan. 😊 ^ts"",2026-02-13 08:08:55,4.46.0";
"c41087b4-b5a9-4a00-bcd6-92d9ce367950,Randy Hasan,https://play-lh.googleusercontent.com/a-/ALV-UjWXP7GVN_vGM0GQL_UWOHbTU57_fF6d6xhG-_BzOqvq49-uVXkzUA,""Tolong aplikasinya jangan dibuat logout sendiri, agak susah login lagi jika lupa pasword. Tambah lagi reset pasword kode otpnya sudah tidak tersedia lewat email."",3,0,4.46.0,2026-01-31 02:02:47,""Hai Kak, mohon maaf atas ketidaknyamanan yang dialami. Kami terus berupaya meningkatkan kualitas layanan agar lebih baik. Terkait dengan kendala yang Kakak alami, mohon bantu kirimkan detail kendala melalui DM ke IG @Alfamart/@Alfagift_idn atau pusat bantuan Alfagift dengan kode #3286030. Terima kasih😊 ^raf"",2026-01-31 03:39:33,4.46.0";
"d0720815-e685-4401-9618-a027812f3e7d,Ready Rachman,https://play-lh.googleusercontent.com/a/ACg8ocIGF5sfzjzDHz7a2x-O3jU0VFgjBaysIkLzLYI3MfTDytmYWg=mo,""Knp klo cod utk pembayaran nya malah dibulatkan nya lebih, pd hal kan saya sudah siapkan uang pas dan termasuk saya bulatkan sendiri nominal nya. Tp sama kurir alfa nya malah dibulatkan lebih dan jadi nya saya harus melebihi lg utk pembayaran cod nya"",1,1,4.46.0,2026-02-06 10:52:55,""Hai, Kak. Mohon maaf atas pengalaman kurang menyenangkan saat pembayaran COD. Pembayaran seharusnya mengikuti nominal yang tertera di struk tanpa pembulatan berlebih dari kurir. Kami akan menindaklanjuti keluhan Kakak agar kejadian serupa tidak terulang di kemudian hari. Dibantu kirimkan detailnya ke DM IG Alfamart ya, Kak. Terima kasih^Yna"",2026-02-06 11:23:57,4.46.0";
"06ffa444-e9ab-4603-adf4-16f8c7558816,Reski Achmad,https://play-lh.googleusercontent.com/a/ACg8ocJ31z_odnI6q7tDm0W5UuHfOI503F2WoHEA_LsuAeWfDUjJGA=mo,""status pengiriman yang awalnya sedang dikirim tiba tiba jadi tertunda sampai berjam jam, dan ini terjadi bukan sekali dua kali. mungkin bisa lebih diperbaiki lagi"",2,0,4.46.0,2026-01-27 07:42:44,""Hai Kak, mohon maaf banget atas kendalanya. Biar Shalma bantu cek, mohon infokan detail kendalanya melalui DM Instagram @alfagift_idn dengan memberikan kode #3276009. Kejadian ini akan Shalma jadikan evaluasi agar bisa lebih baik lagi. Terima kasih ya, Kak 😊 ^js"",2026-01-27 08:58:41,4.46.0";
"be1f9504-bc58-4a3e-914e-92431cd8e100,M Nafi,https://play-lh.googleusercontent.com/a/ACg8ocKSBS0E3M6f1DnqEZeW232oeErBaoA1Tgizp-ba5NKLwxiJkw=mo,""ini kenapa cs nya tidak cepat tanggap, tidak menanggapi pesan saya padahal online. saya ada kendala di pengiriman barang yang seharusnya sudah dikirim dari jam 4 kenapa ditunda pengirimannya dan keterangannya ditunda karena pembeli melakukan penundaan padahal aku tidak melakukan penundaan apa yang salah dengan aplikasi ini"",2,0,4.47.1,2026-03-07 10:10:56,""Hai Kak, mohon maaf atas ketidaknyamanan yang dialami. Kami terus berupaya meningkatkan kualitas layanan agar lebih baik. Terkait dengan kendala yang Kakak alami, mohon bantu kirim nomor pesanan & detail kendala via DM ke IG @Alfamart/@Alfagift_idn atau pusat bantuan Alfagift dengan kode #3438290. Terima kasih ^raf"",2026-03-08 05:23:24,4.47.1";
"f90b30af-465b-4c5c-8748-21e6cfa394fa,Yogi Prakoso,https://play-lh.googleusercontent.com/a-/ALV-UjViGEC1fImTIZygXi90UQ09DehTQTJU2Gf0RhCSJ2JRWaxsJCZd,""sistem refund lama dan agak ribet beda kaya sebelah lebih mudah, klo di cancel toko langsung saldo masuk otomatis klo di alfa tibet dan lama"",1,1,4.47.1,2026-02-28 04:13:23,""Hai Kak, mohon maaf atas ketidaknyamanan yang dialami. Kami terus berupaya meningkatkan kualitas layanan agar lebih baik. Terkait dengan kendala yang Kakak alami, mohon bantu kirimkan detail kendala melalui DM ke IG @Alfamart/@Alfagift_idn atau pusat bantuan Alfagift dengan kode #3394321. Terima kasih😊️ ^rsf"",2026-02-28 04:43:43,4.47.1";
"9df45f1d-7eb7-46fd-b238-141b95213177,Non Adell,https://play-lh.googleusercontent.com/a-/ALV-UjU_IFg9NToHv76M2Ylw4sMoJM6qz0Zl7eqxCyJCw1pdR4ZtzjKL,""Untuk Alfamart Sasak Bakar amat sangat lambat! saya pilih 1 jam setelah pembayaran tapi sampe lebih dari 4 jam, sering salah pruduk lagi."",1,0,4.47.1,2026-02-28 06:31:57,""Hai, Kak. Kami memohon maaf atas ketidaknyamanan terkait pelayanan dan pengiriman yang tidak sesuai estimasi. Kami akan terus memperbaiki layanan. Kakak dapat menghubungi Shalma melalui DM Instagram Alfagift dengan melampirkan kode #3395132 agar dibantu pengecekan. 😊^rsf"",2026-02-28 07:08:13,4.47.1";
"5eccbef8-9394-499b-910f-9d309a09bbc0,Akhirudin Boy,https://play-lh.googleusercontent.com/a-/ALV-UjXc6zr14epgashf4aIwyFDo1j9BnJRdPn8IhUGx8Rek4ydzfXCq,ga bisa milih tokoh sendiri kek pengaturan di awal. skrng lebih buruk nyasar nyasar kemana kalo belanja. sampai tokonya ga bisa anter karna beda lokasi,1,0,4.47.1,2026-03-31 09:25:56,""Hai, Kak. Maaf banget atas kendala yang terjadi. Jika masih terjadi kendala, Kakak dapat menghubungi Shalma melalui DM Instagram Alfagift dengan melampirkan kode Tiket #3555272 agar dibantu pengecekan. Kejadian ini akan Shalma jadikan evaluasi untuk lebih baik lagi. Terima kasih :) ^ds"",2026-03-31 09:43:01,4.47.1";
"64a2f714-2d1d-4ecb-9071-597c3af97748,Dimas Candra,https://play-lh.googleusercontent.com/a-/ALV-UjWMYR5kRBk5piid1-dPxBfoV84sqkXCJObrDdjtQ--YF65tKME,Saya edit bintang 1 pesan dari pagi jam 8.22 sampai jam set 2 siang gak ada antaran nyantumin nomor toko tapi gak aktif hubungin customer service nya gak kesambung sambung,1,1,4.46.0,2026-02-17 06:36:57,""Hai, Kak. Mohon maaf atas kendala pengiriman pesanan Kakak yang terlambat dan kesulitan menghubungi layanan kami. Kami mengerti ketidaknyamanan ini. Kakak dapat menghubungi kami melalui DM Instagram Alfagift dengan melampirkan kode #3333015 agar dibantu pengecekan. 🙏^rsf"",2026-02-17 07:00:36,4.46.0";
"c7e54c82-99f8-4f77-8b07-03341b2d290a,Tuna Harun,https://play-lh.googleusercontent.com/a/ACg8ocKl3g4TSBPqwz3Y70G8UgctTHaGi4lXnGPVcf2uE2wsHv_H=mo,""pengalaman alfagift suka telat dan tidak konfirmasi ke saya,beda sama klik indomaret,klo pun terlambat di kirim di konfirmasi,tetap the best klik indomaret"",1,1,4.46.0,2026-02-06 02:41:27,""Hai, Kak. Mohon maaf atas ketidaknyamanannya terkait pengiriman pesanan Kakak yang terlambat. Kami akan segera membantu melakukan pengecekan. Kakak dapat menghubungi Shalma melalui DM Instagram Alfagift dengan melampirkan kode #3305758 agar dibantu pengecekan. 😔 ^ts"",2026-02-06 02:57:41,4.46.0";
"4a568422-bdea-4c8a-8756-436d0f3424f3,Rudy Novianto,https://play-lh.googleusercontent.com/a-/ALV-UjUFDzV1-Xvf_P7C86F4QfJKgN7RYAWLJEYPqjuku87vdUd667NT,""membeli barang melalui alfagift, keterangan maksimal dikirim 1-3 hari tetapi sudah melewati batas waktu tidak ada informasi pengiriman dan tdk ada feedback waktu di konfirmasi melalui chat"",1,2,4.46.0,2026-02-01 00:14:46,""Hai, Kak. Mohon maaf atas keterlambatan pengiriman pesanan Alfagift Kakak. Untuk pengecekan lebih lanjut, Kakak dapat menghubungi Shalma melalui DM Instagram Alfagift dengan melampirkan kode #3288261 agar dibantu pengecekan.😊 ^ts"",2026-02-01 02:01:50,4.46.0";
"765d02d8-78d1-49e5-8836-f14292bc534d,AFRIZAL,https://play-lh.googleusercontent.com/a-/ALV-UjXGpLiM4RrCV3JSLZl5H-Pn_jW7uFISRpbiUw2CatNEaKSBg8k,""mohon untuk pengiriman nya di percepat, saya udah sering pakai aplikasi ini tapi pengiriman nya sangat lama saya pesen nya pagi jam 7 Dateng nya selalu siang ntah orang udah kelaparan atau gimana kan... coba aja kyk gojek atau shoppefood gak sampai 1 Jak pengiriman"",2,0,4.46.0,2026-02-14 04:37:06,""Hai, Kak. Mohon maaf atas kendala pengiriman yang Kakak alami. Kami mengerti kekecewaan Kakak. Kakak dapat menghubungi Shalma melalui DM Instagram Alfagift dengan melampirkan kode #3324283 agar dibantu pengecekan. 🙏 ^ts"",2026-02-14 06:07:23,4.46.0";
"94233d60-1a0d-4a31-b073-c700c3f0ac11,Vanesa Ponamon,https://play-lh.googleusercontent.com/a/ACg8ocLouOolW_YpFA9bZsCUkHf05FNpeAttsuG-MjPfQrgmyTDGBw=mo,""Aplikasi nya bagus dan murah banget,tapi sayangnya pengiriman nya lambat banget,kalau pengiriman nya cepat baru saya kasi bintang 5"",1,0,4.46.0,2026-02-01 10:30:32,,,4.46.0";
"88531dbd-591e-4ede-a2b6-c60d047066c8,nisaaaw Widyastuty,https://play-lh.googleusercontent.com/a-/ALV-UjXCZYxrm0vq_N1l71-k0MtclQS33bCP6Nl3hVyROVD0XOpeUbhw,""ini aplikasi menguji kesabaran, sangat sangat di sayangkan yaa apalagi yang udah loyal belanja di Alfa trs ga dimanfaatkan dengan baik sama pihak alfagift. kalo ngirim bener bener luama bgttttttt, nguji kesabaran. sebenarnya engga Skali 2x tapi kejadian semalem tuh bener bener bikin emosi. pengiriman jam 18:00-20:00 tapi gada info keterlambatan, di chat juga ga di bales ehh di anter jam stgh 11 malem bayangin aja yaa udh emosi. pas Dateng emang sih bilang maaf tapi katanya yg ngerjain anak baru"",1,1,4.47.1,2026-03-15 02:01:04,,,4.47.1";
"b80069d8-1c86-4874-be15-ce0d91590553,Alif Fahruroji,https://play-lh.googleusercontent.com/a-/ALV-UjU3srRlh1f0xOPddm4hVCP7sPuREFNciYwSZJ4jsQAXZ5hRh537,""Untuk layanan pengiriman prosesnya lama banget, kalo belum bisa melayani pengiriman sebenarnya gak usah buat fitur pengiriman Di chat cuma di baca aja"",1,1,4.46.0,2026-02-05 08:05:52,""Hai, Kak. Mohon maaf atas ketidaknyamanan terkait pengiriman yang lama dan respon chat yang kurang maksimal. Hal ini akan menjadi bahan evaluasi kami. Kakak dapat menghubungi Shalma melalui DM Instagram Alfagift dengan melampirkan kode #3304201 agar dibantu pengecekan. 🙏"",2026-02-05 09:36:54,4.46.0";
"d2c6f7c2-c2cd-4c9b-b782-3e29610caddb,Wahyudi,https://play-lh.googleusercontent.com/a/ACg8ocKCxD2XJX7u-wFN3SIpDC4tpme3uBJLBtq4V36lupDAam012g=mo,""setiap belanja selalu menggunakan nomor yang sama dengan member, tapi pas install aplikasi tidak bisa masuk. sudah email dan DM Instagram, jawabannya tidak memuaskan.."",1,0,4.46.0,2026-02-09 06:49:56,""Hai Kak, mohon maaf atas ketidaknyamanan yang dialami. Kami terus berupaya meningkatkan kualitas layanan agar lebih baik. Terkait dengan kendala yang Kakak alami, mohon bantu kirim detail kendala via DM ke IG @Alfamart/@Alfagift_idn atau pusat bantuan Alfagift dengan kode #3313700. Terima kasih ^rsf"",2026-02-11 03:41:36,4.46.0";
1d4db968-6a4c-431a-b154-649abd708aa9,Yusril Iza Mahendra,https://play-lh.googleusercontent.com/a-/ALV-UjWtxxaw_SIGv_NqCMmt1aiIDmBB0zuJM9uO82nwrQbLXw4h1xDr,Sangat senang belanja di Alfagift. Pengirimannya cepat dan banyak diskon menarik. Tidak perlu keluar rumah untuk belanja kebutuhan harian🥰 tapi boong,5,9,4.47.1,2026-02-26 17:07:28,,,4.47.1;
"05bede8b-2eb9-466c-971a-d04d6c7f9a8e,Mr Fahrenheit,https://play-lh.googleusercontent.com/a-/ALV-UjXsY6tbuMymB41PNgo-UFE8qrLfdBv8lzw6tIK-SR82qoZ05S-X,""tuh mau belanja kopi bean udah hari rabu jam 1 pagi masih aja 15rb ,promo senin rabu jumat nya 10rb tadi masih 15rb , gak sesuai promosi lu , update promo di percepat sesuai lu promosikan , gw pernah pesen kopi 5bj , jam 1 pagi, pas mau bayar di mintai 15k sm pegawai nya ktanya blm update , di mintai nota ktanya di alfagift ,ternyata kopi nya di input jam 7 pagi dengan harga 10rb ,, benerin noh karyawan jng suka korup"",2,0,4.46.0,2026-02-01 20:11:53,""Hi, Kak, maaf banget ya buat kendalanya. Biar Shalma bantu cek, mohon infokan detail kendalanya melalui DM Instagram @alfagift_idn dengan memberikan kode #3292943 ya. Kejadian ini akan Shalma jadikan evaluasi untuk lebih baik lagi Kak. Terima kasih :) ^js"",2026-02-02 02:27:40,4.46.0";
"c54f9f40-f7b6-4e28-812e-24aa007a95d4,Dahayu Mirna,https://play-lh.googleusercontent.com/a/ACg8ocIW1CdzaJeO41sTuj6vR-hg8RETetlNPIsP-J11crbuRB-VXg=mo,enak si blnja pake alfagift. minus'a kalo dichat tuh jrg bisa. buat apa ada fitur chat kalo gabbisa dichat??? pdhl sinyal bagus. ga bisa mantau udh ada dimana,3,0,4.47.1,2026-03-13 12:07:25,""Hai Kak, mohon maaf atas ketidaknyamanan yang dialami. Kami terus berupaya meningkatkan kualitas layanan agar lebih baik. Terkait dengan kendala yang Kakak alami, mohon bantu kirimkan detail kendala melalui DM ke IG @Alfamart/@Alfagift_idn atau pusat bantuan Alfagift dengan kode #3472538. Terima kasih😊️ ^rsf"",2026-03-14 02:52:43,4.47.1";
"eb6fdcb0-7248-41c0-b673-54c3fb9244a2,fadhil arrizal zaen,https://play-lh.googleusercontent.com/a-/ALV-UjUHGcUD7NM3hXWt1olUhq7u6oPJgO4EZJ0j8LxzDGFeIaVA0Tup,""jangan pernah mau pembayaran non cod, dikirimnya jauh bgt dari estimasi, ngga bisa di cancel kalo udah di proses, kalo bayar cod mah bomat mau di anter apa engga, ngga ada uang nyangkut yang penting"",1,0,4.47.1,2026-03-14 09:00:42,""Hai, Kak. Mohon maaf atas kendala yang terjadi. Jika ada kendala terkait transaksi, Kakak dapat menghubungi Shalma melalui DM Instagram Alfagift dengan melampirkan kode #3476760 agar dibantu pengecekan.😊^kip"",2026-03-14 09:35:15,4.47.1";
"1d3ed1f8-9f06-42de-89f8-9b87f4af15c3,Tomi Ang,https://play-lh.googleusercontent.com/a/ACg8ocLZ8Oq7MH8zCg_OutC1r6pbj7ZSEcFOQS9g3-VcHN7hYFlvhg=mo,""suka heran dimana mna alfa klo tarik uang dri ewwalet susah.bnyak alasan,jaringan off lah,belum ada uangnya lah,sampek kasih saldo penarikan paling minimal.kalo kira2 kerja sama dengan ewwalet gak menguntungkan.gak usah kerja sama."",1,1,4.47.1,2026-02-28 13:46:40,""Hai, Kak. Mohon maaf atas ketidaknyamanan yang dialami saat melakukan penarikan saldo e-wallet. Masukan Kakak akan kami jadikan bahan evaluasi tim. Kakak dapat menghubungi Shalma melalui DM Instagram Alfagift dengan melampirkan kode #3397502 agar dibantu pengecekan. 🙏"",2026-03-01 03:02:14,4.47.1";
"55c4516c-f25b-44e1-a0ea-45fdb4b99797,Blossom Rose,https://play-lh.googleusercontent.com/a/ACg8ocIDfoL5WHPiyKbHRBHec8Owryzk-N0h-A52owjH0RTXMBYFmA=mo,""customer servicenya ga membantu sama sekali. urus refund dana dipersulit. udh 3 hari dana saya belum balik. mending gausah ada CS buat apa ga membantu. jgn belanja disini, ngerugiin customer!!!"",1,0,4.47.1,2026-04-03 11:37:33,""Hai, Kak. Mohon maaf atas ketidaknyamanan yang Kakak alami. Untuk penelusuran lebih lanjut terkait pesanan Alfagift, Kakak dapat menghubungi Shalma melalui DM Instagram Alfagift dengan melampirkan kode #3571425 agar dibantu pengecekan. 🙏 ^aj"",2026-04-04 02:03:44,4.47.1";
"55112510-dd10-408a-9048-73ae63e54206,Siti Maryam Alawiyah,https://play-lh.googleusercontent.com/a-/ALV-UjW0MqQq_bWVdqwoZAmMqPX99fIfi4VKK8hUuXKVKRC2EQpdLTslMQ,percuma ada chat aplikasi kalo gapernah dibaca. mending kek klik idm toko ada no wa buat kurir. lonjakan ga kira2 estimasi jam 1 sampe jam 8 setengah 8 blm dikirim dan gabisa dihubungi chat toko.,1,0,4.47.1,2026-03-30 12:57:09,""Hai, Kak. Kami memohon maaf atas kendala pengiriman pesanan yang belum diterima. Untuk kendala transaksi ini, Kakak dapat menghubungi Shalma melalui DM Instagram Alfagift dengan melampirkan kode #3550760 agar dibantu pengecekan. ☹️^kip"",2026-03-30 16:04:43,4.47.1";
"3e348957-a665-4e2d-8b40-53c282e8beb9,ayu mustikaratu,https://play-lh.googleusercontent.com/a-/ALV-UjWlSuMdhNKfW2z9C6W5ZdhwS4WoTQ-3b-mwBws5zqQvT9MgwDcc,pengiriman lama karna selalu nyantol di ds yang jauh kurang update ga kaya apk sblah kmn pun qta pindah rute atau lokasi selalu update ngikutin toko yg terdekat JD pengiriman BS cepat,3,1,4.47.1,2026-02-27 04:15:35,""Hai, Kak. Mohon maaf atas kendala pengiriman yang kurang maksimal. Kami terus melakukan pembaruan sistem agar lokasi toko yang melayani selalu yang terdekat dari posisi Kakak. Kakak dapat menghubungi Shalma melalui DM Instagram Alfagift dengan melampirkan kode #3388630 agar dibantu pengecekan. ^ts"",2026-02-27 05:08:38,4.47.1";
"c465cdef-5536-4191-a461-8873e3ec07b4,Tian Muntiani,https://play-lh.googleusercontent.com/a-/ALV-UjXHnDVewcQBBOPOdxieAFn15EcWNvQmgX2EUUjnux0TtT54SiW5,""aku suka belanja di alfamart dimana mana ada cm kenapa ku kasih bintang 3 karena biar untuk perbaikan karena gk selama nya orang belanja mau beli kebutuhan ada yang mau duduk minum kopi sm cemilan nunggu atau gmn nah di alfamart ini kopi nya gk enak,, tolong di perbaiki rasa kopi dan kualitas gula nya mungkin biar gk mengendap,, kalau udh enak nnti ku review lagi jd bintang 5"",3,0,4.47.1,2026-03-20 04:58:32,""Hai, Kak! Terima kasih atas masukannya terkait kualitas kopi di Alfamart. Kami akan terus berupaya meningkatkan kualitas produk dan layanan kami. 🙏^ts"",2026-03-20 05:10:50,4.47.1";
"cf61dedb-e302-4b64-8ca2-4c24d6e4cd41,Tyass Ayu,https://play-lh.googleusercontent.com/a-/ALV-UjWWrb3rpMxeEWWpeDmzfcAeSzmbFCq-NoCrPBI9T_gq5NtZsrjD-Q,Order dari stengah 8 malam tapi tiba2 jam 11 malam ada keterangan pembeli meminta penundaan pengiriman. Padahal sampe jam segitu saya masih nunggu,1,0,4.47.1,2026-03-16 16:57:55,""Hai, Kak. Mohon maaf atas kendala yang terjadi. Mengenai status pesanan yang berubah, akan kami bantu lakukan pengecekan lebih lanjut. Kakak dapat menghubungi Shalma melalui DM Instagram Alfagift dengan melampirkan kode #3489038 agar dibantu pengecekan.😊^ts"",2026-03-17 02:42:30,4.47.1";
"b9dd3f1c-b78b-4958-a438-d7f1a1370145,Renta uli,https://play-lh.googleusercontent.com/a/ACg8ocLxkSG4xfc4CtTBZGcCiL1cdO1rIGg4YAdLFyHOaBdRkq9K_g=mo,pertama kali belanja disini dan langsung dibuat kecewa. pesan dibatalkan sepihak sama toko dan pengembalian dana nya lama padahal kesalahan toko,1,0,4.47.1,2026-03-24 04:03:20,""Hai, Kak. Mohon maaf banget atas kendalanya. Agar Shalma bantu cek, mohon infokan detail kendalanya melalui DM Instagram @alfagift_idn dengan memberikan kode #3520820. Kejadian ini akan Shalma jadikan evaluasi agar bisa lebih baik lagi. Terima kasih ya, Kak 😊"",2026-03-24 06:28:18,4.47.1";
"9985f682-1cc9-4fc9-840e-0ec441e84697,octav indah,https://play-lh.googleusercontent.com/a-/ALV-UjXBSlzSHW1q_PqpoA0ZpmnsIokCVPBetX8dUBP1SQBOyydEdec,""ter the best app belanja mudah, hemat, cepat tanpa perlu keluar rumah, banyak promo dan program star menarik. alhamdulillah udah tuker star berkali-kali dr alfagift"",5,0,4.46.0,2026-02-09 15:32:42,,,4.46.0";
"c9c611ee-044f-4e37-82d8-651257de6638,MA_09 Official,https://play-lh.googleusercontent.com/a-/ALV-UjWyMrUBN3X3QmBWItA-S3-VCyNXP32uXhhl8Ggvw-kds3BhEpLa,Pelayanan Lemot Banget respon lama padahal cuma beda titik ga di anterin malah di batalin.. beda sama kurir shopee & olshop lainnya.. alfakurir mengecewakan .. bahaya buat yang Urgent Gak bisa di andelin,1,1,4.47.1,2026-02-25 02:06:01,""Hai, Kak. Mohon maaf atas kendala yang terjadi. Kami mengerti Kakak membutuhkan pengiriman cepat. Alfarider terus berupaya meningkatkan pelayanan agar lebih baik lagi. Kakak dapat menghubungi Shalma melalui DM Instagram Alfagift dengan melampirkan kode #3376355 agar dibantu pengecekan. 🙏^kip"",2026-02-25 03:51:19,4.47.1";
"49bdabd8-2271-438c-b881-aa1e249d3128,Karnadi 21,https://play-lh.googleusercontent.com/a-/ALV-UjUeFwPSjirxmLD06bP8jxbLyLJwCkvenKVvJsySMKaKB9L2Mmpe,Sering logout mana sering lupa sandi untung masih bisa login pake email soalnya nomernya udah gada tapi sekarang udh ga bisa login pake email lagi tolong dong adain lgi opsi riset pasword pake email,4,0,4.47.1,2026-02-23 13:53:33,""Hai, Kak. Kami mengerti ketidaknyamanannya. Sayangnya, tanpa nomor HP aktif, satu-satunya cara reset password adalah melalui nomor terdaftar. Untuk pengecekan lebih lanjut, silakan DM Shalma di Instagram Alfagift dengan kode #3370312. Terima kasih.🙏^kip"",2026-02-23 15:23:51,4.47.1";
"b4861a60-de27-42e6-a320-6724ab596bbe,Mifta Rilahuljannah,https://play-lh.googleusercontent.com/a/ACg8ocKdKsAfGV0sAKv3z4D9vRtiO8Awd79ZyzJPnvcVDhSRuNINVg=mo,""TIDAK JUJUR DAN TIDAK BERTANGGUNG JAWAB, karena saya pesan banyak barang kurang sudah dihubungi katanya besok dianter sampe sekarang tidak juga dianter padahal sudah di chat melalui aplikasi. Jika dia tidak percaya kalo pesanan kami kurang bisa dia cek lewat cctv dan dia juga pas ngantar ada bilang mama lemon kurang satu nanti saya anter besok, gak juga di antar kalo yang lain dia gak percaya setidaknya mama lemon saja yang diantar."",1,0,4.46.0,2026-02-24 06:56:33,""Hai Kak, mohon maaf atas ketidaknyamanan yang dialami. Kami terus berupaya meningkatkan kualitas layanan agar lebih baik. Terkait dengan kendala yang Kakak alami, mohon bantu kirimkan detail kendala melalui DM ke IG @Alfamart/@Alfagift_idn atau pusat bantuan Alfagift dengan kode #3373086. Terima kasih😊️ ^rsf"",2026-02-24 10:03:56,4.46.0";
"628af9ac-42c8-4e76-848b-2b343a3b0382,Rokhayani Yani,https://play-lh.googleusercontent.com/a-/ALV-UjWJDyOgw24ofhIxnLWej9PXmxvYFp7rYNPJtUKc_rkCF1wDBak,""sangat kecewa, belanja di batalkan sistem tapi uang tdk di kembalikan lebih dari 3 hari.... alfamart gubug Grobogan sangat jelek pelayanan nya tdk ada tanggung jawab nya"",1,0,4.47.1,2026-02-22 13:36:37,""Hai Kak, mohon maaf atas ketidaknyamanan yang dialami. Kami terus berupaya meningkatkan kualitas layanan agar lebih baik. Terkait dengan kendala yang Kakak alami, mohon bantu kirimkan detail kendala melalui DM ke IG @Alfamart/@Alfagift_idn atau pusat bantuan Alfagift dengan kode #3363646. Terima kasih😊️ ^rsf"",2026-02-24 05:02:45,4.47.1";
"e3ee814a-c734-4fb4-8b3f-377fa619766f,Kurnia Kanaya,https://play-lh.googleusercontent.com/a/ACg8ocJjTlqFuZcltAQmbmuTKkKT00PUrzMnaGo8DpwtHa-51iIN3g=mo,susah daftar nya gatau knp Ada tulisan sudah lama TDK ada aktifitas diruangan ini silahkan coba lagi di pendaftaran TPI diulang2 ttp ad tulisan gitu,3,0,4.46.0,2026-02-13 21:31:02,""Hai, Kak! Kami mohon maaf atas masalah ini. Untuk pengecekan akun, Kakak dapat menghubungi Shalma melalui DM Instagram Alfagift dengan melampirkan kode #3322768 agar dibantu pengecekan. 👍 ^ts"",2026-02-14 04:01:12,4.46.0";
"8981b1a1-a924-4afb-8deb-77d23fd3c31c,Tabitha Bonang,https://play-lh.googleusercontent.com/a-/ALV-UjVv0-hxd2PXc89S2TMBC1rZTFMau1RQLE9C_0xCTMrUP_eD6bI,""salah satu produk yg dipesan barangnya ga ada. cuma dikasi opsi refund. refundnya jg ga jelas. udah 7 hari blm dikembalikan jg duitnya. kesalahan di toko tapi konsumen dibuat susah. udah barang ga dapat, duit refund jg ga jelas kapan dibalikinnya. dm twitter ke shalma, halo, setuju, disuruh antri blablabla. lewat email jg sudah, sudah kirim data lengkap jg. refund alfagift/alfamart cuma omon2 saja konaumen dibuat ribet kontak sana sini tp ttp ga dibalikin duitnya."",1,0,4.47.1,2026-03-24 16:55:16,""Hai, Kak. Mohon maaf atas kendala yang terjadi. Terkait refund yang belum diterima, Kakak dapat menghubungi Shalma melalui DM Instagram Alfagift dengan melampirkan kode #3502932 agar dibantu pengecekan. 😊^Ynaa"",2026-03-19 13:01:40,4.47.1";
"a62fab05-02ac-4668-bf6e-09c6808e54fc,Kumbara Sabrani,https://play-lh.googleusercontent.com/a/ACg8ocIRpSJC3yrLzl6W_IGWQ97uLBP1VT27YEJuk719SK1-VTz3Gw=mo,lebih di tingkat kan lagi pengecekan barang untuk yang belanja lewat apk alfagift. tiap belanja ada bae yang kurang dah,3,0,4.46.0,2026-02-02 13:42:42,""Hai, Kak! Mohon maaf atas ketidaknyamanannya. Kami akan meningkatkan pengecekan barang untuk pesanan Alfagift. Kakak dapat menghubungi Shalma melalui DM Instagram Alfagift dengan melampirkan kode #3296713 agar dibantu pengecekan. 😊"",2026-02-03 01:08:48,4.46.0";
"d3ca2296-07ee-41a0-ac6e-8133ba19216c,Karunia Karunia,https://play-lh.googleusercontent.com/a/ACg8ocJyQkGL41HSaPE8NbKK7X9LXJ02BiL-pxzDHzHKx79W7DfUTQ=mo,kok sekarang sulit sekali masuk aplikasi.....google maps sudah on tapi masih suruh on kan....berulang x tetap ga isa masuk......jadi males belanja,1,0,4.47.1,2026-04-11 11:49:52,""Hai Kak, mohon maaf atas ketidaknyamanan yang dialami. Kami terus berupaya meningkatkan kualitas layanan agar lebih baik. Terkait dengan kendala yang Kakak alami, mohon bantu kirimkan detail kendala melalui DM ke IG @Alfamart/@Alfagift_idn atau pusat bantuan Alfagift dengan kode #3608553. Terima kasih😊️ ^rsf"",2026-04-12 01:24:46,4.47.1";
"5bb4c1ab-2dbb-454c-9a0a-fa8ebc191d0b,bang andi AJS,https://play-lh.googleusercontent.com/a-/ALV-UjVXxQG1rlMiw6C2YSlRizGZDpeNovtrWO1BMYVD3vYt4JcVke1Q,aplikasi bagus. cuman ada kendala login karena udah ganti nomer hp namun email masih sama. bagaimana cara login dengan nomer hp berbeda namun dengan email yang sama,5,1,4.47.1,2026-03-04 10:07:44,""Hai, Kak. Mohon maaf atas kendala loginnya. Untuk perubahan nomor HP pada akun dengan email yang sama, Kakak dapat menghubungi Shalma melalui DM Instagram Alfagift dengan melampirkan kode #3420079 agar dibantu pengecekan.😊^yna"",2026-03-04 14:43:58,4.47.1";
"63c542e6-f343-4803-8cab-44764c8e82d6,Deatiana Bisnis,https://play-lh.googleusercontent.com/a/ACg8ocIw-aqX3PXDDg7SDzhUeDEF4EEsDsA_lnVS-mhhhGh8SzCKMA=mo,sengaja pilih pengiriman instan krn butuh cepat tapi nyatanya di lapangan dikirim lebih dari estimasi. ini gimana yaa sistem pengirimannya kok bobrok gini sih?,1,0,4.47.1,2026-03-19 02:56:28,""Hai, Kak. Mohon maaf atas kendala pengiriman yang Kakak alami. Agar dibantu pengecekan lebih lanjut, Kakak dapat menghubungi Shalma melalui DM Instagram Alfagift dengan melampirkan kode #3500968. 🙏^Ynaa"",2026-03-19 06:53:04,4.47.1";
"928e80b4-8357-4d88-afeb-3c1b1fd4026d,Royyan Habudin,https://play-lh.googleusercontent.com/a-/ALV-UjVBwz0XCTHHu4p3SjzmHN0x7bkbWUcSpOe-f7ohqHQRTlrJ3Tt2,""pengiriman lambat lebih dari satu jam terus ga ada respon sama sekali di chat juga,tolong dong di perhatikan lagi untuk yang seperti ini,percuma dong ada aplikasi juga"",1,1,4.46.0,2026-01-22 15:33:14,""Hai, Kak. Mohon maaf atas kendala pengiriman yang Kakak alami. Kami mengerti kekecewaan Kakak. Kakak dapat menghubungi Shalma melalui DM Instagram Alfagift dengan melampirkan kode #3265723 agar dibantu pengecekan.🙏 ^kip"",2026-01-22 16:07:13,4.46.0";
"37157044-a27f-4691-bde5-cab1d6bd05af,Intan Saputri,https://play-lh.googleusercontent.com/a-/ALV-UjWmAheeLSHpd38pL5f2YdBrXCSApWc2C1EFiR-agxc4tfSGIiHn,""plislah alfagiftttt, notif pesan dari tokonya pasti ga masuk. sedangkan driver toko akhir2 ini sering menghubungi lewat aplikasi, bukan lewat wa. notif pemberitahuan pesanan diproses selalu masuk, tpi kenapa yang toko enggaaaa. saya selalu diprotes sama driver karena ga ada respon, ga mungkin saya selalu buka aplikasi alfagift terus2an. jaringan juga oke ga ada masalah, ga ada pembatasan notifikasi. tolong diperbaiki"",1,13,4.45.1,2026-02-19 12:35:16,""Hai, Kak. Mohon maaf banget atas kendalanya. Agar Shalma bantu cek, mohon infokan detail kendalanya melalui DM Instagram @alfagift_idn dengan memberikan kode #3342292. Kejadian ini akan Shalma jadikan evaluasi agar bisa lebih baik lagi. Terima kasih ya, Kak 😊"",2026-02-19 16:51:36,4.45.1";
"4de24f3b-5a5d-49d4-8f34-e5939ce9f653,Ainani Tajrian,https://play-lh.googleusercontent.com/a-/ALV-UjXAOUH2p7AgSzpO2-SyTguLC73qLWJidRxu1HdaTtUPco0vflyd,pas pilih pick up tokonya bisa dipilih tapi yg delivery cuma satu toko udah gitu yg bisa delivery stok barangnya sering kosong padahal butuh cepat,3,0,4.47.1,2026-04-02 06:47:43,""Hai, Kak. Kami mohon maaf atas kendala stok dan pilihan toko delivery. Ketersediaan layanan delivery menyesuaikan dengan radius dan stok di toko terdekat. Kakak dapat menghubungi Shalma melalui DM Instagram Alfagift dengan melampirkan kode #3564990 agar dibantu pengecekan. 🙏^Ynaa"",2026-04-02 08:57:44,4.47.1";
"fb312b2c-907f-4ab6-8629-301242c41582,Yunita Balas,https://play-lh.googleusercontent.com/a-/ALV-UjUF-Q9PQ___M6LnlQyiV7ICl-lj_Bj3LIDjcEPJcIc_M9doeIeOBQ,Bermanfaat tapi pelayanannya kurang baik.. terlalu sering pengiriman ditunda.. di chat juga tidak pernah direspon 😌😌,1,0,4.46.0,2026-02-02 13:19:45,""Hai, Kak. Mohon maaf atas ketidaknyamanannya terkait penundaan pengiriman dan respons chat yang lambat. Kakak dapat menghubungi Shalma melalui DM Instagram Alfagift dengan melampirkan kode #3296621 agar dibantu pengecekan. 😊"",2026-02-03 01:09:23,4.46.0";
"29ef0bd8-43f1-4497-af0e-d39c95c725fa,Ruslandi,https://play-lh.googleusercontent.com/a/ACg8ocLT6YBIlGs5uR5V-ioU9_D5KsYyD5-3i8TIwd3JRj1108zkpQ=mo,baru kali ini sangat kecewa sama pelayanan nya yang amat sangat buruk pesan makanan lewat apk nunggu sampe Berjam jam pesan jam 11 jam 16:52 belom datang.,1,0,4.47.1,2026-04-04 09:53:07,""Hai Kak, mohon maaf atas ketidaknyamanan yang dialami. Kami terus berupaya meningkatkan kualitas layanan agar lebih baik. Terkait dengan kendala yang Kakak alami, mohon bantu kirim nomor pesanan & detail kendala via DM ke IG @Alfamart/@Alfagift_idn atau pusat bantuan Alfagift dengan kode #3575297. Terima kasih ^raf"",2026-04-04 10:32:21,4.47.1";
"e1e9c86e-5766-4c93-9790-4a4b9109519c,Arimbi Wini Fatona,https://play-lh.googleusercontent.com/a/ACg8ocLDg84pVNwkFAch4UpeRQLUnN-RJ9pW4rrSgccP_EJ_p8meTg=mo,""Dari awal pertama kali belanja lewat apps pengirimannya selalu lama, melebihi satu jam padahal udah pilih opsi pengiriman max 1 jam. terus banyak stock produk yang ga di update di sistem, jadi alhasil suka ada stock produk yang ternyata kosong di storenya. Belum lagi pas nyampe suka ada barang yang salah, bahkan pernah dikasih produk yang h-5 menuju expired. terus kalo pake sistem TF ada uang lebih (yang harusnya jadi kembalian) ternyata ga dikembaliin dan gatau itu uang lebihnya dikemanain."",3,36,4.45.1,2026-01-13 16:38:06,""Hai Kak, mohon maaf atas ketidaknyamanan yang dialami. Kami terus berupaya meningkatkan kualitas layanan agar lebih baik. Terkait dengan kendala yang Kakak alami, mohon bantu kirimkan detail kendala melalui DM ke IG @Alfamart/@Alfagift_idn atau pusat bantuan Alfagift dengan kode #3241543. Terima kasih😊️ ^rsf"",2026-01-14 02:32:59,4.45.1";
"af3938c2-377a-46d9-b4ac-7a1ade802318,Sri Dewi,https://play-lh.googleusercontent.com/a/ACg8ocI7hShXtksP9qpHDxuDKu0iTSxc5mlD329E1xGH10RPl_BDNQ=mo,awalnya saya di suruh belanja ama mama tapi karna saya mls keluar akhirnya nyoba belanja disini ehh dh 3 hari tu barang gk nyampe jg karna deket lebaran yauda aku batalin mau belanja offline aj aku ajuin tuu pengembalian dana sampe sekarang tgl 25 tu barang maupun dana masi blm tau kelanjutan nya gmn mls bgt dah pengguna baru ini min dikecewain 🥲💔,1,0,4.47.1,2026-03-24 19:54:12,""Hai, Kak. Mohon maaf atas kendala yang terjadi. Kakak dapat menghubungi Shalma melalui DM Instagram Alfagift dengan melampirkan kode #3524159 agar dibantu pengecekan.😊^kip"",2026-03-25 06:01:29,4.47.1";
"681dabc9-c574-4afb-9299-d3fba19e7f48,Warung Com,https://play-lh.googleusercontent.com/a/ACg8ocJ4HLdZvxvIUyFfAAmrSvt6ZMshHLozANKUQJ46aq0upAYATg=mo,""tidak pernah merasa meminta penghapusan akun kenapa nomor akun alfagift tidak bisa digunakan, sangat mengecewakan dengan ketidak profesionalan"",1,0,4.47.1,2026-03-24 16:19:32,""Hai, Kak. Mohon maaf atas ketidaknyamanannya. Jika Kakak merasa tidak pernah mengajukan penghapusan akun, ada kemungkinan akun Kakak terhapus karena sudah lama tidak aktif. Kakak dapat menghubungi Shalma melalui DM Instagram Alfagift dengan melampirkan kode #3523935 agar dibantu pengecekan.😊^Ynaa"",2026-03-25 01:31:06,4.47.1";
"83181193-7d7a-4e7a-b0e9-f0f49371602f,A K,https://play-lh.googleusercontent.com/a-/ALV-UjXgwHhgQAw5mnvIwnVv96vlT0_F0o4lCuG9uKTcd19jVwuBoMBE,parah banget alfagift pengembalian dana nya SUPER LAMA ! padahal jelas di cancel krna ga ada pengiriman akibat banjir tpi pengembalian dana nya udah 4 hari masih belum dibalikin !!,1,0,4.46.0,2026-03-10 02:11:03,""Hai, Kak. Mohon maaf atas kendala pengembalian dana yang lama. Kami mengerti kekecewaan Kakak. Kakak dapat menghubungi Shalma melalui DM Instagram Alfagift dengan melampirkan kode #3452608 agar dibantu pengecekan.😊^Ynaa"",2026-03-10 03:19:18,4.46.0";
"0351ee1c-263e-4d0b-82de-4f32015cf1da,Anita Flora,https://play-lh.googleusercontent.com/a/ACg8ocKg3ewKF_fOqNX38vULhnCu06N9rh5qX_vaIFkUf1w3VQdLRw=mo,""pengiriman lama banget, pilih instan 1 jam tapi ini udah 3 jam ga dateng juga. katanya bisa komplain ke dm instagram alfagift, sama aja malah dijawab bot. kocak bener"",1,1,4.47.1,2026-03-04 08:43:43,""Hai, Kak. Mohon maaf atas kendala pengiriman yang Kakak alami. Agar Shalma bantu pengecekan lebih lanjut, Kakak dapat menghubungi Shalma melalui DM Instagram Alfagift dengan melampirkan kode #3419411.🙏^ts"",2026-03-04 08:18:14,4.47.1";
"ab52af87-8153-4d7a-93e2-be2f8ab97994,Hafidz Mubarok,https://play-lh.googleusercontent.com/a/ACg8ocKd35W_-cGtSTB-mbYLm-5HAcphFrx5Iynpsv3CQVBWv3V1bIc=mo,gimana ini alfagiift saya mesen air galon aqua isi ulang di apk nya barang sudah saya Terima padahal aslinya belum sama sekali dan bukti penerima yang di fotokan motor yang nganter nya saja dari tanggal 7 saya spam di baca saja tidak di balas,1,1,4.47.1,2026-03-08 09:51:45,""Hai Kak, mohon maaf atas ketidaknyamanan yang dialami. Kami terus berupaya meningkatkan kualitas layanan agar lebih baik. Terkait dengan kendala yang Kakak alami, mohon bantu kirim nomor pesanan & detail kendala via DM ke IG @Alfamart/@Alfagift_idn atau pusat bantuan Alfagift dengan kode #3443826. Terima kasih ^raf"",2026-03-09 04:52:35,4.47.1";
"3ca155a5-a00e-4188-9fed-0bf43d5f5160,Rival Muhamad,https://play-lh.googleusercontent.com/a/ACg8ocLCnvr7xfaIbu84JCMWukWK-8kj1Sm1Akx2-VoRPC56IfeAgg=mo,""aplikasi setress,saya topup ewalet malah di batalkan dan setelah pengajuan pengembalian dana,sampai sekarang belum di kembalikan juga."",1,0,4.47.1,2026-03-22 13:33:10,""Hai, Kak. Mohon maaf atas kendala top up e-wallet yang dibatalkan dan dana yang belum kembali. Kami ingin segera membantu menyelesaikan masalah ini. Kakak dapat menghubungi Shalma melalui DM Instagram Alfagift dengan melampirkan kode #3514915 agar dibantu pengecekan. 🙏^Fini"",2026-03-23 01:57:44,4.47.1";
"3c99894e-f343-4f87-a742-575dfcf10897,Alfiah Fitri D,https://play-lh.googleusercontent.com/a-/ALV-UjXKYKF_0bO_RovdUcPeveYuIt0fr52Eh_MspzH-HXX4BUzR3Ero,saya pesan lewat alfagift tapi barang lama diantar padahal saya sudah bayar dan bukan pembayaran cod tapi 2 jam tidak dikirim dan dibalas,1,0,4.47.1,2026-03-25 14:13:08,""Hai, Kak. Mohon maaf atas kendala yang terjadi. Kakak dapat menghubungi Shalma melalui DM Instagram Alfagift dengan melampirkan kode #3528066 agar dibantu pengecekan.😊^kip"",2026-03-25 16:37:31,4.47.1";
"fc998328-1c16-4bb2-94e2-727fdeb94dbf,hadi kamal,https://play-lh.googleusercontent.com/a-/ALV-UjUtb1fQsUDFzzLd5zCzRdeHe-FrlW5WdW73d9Y5jDhthY2VzISd,""Memuaskan endann...👍 dan tolong untuk Def , buat perbaiki scener barcod nya masa hp saya 17 promax blur pas mau scan liat harga di tolong."",5,0,4.47.1,2026-03-24 08:03:19,""Hai, Kak! Terima kasih atas masukannya mengenai aplikasi Alfagift. Kami akan terus berupaya meningkatkan kualitas fitur barcode scanner agar lebih baik lagi. 🙏^Ynaa"",2026-03-24 09:24:41,4.47.1";
"edc837c0-7619-4c8b-b419-f532e9547a7e,Raka Sunda,https://play-lh.googleusercontent.com/a-/ALV-UjXk9_C5shULH1JZ-TQJ50Y2NiyXprWRllx6k1u4l3NVqyYPQbkz,better pake go mart atau grab mart sih karna psn lewat alfa gift kalo di tungguin susah trnyata lama bgttttt psn jam 19.23 skrng smpe jam 21.37 mshh blm sampee duhh parah sihhh kl kurirnya krng hrsnya gaush buka layanan pengantaran barangg,1,0,4.47.1,2026-04-04 13:38:15,""Hai Kak, mohon maaf atas ketidaknyamanan yang dialami. Kami terus berupaya meningkatkan kualitas layanan agar lebih baik. Terkait dengan kendala yang Kakak alami, mohon bantu kirim nomor pesanan & detail kendala via DM ke IG @Alfamart/@Alfagift_idn atau pusat bantuan Alfagift dengan kode #3576528. Terima kasih ^raf"",2026-04-06 09:01:20,4.47.1";
"752aa9e0-d985-4a5c-8927-f83e0aa29a06,Aji Channel,https://play-lh.googleusercontent.com/a-/ALV-UjWR3rdpE1OTpmO4ekyOMdViFCYAAvQAUSukPtl3q_HlA64sHS8Y,saya kecewa dengan pengirimannya lambat bgt dan ga ada konfirmasi klo tidak bisa dikirim. tolong diperhatikan jgn bikin kecewa customer,2,0,4.47.1,2026-04-03 15:01:03,""Hai Kak, mohon maaf atas ketidaknyamanan yang dialami. Kami terus berupaya meningkatkan kualitas layanan agar lebih baik. Terkait dengan kendala yang Kakak alami, mohon bantu kirim nomor pesanan & detail kendala via DM ke IG @Alfamart/@Alfagift_idn atau pusat bantuan Alfagift dengan kode #3572058. Terima kasih ^raf"",2026-04-04 10:10:57,4.47.1";
"65a22253-5156-47ff-b3b8-0d5977dada30,E MUAMAR S,https://play-lh.googleusercontent.com/a/ACg8ocJ8LcKlNdra_gummnRat2-N5X9HMOkHQ_1Ot556SU-Mjs2TH64=mo,Parah ganti ponsel tidak bisa masuk hanya karena kode otp harus lewat whatsapp. Padahal harusnya bisa lewat SMS saja. Tidak semua orang wajib punya WA!!!,1,5,4.47.1,2026-03-30 14:04:11,""Hai, Kak. Mohon maaf atas ketidaknyamanannya. Saat ini sistem verifikasi OTP kami memang terintegrasi melalui WhatsApp untuk keamanan akun. Kakak dapat menghubungi Shalma melalui DM Instagram Alfagift dengan melampirkan kode #3551236 agar dibantu pengecekan. 😊^Fini"",2026-03-31 05:13:54,4.47.1";
"8bd0a5a5-cbc9-48e8-9f74-e4275e44bcbe,Theand Gtoex,https://play-lh.googleusercontent.com/a-/ALV-UjWwttArxADrrtSLqrEawNYVxV64lgxrSaRYk3F1O4KlbL0MbfYs,""jmlh stamp tdk sesuai dg struk /tdk update. hrs kasir memberitahu voucher yg bs digunakan saat belanja di toko. member seharusnya dipermudah utk mendpt voucher, merchandise, Penukaran stamp ato promo di toko."",4,0,4.47.1,2026-03-17 14:59:13,""Hai, Kak. Mohon maaf atas ketidaknyamanannya. Agar dibantu pengecekan, Kakak dapat mengirimkan nomor member, struk belanja dan detail kendala. Kakak dapat menghubungi Shalma melalui DM Instagram Alfagift dengan melampirkan kode #3494173 agar dibantu pengecekan.😊^Raf"",2026-03-19 13:07:30,4.47.1";
"01bff456-9487-48c0-90e9-195c9c2713c3,Galih Darmawan,https://play-lh.googleusercontent.com/a/ACg8ocJfkHAe4ZfKcvdmTDTwKebAACgXaJnI3k2ZvUwftvtVSAY-zg=mo,""aplikasi jelek roko ga bisa di beli di sini, ga kaya dulu bisa beli lewat Alfa gift sekarang ga bisa tetep harus kluar, kalo tetep harus kluar ngapain pesen alfagift"",1,0,4.47.1,2026-03-22 05:26:08,""Hai, Kak. Mohon maaf atas ketidaknyamanannya. Untuk pembelian produk rokok memang ada kebijakan berbeda. Kakak dapat menghubungi Shalma melalui DM Instagram Alfagift dengan melampirkan kode #3513054 agar dibantu pengecekan.😊^ts"",2026-03-22 06:13:44,4.47.1";
"9b0d3fab-4e1d-400c-a378-04ca809d8757,Lailla Nur Safitri,https://play-lh.googleusercontent.com/a-/ALV-UjXM7JVak9oAU7Je6lEHxiwOgWusxzpoCvLeHm91HhJ_HWNswQh1,""sebenernya membantu, apalagi untuk cek harga di toko. tapiii sering logout dan tidak bisa registrasi mandiri, harus ke outlet"",4,0,4.47.1,2026-03-21 00:44:42,,,4.47.1";
"27f960ec-cea0-4556-9efe-b1383630e963,Diah Kurnia,https://play-lh.googleusercontent.com/a/ACg8ocKkGyhdzYDsAqCiH4mPuxqaEqa7SbRB_fQlsO4BotMR_CQWdA=mo,""refund dana nya dipersulit bisa smpe 1mnggu lebih sampe sekarang ini belum ada dana refund yg masuk ke rekening, dg alasan pihak kantor libur lah kemaren² apa libur kantor juga?? lama bener, stok ya situ yg kosong kenapa harus mmpersulit costumer sih kacau ini mah"",1,0,4.47.1,2026-03-20 07:46:35,""Hai, Kak. Mohon maaf atas ketidaknyamanan terkait kendala refund dana yang belum diterima. Kami akan bantu lakukan pengecekan lebih lanjut. Kakak dapat menghubungi Shalma melalui DM Instagram Alfagift dengan melampirkan kode #3506677 agar dibantu pengecekan. 🙏^ts"",2026-03-20 07:53:45,4.47.1";
"75bf4582-ad33-464a-b424-10530fbceef5,Omar Wijakti,https://play-lh.googleusercontent.com/a-/ALV-UjUvrq88eW82srPEQkW-gYHJphNpVJU3tuj7eqUFMrSzJU1g1s0k,""sangat buruk, pelayanan tidak responsif, barang yang ada di tampilan gambar tidak sesuai dengan stok yang mereka miliki"",1,0,4.47.1,2026-04-08 02:59:12,""Hai, Kak. Mohon maaf atas ketidaknyamanan terkait stok barang yang tidak sesuai. Kami akan melakukan evaluasi agar pelayanan lebih responsif. Kakak dapat menghubungi Shalma melalui DM Instagram Alfagift dengan melampirkan kode #3592602 agar dibantu pengecekan. 😊️^rsf"",2026-04-08 04:02:42,4.47.1";
"0bcb206f-0485-4de0-a582-2218cd0b6408,Erizal,https://play-lh.googleusercontent.com/a-/ALV-UjXYU-jSVtoa8YzfXHIz38MWDyPPOoxSCUjiMlN2ZXXYHhTkDKAoOg,Tolong dibuatkan minimal order untuk pesan antar. Saya miris waktu tau ada konsumen yang cuma pesan indomie 1 biji tapi memaki kurir & banyak mau.,4,0,4.47.1,2026-03-28 07:57:19,""Hai, Kak Erizal. Terima kasih atas saran dan masukannya ya. Masukan dari Kaka sangat berarti untuk Alfagift menjadi lebih baik :) ^ds"",2026-03-28 08:10:39,4.47.1";
"5abebf2b-5fce-4e7c-a379-e7f353ec7c96,Ade Ratih,https://play-lh.googleusercontent.com/a-/ALV-UjXnIZobigFmdcqva4sm7YfaHQQyVEyaBPKbosHvPXxddGWUkVA,""Kalau belanja di online gak perlu ke toko seperti Tokma, Indomaret, dan Superindo. beli makanan, minuman, sabun, es krim, dan shampo beli di alfagift atau klik Indomaret."",5,0,4.47.1,2026-03-20 01:57:41,""Hai, Kak. Alfagift memang pilihan tepat untuk belanja kebutuhan sehari-hari seperti makanan, minuman, dan perlengkapan lainnya tanpa harus ke toko. Belanja jadi lebih mudah dan praktis! 😊^Ynaa"",2026-03-20 05:15:42,4.47.1";
"d35c64ba-5526-4e75-afbb-36a7c5e820ff,Rudi 2,https://play-lh.googleusercontent.com/a/ACg8ocLpRsaC6IFoFq8k0JGASeams5KjiwNYht0KGFPaDgY-8JgHxvGh=mo,dari detik awal udah daftar ikut RUN tapi di aplikasi cuma di puter-puter doang 2 jam nunggu langsung Sold Out event ngk jelas,1,0,4.47.1,2026-04-01 08:46:16,""Hai, Kak. Karena tiket Alfamart Run sangat terbatas dan rebutan, mohon maaf Kakak belum berhasil mendapatkannya saat ini. Yuk coba lagi di kesempatan berikutnya 👟 ^ds"",2026-04-02 03:42:16,4.47.1";
"76cf5ef2-d517-4819-a920-bd272a88c8f1,Videus Gogo Surbakti,https://play-lh.googleusercontent.com/a-/ALV-UjWLODZEWHEoKJ3Za1jaA0VcqdS69xBYbXDJKOPDQXVon3JxCO5OJw,""Infonya beli ini gratis itu, beli 2 gratis 1. pas di beli langsung di toko tetap harus bayar produk gratis nya. padahal tahun lalu nggak begitu."",1,0,4.47.1,2026-03-23 10:50:52,""Hai, Kak. Mohon maaf atas kendala yang terjadi. Untuk promo, ada kemungkinan terdapat syarat dan ketentuan khusus yang berlaku. Kakak dapat menghubungi Shalma melalui DM Instagram Alfagift dengan melampirkan kode #3518322 agar dibantu pengecekan.😊^ts"",2026-03-23 11:27:03,4.47.1";
"e6a7baef-3aa5-43cb-805d-b18ef386d106,Iqbal Pratama,https://play-lh.googleusercontent.com/a-/ALV-UjWFTJDOS6SXoYPl2RPVqpYBdz-N2hUJ6HwQ7hSB_nqkjNCGlGyv,""pengiriman lelet banget pdahal alfa terdekat status nya juga sedang pengiriman tp hampir 2 jam ga sampe"""""",1,0,4.47.1,2026-04-03 09:01:09,""Hai, Kak. Mohon maaf atas ketidaknyamanan yang Kakak alami. Untuk penelusuran lebih lanjut terkait pengiriman Alfagift, Kakak dapat menghubungi Shalma melalui DM Instagram Alfagift dengan melampirkan kode #3570095 agar dibantu pengecekan. 😊 ^pnj"",2026-04-03 11:48:40,4.47.1";
"42708f31-6e55-4be1-9ac6-99400650f127,Wulan Sari Pramudita,https://play-lh.googleusercontent.com/a/ACg8ocLDRwWwmWrqQMVmTSDLshx96phxu2TeumaWpknx3_msO0kfUw=mo,""pelayanan delivery Alfamart L071-PSR.GISTING Tanggamus Lampung sangat tidak menyenangkan,saya order 2x karna orderan yg ke 2 punya anak saya,karyawan delivery nya malah komen dan bilang """"kenapa tadi ga sekalian order nya,jadi kan saya bolak balik"""". Buat ALFAMART GISTING,Hal yg terjadi barusan tolong berikan teguran kepada karyawan yg pegang delivery nya.ngapain ada sistem delivery,kalo karyawan nya pun seperti itu respon kepada pembeli,saya beli saya bayar lo"",1,0,4.47.1,2026-03-24 13:15:27,""Hai, Kak. Mohon maaf atas ketidaknyamanannya terkait pengalaman delivery di Alfamart Gisting. Kami akan sampaikan masukan ini ke pihak terkait agar kualitas pelayanan dapat ditingkatkan. Kakak dapat menghubungi Shalma melalui DM Instagram Alfagift dengan melampirkan kode #3523271 agar dibantu pengecekan. 😊^Ynaa"",2026-03-24 13:44:18,4.47.1";
"03251171-475b-4679-967f-83376da7d6df,Imanuel Charles Vicky Ombuh,https://play-lh.googleusercontent.com/a-/ALV-UjV06wj4xaNjmXUGZP-nhGx8qH4l7aT1oD5NhZKm-V3VhRwk3pc6,""salah pesan, terus mau pengembalian dana enggak bisa padahal belum datang, masi mau 3 hari datangnya"",1,0,4.47.1,2026-03-23 10:44:42,""Hai, Kak. Mohon maaf atas kendala yang terjadi. Untuk pengajuan pengembalian dana, Kakak dapat menghubungi Shalma melalui DM Instagram Alfagift dengan melampirkan kode #3518291 agar dibantu pengecekan.😊^ts"",2026-03-23 11:27:38,4.47.1";
"3b5fecb8-e032-4757-bf49-356469be2785,Putri Pwd,https://play-lh.googleusercontent.com/a/ACg8ocKK_gUYYfVh7s5Ku4nng59n6QiMLS6kI80oQiZUYyiCcrWelA=mo,""pengiriman lelet kurir nganter orderan tengah malam orang sudah tidur di kirim chat di aplikasi mana orang baca , gk niat jelas alamat sudah lengkap bukannya usaha hubungi via WhatsApp ini main cancel aja"",2,0,4.47.1,2026-04-02 08:08:18,""Hai, Kak. Kami memohon maaf atas kendala pengiriman dan komunikasi kurir yang kurang berkenan. Kami akan segera melakukan evaluasi. Kakak dapat menghubungi Shalma melalui DM Instagram Alfagift dengan melampirkan kode #3565340 agar dibantu pengecekan. 🙏^Ynaa"",2026-04-02 09:08:17,4.47.1";
"ccea8a2c-f003-42b7-b12e-602815eb44d5,Yudi Celcec,https://play-lh.googleusercontent.com/a/ACg8ocLNaolry6RVqRMGgKrW-TL_XvgB-u_PrAqJXXqsgr1pZgHK0A=mo,ada fitur chat dan telp tp tidak ada fungsinya tidak bisa dihubungi..mau komplain barang kurang gimana coba😡😡,1,0,4.46.0,2026-04-01 01:22:12,""Hai Kak, mohon maaf atas ketidaknyamanan yang dialami. Kami terus berupaya meningkatkan kualitas layanan agar lebih baik. Terkait dengan kendala yang Kakak alami, mohon bantu kirimkan detail kendala melalui DM ke IG @Alfamart/@Alfagift_idn atau pusat bantuan Alfagift dengan kode #3558233. Terima kasih😊️ ^rsf"",2026-04-01 05:56:15,4.46.0";
"de2eb149-f320-42c1-9e70-bd5720e57807,raharjo prawiro,https://play-lh.googleusercontent.com/a/ACg8ocIvdfH6FGh897KAVNhekx20_7pzkJPPfqOrnINrqgSnej3Npw=mo,""aplikasi Alfa gift aneh mau daftar member saja di persulit 👎 mau daftar gagal karena dianggap ada yg mencurigakan... maksudnya apa? konsumen dianggap penjahat kah?🤣 Indomaret hebat bikin member tidak dipesulit,seperti di alfa👎"",1,0,4.47.1,2026-03-25 14:40:31,""Hai, Kak. Mohon maaf atas kendala saat pendaftaran member Alfagift. Kakak dapat menghubungi Shalma melalui DM Instagram Alfagift dengan melampirkan kode #3528176 agar dibantu pengecekan.😊^kip"",2026-03-25 16:38:52,4.47.1";
"a468c46d-a2ba-40c5-b42f-8c63795aaaa7,viksa ana,https://play-lh.googleusercontent.com/a-/ALV-UjVSCU628FtRDyVLlsDAVJI4BMXNhRbGkywBlFxYpw5mUrEfvCUc,""pelayanannya buruk. gk pernah ada kejelasan pesanan akan di kirim jam berapa. toko di chat hanya di baca tidak membalas. tidak ramah, terkesan cuek!!"",1,0,4.46.0,2026-02-09 12:11:42,""Hai, Kak. Kami selalu berusaha melakukan peningkatan kualitas layanan. Soal kendala pesanan Alfagift, silakan hubungi kami melalui DM ke IG @Alfamart, @Alfagift_idn atau pusat bantuan aplikasi Alfagift dengan melampirkan kode #3314375. Terima kasih ^ts"",2026-02-10 03:33:02,4.46.0";
"6b9f625e-13fa-400f-ab76-c425f8e25919,Anggi Saputra,https://play-lh.googleusercontent.com/a-/ALV-UjWyooRV0_7rF49X7_uS4lNK4cHz5EMxfvlOm6vVTzZiY9H1KhQ,""ini gmn,sy daftar kok email nya gk bisa,dengan alasan email sudah di gunakan, ya udh pasti di gunakan lah,bodoh atau gmn."",1,0,4.47.1,2026-03-17 09:52:54,""Hai, Kak. Mohon maaf atas ketidaknyamanannya. Hal tersebut menandakan email Kakak sudah terdaftar di sistem kami. Silakan coba masuk kembali atau gunakan fitur lupa kata sandi ya. Kakak dapat menghubungi Shalma melalui DM Instagram Alfagift dengan melampirkan kode #3492447 agar dibantu pengecekan. 😊^ts"",2026-03-17 10:00:18,4.47.1";
"7b529ab3-6566-4436-9199-55d5d0227332,Shinta Westri,https://play-lh.googleusercontent.com/a-/ALV-UjXFiMsBqvfh5hlJrNFjHX-sGVTaDWeG_SICSkdlWHSCnYGkZLc,Kenapa dr kemaren keranjang saya tidak bisa dibuka? padahal sebelumnya aman aman saja minta tolong segera dibenahi jika memang apk nya lg flm masalah,4,1,4.47.1,2026-02-28 16:34:52,""Hai, Kak. Maaf ya kendala keranjang belanjanya buat tidak nyaman. Yuk, coba update aplikasi Alfagift ke versi terbaru. Kakak dapat menghubungi Shalma melalui DM Instagram Alfagift dengan melampirkan kode #3398355 agar dibantu pengecekan. 😊^rsf"",2026-03-01 03:15:34,4.47.1";
"026c35cc-142b-481e-a5a4-a30572af84ee,Info Lowongan Kerja,https://play-lh.googleusercontent.com/a/ACg8ocIGJP67Kz4newjPvm8sa1sQ2G3Viecq-EBF10mm7Juebx5XRg=mo,""ruko dot com ga usah ada sapa, ga becus kerjanya. SLA 1 jam, sudah beberapa kali lewat dari SLA. kalau tidak bisa komitmen, ga usah kerja, di luar sana masih banyak yang bisa gantiin posisi kalian."",1,0,4.47.1,2026-02-23 07:12:21,""Hai Kak, mohon maaf atas ketidaknyamanan yang dialami. Kami terus berupaya meningkatkan kualitas layanan agar lebih baik. Terkait dengan kendala yang Kakak alami, mohon bantu kirimkan detail kendala melalui DM ke IG @Alfamart/@Alfagift_idn atau pusat bantuan Alfagift dengan kode #3373188. Terima kasih😊️ ^rsf"",2026-02-24 10:03:16,4.47.1";
"3a135829-6685-44e2-a6b0-4a41bfb2052d,Chandrika Marsha Arzhelly,https://play-lh.googleusercontent.com/a-/ALV-UjU4prl_vmu6-DDe6wbkxbGHL9LK2mq0CU_j-o8Bx1bW6UdNjTo,""aplikasinya bagus cuma kurang lengkap, dan juga pelayanan nya yang kurang baik, saya maklumi jika antri banyak yg order datang lama, tapi ya masa pesan dari jam 2 siang datang jam 10 an, itu udah berapa kali saya kecewa sama pelayanannya, kurir lambat datang terkadang barang pun ngga lengkap minta ganti uang alasannya ngga bisa karna sebagian udah di kirim barangnya"",1,14,4.45.1,2026-01-18 10:48:15,""Hai, Kak. Mohon maaf atas ketidaknyamanan yang Kakak alami terkait keterlambatan pengiriman dan barang yang tidak lengkap. Kami berkomitmen penuh untuk terus memperbaiki kualitas pelayanan kurir kami serta memastikan setiap pesanan sampai tepat waktu dan lengkap. Masukan Kakak akan menjadi evaluasi perbaikan kami. Terima kasih. ✨^rsf"",2026-01-18 15:59:32,4.45.1";
"da2804e3-a506-4828-989e-35b25a05b74e,Meirisacahaya mustika,https://play-lh.googleusercontent.com/a-/ALV-UjXgXeWWpc4yTXn3ms7ditCfRrfrbldnyPUHcJyjPDXHOeSjFCPE,saya mau login ulang malah gbisa ktany terdeteksi pernah login dihp berbeda mana ada jelas jelas hp android sama tpi malah gabisa login,5,0,4.47.1,2026-03-14 09:50:53,""Hai, Kak. Mohon maaf atas kendala yang terjadi. Kakak dapat menghubungi Shalma melalui DM Instagram Alfagift dengan melampirkan kode #3475924 agar dibantu pengecekan.😊^kip"",2026-03-14 09:28:28,4.47.1";
"753af7e0-9b1a-403c-a335-7e76c180340a,Nur Ria,https://play-lh.googleusercontent.com/a/ACg8ocIlojiXfM4-HR2jllAm9r8Jk3jNEHbueBVSKtoHr82KQAFaFw=mo,""makin lama pengiriman makin lwemmottt,, sering kali pengiriman sudah terkirim tpi barang belum sampai,, update lagi dong alfagift masak nunggu sejam lebih gak nyampk²"",1,0,4.46.0,2026-02-03 04:08:50,""Hai, Kak. Mohon maaf atas kendala pengiriman yang Kakak alami, terutama terkait status terkirim namun barang belum diterima. Kami terus berupaya meningkatkan kecepatan dan akurasi pengiriman Alfagift agar pengalaman berbelanja Kakak semakin nyaman. Terima kasih atas masukannya. 🙏^Yna"",2026-02-03 04:57:50,4.46.0";
"e95e477d-5396-4fd4-bbed-a72138bc8d6c,Listiani Irawan,https://play-lh.googleusercontent.com/a/ACg8ocIsKO7HeOpu9ySkDe4_kHfP1BjzVLGXO91aCfcIL0aJx-F9FQ=mo,""Awalnya nyaman belanja di alfagift, mudah, ga ribet dan pengiriman cepat, tp akhir2 ini selalu lama pengiriman, walaupun pilih pengiriman max 1 jam sampai tapi malah hampir 3-4 jam sampai tanpa konfirmasi.. skrg beralih ke si biru aja, msh konsisten dgn pengiriman sesuai jadwal."",1,126,4.44.1,2025-11-16 06:46:35,""Hai, Kak. Maaf banget ya. Kami selalu berusaha melakukan peningkatan kualitas layanan. Soal kendala pengiriman pesanan Alfagift, silakan hubungi kami melalui DM ke IG @Alfamart, @Alfagift_idn atau pusat bantuan aplikasi Alfagift dengan melampirkan kode #3055065. Terima kasih ^rd"",2025-11-17 01:19:36,4.44.1";
"1e26a973-d5f2-421d-a1eb-999edf589649,Miga Aditya falah,https://play-lh.googleusercontent.com/a-/ALV-UjXQdrUdnHRT-EZRGVKIBbTCVSrBVkCrTVCnOYXSErU5ZUdd5JlM,""alfagift udah bagus sich, cuman klu bisa ada pilihan toko terdekat buat delivery kaya dulu, ini malah dapet toko yang jauh karna otomatis sistem. gak bisa pilih toko"",5,0,4.47.1,2026-03-06 03:05:20,""Hai, Kak. Terima kasih sarannya. Kami memohon maaf atas kendala pemilihan toko untuk delivery tersebut. Kakak dapat menghubungi Shalma melalui DM Instagram Alfagift dengan melampirkan kode #3429502 agar dibantu pengecekan. 🙏^rsf"",2026-03-06 05:42:13,4.47.1";
"4584bfdf-01a1-46b9-a88e-f8efb618a8e3,Alma Fadhilah,https://play-lh.googleusercontent.com/a-/ALV-UjV2fsAW8CmvaIR-loa9PFiHCET7M8IGURQYajgZHlzbB4XguIpq,""pengirimannya lama,tidak sesuai estimasi harusnya nyampe sudah dari jam 6-8 malam tapi sudah lewat jam 8,belum nyampe juga"",1,2,4.47.1,2026-03-15 13:10:00,""Hai Kak, mohon maaf atas ketidaknyamanan yang dialami. Kami terus berupaya meningkatkan kualitas layanan agar lebih baik. Terkait dengan kendala yang Kakak alami, mohon bantu kirim nomor pesanan & detail kendala via DM ke IG @Alfamart/@Alfagift_idn atau pusat bantuan Alfagift dengan kode #3482723. Terima kasih ^raf"",2026-03-16 14:45:32,4.47.1";
"4a68bfbf-e828-4184-93e8-e3945d6eee17,Hendi,https://play-lh.googleusercontent.com/a/ACg8ocIRKovrOBeiVKzoraRZZxgFQQlP-IczPyUseLW8sQjyf7SuAg=mo,kacau sih pesen dari jam 21.06 baru di respon jam 22.38 . ujung ujungnya di kirim besok kalau memang gak mau kirim pesenan blanjanya dikit .kasih minimal belanja .jngn kaya gini nunggu udah lama kgk di respon respon malah di kirim besok padhal 24 jam,1,0,4.47.1,2026-03-05 15:43:03,""Hai Kak, mohon maaf atas ketidaknyamanan yang dialami. Kami terus berupaya meningkatkan kualitas layanan agar lebih baik. Terkait dengan kendala yang Kakak alami, mohon bantu kirimkan detail kendala melalui DM ke IG @Alfamart/@Alfagift_idn atau pusat bantuan Alfagift dengan kode #3427858. Terima kasih😊️ ^rsf"",2026-03-06 05:08:14,4.47.1";
"72ea050e-a04d-41dd-8032-b73c21033c5a,현지,https://play-lh.googleusercontent.com/a-/ALV-UjUNkwivUs9SNwhCnY_n5s8m5lv3F5xVjD86roUZFtK1clNV4jw,kecewa banget beli lewat alfagift barang dikirim tidak sesuai pesanan dan tidak ada komfirmasi sebelumnya jika stok barang kosong!,1,5,4.46.0,2026-01-30 18:14:00,""Hai, Kak. Kami selalu berusaha melakukan peningkatan kualitas layanan dan kepuasan pelanggan hingga layanan kami menjadi lebih baik dari sebelumnya. Soal kendala pesanan yang tidak sesuai, silakan hubungi kami melalui DM ke IG @Alfamart, @Alfagift_idn atau pusat bantuan aplikasi Alfagift dengan melampirkan kode #3285653. Terima kasih ^rd"",2026-01-31 08:46:47,4.46.0";
"d79f4784-8244-4aed-82bb-b56d047d3320,O,https://play-lh.googleusercontent.com/a-/ALV-UjVUD1zAfuH7XkeCe7XRMOA-fJ4j_v3EUL3MeHJ7C6QkP0XiV4H6,""Jangan mau beli di sini kalau tidak mau berisiko menunggu tiga jam lebih 😂. Dari dulu masalahnya selalu begini, tidak ada sama sekali perbaikan."",1,0,4.47.1,2026-03-08 14:11:12,""Hai Kak, mohon maaf atas ketidaknyamanan yang dialami. Kami terus berupaya meningkatkan kualitas layanan agar lebih baik. Terkait dengan kendala yang Kakak alami, mohon bantu kirim nomor pesanan & detail kendala via DM ke IG @Alfamart/@Alfagift_idn atau pusat bantuan Alfagift dengan kode #3445153. Terima kasih ^raf"",2026-03-09 03:03:00,4.47.1";
"2a10621a-02cd-4532-8378-1ccb7cc0cc30,Rina Yuliani,https://play-lh.googleusercontent.com/a-/ALV-UjXzneHLstXGqrDvK9tecymjBB1VRVjgiCa_M6euEIhV4axMmMCM,udah pilih pengiriman 1 jam setelah pembayaran.. malah berjam2 gk sampe2.. niat pake ni aplikasi biar simple malah bikin susah.. mengecewakan,1,0,4.47.1,2026-02-22 10:00:54,""Hai, Kak. Mohon maaf atas ketidaknyamanan pengiriman Alfagift yang lambat dan kurang responsif. Kami akan terus berupaya meningkatkan layanan pengiriman agar pengalaman belanja Kakak menjadi lebih baik lagi ke depannya. 🙏^rsf"",2026-02-22 11:02:56,4.47.1";
"8988fbea-8a70-4c8a-a6c2-de662efb92bf,Neng nongnong,https://play-lh.googleusercontent.com/a/ACg8ocLPY2m5CjQil3FlKdmWMbDe0jyC7WOJ4NLvp7XfMFfnkXF3Kw=mo,""BURUK pengiriman lama, udah lama barang ketinggalan pula, tambah lama lagi nganternya duh gimana yah ini alfagift, server online di chat ga bales2"",1,0,4.46.0,2026-02-10 04:37:59,""Hai, Kak. Kami mohon maaf atas ketidaknyamanan yang Kakak alami terkait pengiriman yang lama, barang yang tidak lengkap, serta lambatnya respons dari tim chat Alfagift. Masukan Kakak ini akan segera kami jadikan prioritas untuk perbaikan sistem dan peningkatan kualitas layanan pengiriman serta customer service kami. Mohon kesabaran Kakak. ✨^Yna"",2026-02-10 09:34:20,4.46.0";
"2f01f44f-94c5-4024-8616-e0a1a09f76ef,Suci Uci,https://play-lh.googleusercontent.com/a/ACg8ocJ-GT72s74EbkQarION8H5eIlOZeOTFcgVTsFabV1yj9X9CBQ=mo,""mending gk ush pake aplikasi klu pas blnja d alfagift barang d cancel krna gk ada 2 barang,trus pas nnya chat by wa ke kasirnya,barang yg lain bisa d co ulang gk mlh d suruh blnja lngasung"",1,0,4.47.1,2026-03-13 13:26:49,""Hai Kak, mohon maaf atas ketidaknyamanan yang dialami. Kami terus berupaya meningkatkan kualitas layanan agar lebih baik. Terkait dengan kendala yang Kakak alami, mohon bantu kirimkan detail kendala melalui DM ke IG @Alfamart/@Alfagift_idn atau pusat bantuan Alfagift dengan kode #3472956. Terima kasih😊️ ^rsf"",2026-03-14 03:44:15,4.47.1";
e9a366fa-3a0a-42ab-b6cc-05e4e2694591,Hape Baru,https://play-lh.googleusercontent.com/a/ACg8ocKIvqaRJMrHrXOPAGW760uz7_lCRwheGiy_J9AwvMOGm7rmWQ=mo,namun aktir2 ini sangat lama sekali waktu pengiriman nya .masa jam 7pagi yg untuk estimasi 1jam udh penuh trus pilih jam2 berikut nya jg sama pengiriman nya lama bgt. kadang labis 6jam bahkan 12jam.alfamart ujung aspal Depok,5,0,4.47.0,2026-02-16 07:31:59,,,4.47.0;
"3abf4b65-db66-4a44-aeae-7ba9dc5cd38e,Irna Wati,https://play-lh.googleusercontent.com/a/ACg8ocJMinF0q-awVUoXPsCej73WMu7Mz5PcuIbBn3EFuowzlELKCA=mo,""semenjak punya aplikasi alfagift hidup jadi tambah simple gak repot kalo mau belanja,sangat membantu banget untuk sy yg punya todler 2 yg males keluar"",5,0,4.47.0,2026-02-18 04:29:53,,,4.47.0";
"8e6cf033-95f8-40b5-bec9-fb2254485108,dannish skibidi,https://play-lh.googleusercontent.com/a-/ALV-UjXOlwnZv-OHr_dPMbsSOsne1HQS3mT2-N5ak9y0wyx_15wkL6I,""pengirimannya lama sekali tidak sesuai jam yang diperkirakan, dan admin nya susah sekali dihubungi ataupun chat tidak dibalas"",1,2,4.47.1,2026-03-11 15:27:42,""Hai, Kak. Mohon maaf atas kendala pengiriman dan respons yang kurang cepat. Agar dibantu pengecekan, Kakak dapat menghubungi Shalma melalui DM Instagram Alfagift dengan melampirkan kode #3462774 🙏^kip"",2026-03-12 00:59:08,4.47.1";
"cb27bf8f-2c8f-456c-9d58-546c59bb8eff,Fatih Assofwan,https://play-lh.googleusercontent.com/a/ACg8ocKUtwqlNUuQIAcpk-ebMzp61viAfF4B4PbxM1wy2R1MHU0scWE=mo,""saya mesen bahan pokok dan jajanan untuk sodara di rembang,tapi pas sampe katanya plastik untuk bawa bahan"""" tersebut bau,kenapa ngga dikasi plastik baru?plastiknya bau pengiriman juga lama banget,eskrim"""" sampe mencair,ditambah bau plastik bekas sesuatu, ntah bekas apa.gimana? pihak Alfa?"",1,0,4.47.0,2026-02-18 05:35:31,""Hai, Kak. Mohon maaf atas ketidaknyamanannya terkait kualitas pengiriman pesanan Kakak. Kami sangat menyesal. Kakak dapat menghubungi Shalma melalui DM Instagram Alfagift dengan melampirkan kode #3335537 agar dibantu pengecekan. 🙏 ^ts"",2026-02-18 11:41:59,4.47.0";
"13d14b0b-12f2-4a63-bb2f-77466d1b4f69,Putri Damayanti Ardy Astuti,https://play-lh.googleusercontent.com/a/ACg8ocL9Oref9yZyCEJBRgTcRpM0pJVJtTJC41LZ43hWW81PI4MWDZ8W=mo,""Kata gue mah kalo misalnya bisa beli di kompetitor mending beli di kompetitor, gak direkomendasikan belanja disini. makin kesini pengiriman makin lelet"",1,0,4.47.1,2026-03-05 05:20:45,""Hai, Kak. Mohon maaf atas ketidaknyamanan terkait durasi pengiriman. Kami terus berupaya memperbaiki layanan agar belanja Kakak lebih menyenangkan. Kakak dapat menghubungi Shalma melalui DM Instagram Alfagift dengan melampirkan kode #3424420 agar dibantu pengecekan. 🙏^rsf"",2026-03-05 07:50:26,4.47.1";
"c1b5dad6-2dc0-4762-9c12-31cd7b5387e2,Jack Daniel,https://play-lh.googleusercontent.com/a-/ALV-UjXs0DwYRmwdYY9UUZTbv0BPxI6J5Agtsjd6Y7OA42mSbjB2H6s,""buat apa ada aplikasi tapi tidak semua produk nampil msh harus lewat web, pas lewat web, kadang webnya malah ngaco ga bisa dimasukin keranjang produknya.."",2,0,4.47.1,2026-03-06 07:12:33,""Hai, Kak! Mohon maaf atas ketidaknyamanannya. Kami terus berupaya menambah kelengkapan produk di aplikasi. Jika kendala berlanjut, Kakak dapat menghubungi Shalma melalui DM Instagram Alfagift dengan melampirkan kode #3431035 agar dibantu pengecekan.😊^kip"",2026-03-07 03:49:14,4.47.1";
"634c1703-f0cd-44a7-9ced-f1e02d7f9243,Dwi Rachmat,https://play-lh.googleusercontent.com/a-/ALV-UjVXjoZEoUG61hVbRmsKB8FgnOiQGbuzE-gm4GXi99UyOs0t4TWWPA,""setelah dapat update, aplikasinya ga bisa dibuka dan ga bisa masuk ke menunya, selalu keluar dan balik ke home HPnya"",1,0,4.47.1,2026-02-23 01:52:38,""Hai, Kak. Mohon maaf atas kendala yang terjadi setelah pembaruan aplikasi. Kakak dapat mencoba membersihkan cache aplikasi atau melakukan instalasi ulang. Kakak dapat menghubungi Shalma melalui DM Instagram Alfagift dengan melampirkan kode #3366092 agar dibantu pengecekan.😊^kip"",2026-02-23 04:41:56,4.47.1";
"2f5e46cb-6a03-49d9-bdc1-d9566e81a075,SEPTIAN AL HAFIDZ,https://play-lh.googleusercontent.com/a-/ALV-UjVkzhCJwgvS6Zm7JnKYU6jHYywjZnysA_0ZEu80BMPAQzs7bOzX2A,""nomor tidak bisa di gunakan nomor ini pernah terdaftar, tapi sudah tidak aktif atas permintaanmu. ini knpa ko bisa gini sya ga bisa masuk alfagif"",5,0,4.47.1,2026-02-26 13:59:33,""Hai Kak, mohon maaf atas ketidaknyamanan yang dialami. Kami terus berupaya meningkatkan kualitas layanan agar lebih baik. Terkait dengan kendala yang Kakak alami, mohon bantu kirimkan nomor member & detail kendala melalui DM ke IG @Alfamart/@Alfagift_idn atau pusat bantuan Alfagift dengan kode #3385784. Terima kasih ^raf"",2026-02-27 10:56:26,4.47.1";
"9265dd04-7e8d-4b45-9df2-260cb98ba40e,Hadi Yanih,https://play-lh.googleusercontent.com/a/ACg8ocIePbmzNDv34GR5BE9kNi7oAWUpqSl_KXozxGFYqQqaXFqgOA=mo,awal nya saya senang pke alfa gift tapi mkin k sini kurir nya mkin aneh bnyak order ngeluh jarak orderan jauh cancel pesanan.lalu buat apa alfa gift. setidak nya klo g mau antar g usah bilang yg aneh aneh,2,0,4.46.0,2026-02-17 09:46:53,""Hai, Kak. Kami mohon maaf atas pengalaman kurang menyenangkan terkait pembatalan pesanan dan kendala jarak pengiriman. Masukan Kakak sangat berharga dan akan kami sampaikan agar kualitas layanan kurir Alfagift dapat terus ditingkatkan. Terima kasih atas pengertiannya. 🙏^Yna"",2026-02-18 01:33:40,4.46.0";
"a7af0d2d-bd4a-47fb-b20a-e14e681f15d2,Vivi Chan,https://play-lh.googleusercontent.com/a-/ALV-UjWOgSeFyYcnR4MtWpvoMb2k6NUNQFoPxkEUhO6OHYR3FQKxmJ6V3Q,""nyusahin, pesen dri jam berapa lama nya minta ampun berjam jam mnding hapus aja deh ni aplikasi minimal adain ada opsi batalkan pesanan"",2,0,4.46.0,2026-01-22 14:07:25,""Hai, Kak. Mohon maaf atas kendala yang terjadi. Kami mengerti ketidaknyamanannya. Untuk membatalkan pesanan dan pengecekan lebih lanjut, Kakak dapat menghubungi Shalma melalui DM Instagram Alfagift dengan melampirkan kode #3265586 agar dibantu pengecekan.🙏^kip"",2026-01-22 15:26:30,4.46.0";
"6deee73a-66a8-43f8-ab67-8cc53aa7de50,ariez semut,https://play-lh.googleusercontent.com/a/ACg8ocIDrKv2HodrgPzgfQ5yp7RBpYjjyW6PTGNQym_tiYFxIrXhXQ=mo,""Minta tolong y!! ini sudah seminggu lebih lho, tp pengembalian dananya belum masuk2, ini gimana solusinya,"",2,0,4.46.0,2026-02-18 10:10:39,""Hai, Kak! Mohon maaf atas kendala pengembalian dana yang belum masuk. Ini butuh pengecekan lebih lanjut. Kakak dapat menghubungi Shalma melalui DM Instagram Alfagift dengan melampirkan kode #3336391 agar dibantu pengecekan.😊 ^ts"",2026-02-18 13:40:38,4.46.0";
"55d1cf08-2e01-4d6e-a72c-6fe07162e4bd,Farrel Hanggara,https://play-lh.googleusercontent.com/a-/ALV-UjWAZcQxaAVSpxaZ84SaJEjnh5KVDooo942ptqCFf2NxwrgDZx1F,Tolong rubah untuk kurir nya masa pesanan belum sampai udah di terima terus ngaret pula Dateng nya kak kalo gini rugiin konsumen ga sesuai,1,0,4.46.0,2026-02-02 03:18:08,""Hai, Kak. Kami mohon maaf atas pengalaman kurang menyenangkan ini. Mengenai kurir dan status pesanan, Kakak dapat menghubungi Shalma melalui DM Instagram Alfagift dengan melampirkan kode #3294081 agar dibantu pengecekan.😊^kip"",2026-02-02 14:14:17,4.46.0";
"86f56b31-25f1-453e-8089-456a90acdde2,Eno,https://play-lh.googleusercontent.com/a/ACg8ocL5x5MV2zZWYYJXFmYI3iq4VctshdEnr9tWUGR7SyipyQKrduQ=mo,gak bisa beli beras jumlah banyak padahal mau berbagi rejeki maksimal cuma 2 dak stocknya juga ada yg klik bait di klik ternyata habis,1,0,4.46.0,2026-02-13 02:46:46,""Hai, Kak! Mohon maaf atas ketidaknyamanannya. Ada batasan jumlah pembelian beras saat ini. Mengenai produk 'klik bait', terima kasih atas informasinya! Kakak dapat menghubungi Shalma melalui DM Instagram Alfagift dengan melampirkan kode #3320866 agar dibantu pengecekan. 😊^kip"",2026-02-13 08:15:36,4.46.0";
"acfa7710-bb18-4ef0-a9c7-47193f686afb,Hisyam Mu'tashim,https://play-lh.googleusercontent.com/a-/ALV-UjX7ILKAe37gI9O2LYVmp1KEYaBetA2glFhkBb8SYNLrUILyI9h8YQ,""Pengiriman lama sekali, melewati batas waktu pengiriman, kalau tidak siap, jangan buka layanan pengiriman!"",1,4,4.47.1,2026-03-04 20:08:19,""Hai, Kak. Mohon maaf atas kendala pengiriman yang melewati batas waktu. Kami berkomitmen untuk terus memperbaiki kecepatan layanan kami. Kakak dapat menghubungi Shalma melalui DM Instagram Alfagift dengan melampirkan kode #3422439 agar dibantu pengecekan. 🙏^rsf"",2026-03-05 04:36:17,4.47.1";
"f45d3e5e-7d14-485d-80e2-0ef5e5b489c9,Lita Noviarti,https://play-lh.googleusercontent.com/a-/ALV-UjVuEo_VV0je_-qcOdtsLY4NVIutNI8R6atTdN2V24-WoeoOV3N0,""Aplikasi ini sangat membantu emak² mager spt sy yg kdg suka males keluar, apalagi ke mini market yg ada tukang parkir tiba² pas mau plg doang nongol 🤣"",5,0,4.46.0,2026-01-22 09:30:31,,,4.46.0";
"1dceb779-7259-4d69-b31d-333b86cebfd2,Dina Fahmawati,https://play-lh.googleusercontent.com/a-/ALV-UjUaYeqlr1nPGgW6iJAAnz3mywIR6Zr-HFz9CegT3ho7GyOT4sQ,""prosesnya lelet sekali, pengiriman juga lama sekali, respon chat pun lama >,<"",1,2,4.47.1,2026-03-05 13:18:15,""Hai, Kak. Mohon maaf atas ketidaknyamanan pengiriman Alfagift yang lambat dan kurang responsif. Kami akan terus berupaya meningkatkan layanan pengiriman agar pengalaman belanja Kakak menjadi lebih baik lagi ke depannya. 🙏^rsf"",2026-03-06 05:03:22,4.47.1";
"834a8f78-753e-45e5-9fc1-1134fb9c498b,Ramdani,https://play-lh.googleusercontent.com/a-/ALV-UjUN9TFzRRpxRhNZVI_ZKGhh9H4ZmcmQHZGrQTmYp71pOCpsi971,kedua kalinya kecewa banget sama Alfamart apalagi Alfamart Karanganyar Tegal pesan jam 10.23 jam 2 baru sampe alasannya pengirimnya cuma 1 lah buset mana ada kompensasi pengganti keterlambatan lagi kecewa ga mau lagi pake alfagift lah mending Indomaret,1,3,4.46.0,2026-02-01 07:17:41,""Hai, Kak. Mohon maaf atas ketidaknyamanan pengiriman Alfagift yang lambat dan kurang responsif. Kami akan terus berupaya meningkatkan layanan pengiriman agar pengalaman belanja Kakak menjadi lebih baik lagi ke depannya. 🙏^rsf"",2026-02-01 08:57:41,4.46.0";
"0bd8316d-20ad-47a2-89c3-ab6cf7ebe6ca,Memy Jerikho,https://play-lh.googleusercontent.com/a-/ALV-UjUH8TUW5WYKiVlHTLDvDUZX2LKUMWplk09GdZkJhKIkNJ2ewDNy,Pengiriman lama bgt.Pilih yg 1 jam tapi udh mau 2 jam dikirim pun belum.Gak akan lagi pake aplikasi ini.Mending pake ojol bayar tapi datengnya gak ngaret.,1,0,4.46.0,2026-02-17 07:16:33,""Hai, Kak. Mohon maaf atas keterlambatan pengirimannya. Kami mengerti kekecewaan Kakak. Kakak dapat menghubungi Shalma melalui DM Instagram Alfagift dengan melampirkan kode #3335815 agar dibantu pengecekan. 🙏"",2026-02-18 13:42:20,4.46.0";
"49eae93c-f743-4740-bf98-3eb803cc168f,Philip Niel,https://play-lh.googleusercontent.com/a-/ALV-UjW1tyUtrncxlbH2ClpKvE_BFKSqbUL60Yxfqb_0Dh1P9oNxlW8,""Gimana ini, mau belanja galon sama gas selalu stok kosong tulisannya di aplikasi padahal di toko itu ada barangnya. Ini sih karyawannya aja yang males nganterin, tolong dibenahi."",2,0,4.46.0,2026-02-15 00:11:33,""Hai, Kak. Mohon maaf atas ketidaknyamanan terkait perbedaan stok di aplikasi dan toko. Kami akan sampaikan hal ini untuk evaluasi tim lapangan. Kakak dapat menghubungi Shalma melalui DM Instagram Alfagift dengan melampirkan kode #3326623 agar dibantu pengecekan. 🙏 ^ts"",2026-02-15 07:19:30,4.46.0";
"28200aa3-23d7-40a7-8da4-7ef5e9e03c77,Saring Sutiono,https://play-lh.googleusercontent.com/a/ACg8ocJGCE31E_iH3QeV6I4w8HyKqPlsXQ4eRsQJD2dyf0uczbDwLA=mo,saya top up gopay bagaimana cara pengembalian dananya karena saldo tidak masuk2 . biasanya lancar kenapa sekarang pending lama bener,3,2,4.46.0,2026-02-15 04:29:11,""Hai, Kak. Mohon maaf atas ketidaknyamanan yang Kakak alami. Untuk penelusuran lebih lanjut terkait masalah Kakak, Kakak dapat menghubungi Shalma melalui DM Instagram Alfagift dengan melampirkan kode #3327173 agar dibantu pengecekan. ^asp"",2026-02-15 05:44:56,4.46.0";
"e884afb1-6861-4a56-9f4a-09649738d7e8,spartax nose,https://play-lh.googleusercontent.com/a/ACg8ocKzBV3UsP4owGwPTuA7UKsg-t5lt3FJcPi8uPBfXYx6JNFxmA=mo,""app nya bagus sangat menguntungkan cuma cs nya lama masak 1x24 jam baru di balas, bisa di perbaiki lagi untuk live chat nya ."",1,0,4.46.0,2026-01-31 05:17:06,""Hai Kak, mohon maaf atas ketidaknyamanan yang dialami. Kami terus berupaya meningkatkan kualitas layanan agar lebih baik. Terkait dengan kendala yang Kakak alami, mohon bantu kirimkan detail kendala melalui DM ke IG @Alfamart/@Alfagift_idn atau pusat bantuan Alfagift dengan kode #3286494. Terima kasih😊 ^raf"",2026-01-31 06:19:46,4.46.0";
"61425e73-bb17-46d2-9952-a0e2ac4ba571,Rainy day,https://play-lh.googleusercontent.com/a-/ALV-UjU5eI0O_BT0tVWhRNb2Nlxms0j-n5fwsc_TJXFnHF7ENC5IZ8g,""ini padahal titik udh sesuai, jadi aku mesenin brg buat orang kealamat dia, tapi gabisa dikirim mungkin krn aktifin lokasi jdi kedetect dilokasi aku ,hmmm"",3,0,4.47.1,2026-03-08 05:21:31,,,4.47.1";
"7303b778-c17a-43c4-af7e-7402d308fe85,ff redeem2,https://play-lh.googleusercontent.com/a/ACg8ocJRSyzmCaQ_IB1YREE2rqur2InnnQquG577AHp3DJa56EMfGA=mo,""lambat banget pengirimannya, ga sesuai dengan estimasi yang diberikan. Sangat tidak profesional."",1,0,4.46.0,2026-02-04 13:24:48,""Hai, Kak. Mohon maaf atas keterlambatan pengiriman pesanan Kakak. Hal ini sangat tidak nyaman. Kakak dapat menghubungi Shalma melalui DM Instagram Alfagift dengan melampirkan kode #3302520 agar dibantu pengecekan. 😊^kip"",2026-02-05 02:06:18,4.46.0";
"79b7ceb3-3704-409f-a8cf-750f9b29eaf9,ismail kamaruddin,https://play-lh.googleusercontent.com/a/ACg8ocLRoy0CLR9JMLz7Mkmc42_dYJIm2SXdMaG2pXWfp-GdkGh4Jg=mo,""Setiap sy mw memasukkan belanjaan ke keranjang Alfagift, tdk berhasil. bgmna solusinya."",4,0,4.47.1,2026-02-28 06:24:49,""Hai Kak, mohon maaf atas ketidaknyamanan yang dialami. Kami terus berupaya meningkatkan kualitas layanan agar lebih baik. Terkait dengan kendala yang Kakak alami, mohon bantu kirimkan detail kendala melalui DM ke IG @Alfamart/@Alfagift_idn atau pusat bantuan Alfagift dengan kode #3395094. Terima kasih😊️ ^rsf"",2026-02-28 09:38:04,4.47.1";
"a9e752e4-0436-49a4-94fa-0ad3e2b6a4b1,yeni gultom2004,https://play-lh.googleusercontent.com/a/ACg8ocI3QDcIoWFWADSmNE0sQn3QAWrt2r3hNiT1_aDK-Rewhey4xg=mo,""pesanan saya udah 3 hari belum dikirim padahal pesanan saya pengiriman instan, sudah di chat tapi gak ada balasan"",1,4,4.47.1,2026-02-22 06:18:32,""Hai Kak, mohon maaf atas ketidaknyamanan yang dialami. Kami terus berupaya meningkatkan kualitas layanan agar lebih baik. Terkait dengan kendala yang Kakak alami, mohon bantu kirimkan detail kendala melalui DM ke IG @Alfamart/@Alfagift_idn atau pusat bantuan Alfagift dengan kode #3360118. Terima kasih😊️ ^rsf"",2026-02-22 06:50:25,4.47.1";
"c1abd336-861c-4085-97ce-2abe9dd63227,23.Narisha Anindita,https://play-lh.googleusercontent.com/a-/ALV-UjUDjacAyrU1_WfcH23hEOU9NhDwdCp3BfP8mu5lcEKRr91p5OM,""pengirimannya jadi lama banget, terus sering banget logout sendiri harus login ulang"",3,0,4.47.1,2026-03-09 21:11:39,""Hai, Kak. Mohon maaf atas kendala pengiriman dan aplikasi yang sering logout. Untuk pengecekan lebih lanjut, Kakak dapat menghubungi Shalma melalui DM Instagram Alfagift dengan melampirkan kode #3451555 agar dibantu pengecekan.😊^Ynaa"",2026-03-10 04:41:48,4.47.1";
"94ebf725-7aca-4558-9b9d-446007e7114e,Deby Aghata Risky P,https://play-lh.googleusercontent.com/a-/ALV-UjXl7rGHDtMHdvUqX6Ri9FdLt8wGHL28vJN272yoMmNK6pJVvfsr,""sedikit masukan untuk apk alfagift, mungkin bisa ditambah fitur batalkan pesanan juga"",4,0,4.46.0,2026-02-06 15:22:04,""Hai, Kak. Terima kasih atas masukan berharga mengenai fitur batalkan pesanan di aplikasi Alfagift. Saran Kakak akan kami sampaikan sebagai bahan pertimbangan untuk pengembangan aplikasi ke depannya. 🙏^Yna"",2026-02-07 02:00:27,4.46.0";
"75497306-ff15-4e48-b56e-828894b8aebe,Aurel Migelika,https://play-lh.googleusercontent.com/a-/ALV-UjUaj9sghXjz3wqLOD1DC7c5Ae9VnydL8rsIgXpbJxW45IgzoAVVYA,""pesanan ada yang kurang, klik ajukan pengembalian gabisa, di chat jg toko nya malah gada respon"",1,1,4.47.1,2026-03-10 20:38:34,,,4.47.1";
"a3037fbf-008f-4ec2-8b8d-0fe896c77e04,Muhammad agil Alfarizi_TI,https://play-lh.googleusercontent.com/a-/ALV-UjXJpGUnJPTj-62LMZyzPWqqhazEKvucu3ZlirUBKxQ8Uy9kj73o,""estimasi 1 jam, tapi hampir 5 jam baru, terkirim. kaga niat, maaf ya developer gw bingung ngasih rate kemana. overall aplikasi bagus"",1,0,4.46.0,2026-02-08 12:15:25,""Hai, Kak. Mohon maaf atas keterlambatan pesanannya. Kami akan terus meningkatkan kualitas pelayanan kami. Kakak dapat menghubungi Shalma melalui DM Instagram Alfagift dengan melampirkan kode #3312097 agar dibantu pengecekan. 🙏^kip"",2026-02-08 12:56:37,4.46.0";
"30cfc19d-d2e2-4eb7-8474-c2451bce6c1a,Hani Wulaningsih,https://play-lh.googleusercontent.com/a/ACg8ocKAm5H1zcmx45X5rnSrtyG6I9eCdaQrcJh-nNAUW-m9zG5G6w=mo,""pengiriman lama! pilih opsi pengiriman satu jam tapi 3-4 jam baru sampai, pesan eskrim selaluu meleleh"",1,0,4.46.0,2026-01-25 12:47:17,""Hi, Kak, maaf banget ya buat kendalanya. Biar Shalma bantu cek, mohon infokan detail kendalanya melalui DM Instagram @alfagift_idn dengan memberikan kode #3271837 ya. Kejadian ini akan Shalma jadikan evaluasi untuk lebih baik lagi Kak. Terima kasih :) ^js"",2026-01-26 04:23:03,4.46.0";
"e98ff037-4d44-4b97-99db-9b7354cabd2b,Nora Pakpahan,https://play-lh.googleusercontent.com/a/ACg8ocK33EzHKw-RVmkK1e3WsgVa9RNPLUbxtbKLuTMR6aW9IU4DwQ=mo,""Pengiriman nya terlalu lama, baik ditingkatkan pengiriman nya biar customer tidak terlalu lama menunggu"",4,0,4.47.1,2026-02-23 07:40:43,""Hai, Kak. Terima kasih atas kritik dan saran yang Kakak berikan. Alfamart dan Alfagift terus berupaya meningkatkan efisiensi dalam proses pengiriman agar Kakak dapat menerima pesanan dengan lebih cepat dan nyaman. Masukan dari Kakak akan kami gunakan sebagai bahan evaluasi untuk meningkatkan kualitas layanan pengiriman kami kedepannya. 🙏"",2026-02-23 11:35:24,4.47.1";
"600bb361-3bb8-4e56-9150-d6d015251fea,VanVan,https://play-lh.googleusercontent.com/a-/ALV-UjVF3veTdaetuDRKTaK66j9Hhz3cYWb3KWL6GFlgOIwRMBgJAtA2,sebelumnya bagus bagus aja ni aplikasi tp semenjak td sy kecewa sih nada voucher yg gak bisa dipake padahal masa aktif nya masih jauh.,1,0,4.46.0,2026-02-13 04:59:11,""Hai, Kak. Mohon maaf atas ketidaknyamanan terkait kendala penggunaan voucher. Kakak bisa memastikan kembali syarat dan ketentuan voucher yang berlaku, seperti minimum transaksi atau produk yang sesuai. Terkadang ada ketentuan khusus yang membuat voucher tidak dapat digunakan pada transaksi tertentu. Semoga segera teratasi! 😊^Yna"",2026-02-13 05:42:00,4.46.0";
9b891167-ce82-46e6-b6c9-327dcff6c7d7,Anam Hariadi,https://play-lh.googleusercontent.com/a-/ALV-UjWJp86beHp1kj4D8RS6dgtnlD9Ilmtcv8WeOd6frHC0eSu7dNpZ,Mohon aplikasi segera diupdate agar dapat memilih belanja dari alfamart daerah terdekat lebih diakuratkan. supaya bisa berbelanja saat ini saya terkendala karena hal tersebut belanja di daerah B tapi lokasi alfamart berada di daerah A,4,1,4.46.0,2026-01-25 03:34:35,,,4.46.0;
"2c600798-bc9f-4cb7-bc8d-c7dbd3f50970,Choqy Adi,https://play-lh.googleusercontent.com/a-/ALV-UjWQa1EszGj5aYK4WCx-1v3vm6BxmiCe0aQZFtr_jlONhllZGRlz,pengiriman lambat banget.. 5 jam baru dikirim.. klo ga siap ga usah buka online.. fokus aja offline.. ga akan make lagi,1,0,4.47.1,2026-03-01 16:14:49,""Hai Kak, mohon maaf atas ketidaknyamanan yang dialami. Kami terus berupaya meningkatkan kualitas layanan agar lebih baik. Terkait dengan kendala yang Kakak alami, mohon bantu kirim nomor pesanan & detail kendala via DM ke IG @Alfamart/@Alfagift_idn atau pusat bantuan Alfagift dengan kode #3404587. Terima kasih ^raf"",2026-03-02 02:00:41,4.47.1";
"5fe4df3e-689b-4a71-a593-307670aced0d,Dian Maya Sari,https://play-lh.googleusercontent.com/a/ACg8ocLPdNdut_k3rmWRdUnNq75a4OBhdl7TogPNL86t0Zj99lWe3g=mo,""Dulu alfagift gercep dan banyak promo potongan. belum nyampe sejam, barang udah tiba. sekarang udah pake pembatasan, lewat dr jam 6 ordern online, pasti nunggu besok.. terus semakin semena2 juga staffnya, tiba² menunda pengiriman tanpa alasan jelas. makin mikir buat order di alfa.."",1,13,4.45.1,2026-01-18 04:11:26,""Hai, Kak. Terima kasih telah menyampaikan masukan berharga ini. Kami mohon maaf atas perubahan kecepatan pengiriman dan kendala penundaan yang Kakak alami, Hal ini menjadi perhatian serius kami untuk segera dievaluasi dan diperbaiki. Kami akan terus berinovasi untuk promo dan layanan terbaik. ✨^Yna"",2026-01-18 05:09:43,4.45.1";
"6048afbe-9602-4ed6-be24-c5060b60514e,Reynard Alfarizi Wijaya,https://play-lh.googleusercontent.com/a/ACg8ocJC6lOobp3guosyBdCqxQxlfRcUnzdRxRFO_wNsHC79BKlTDA=mo,""Semakin lama, pelayanan kurang memuaskan banyak pesanan yang kurang, padahal kita sudah membayar full, jujur kecewa"",1,0,4.46.0,2026-02-17 14:24:05,""Hai, Kak. Mohon maaf atas ketidaknyamanannya terkait pesanan yang kurang. Kami mengerti kekecewaan Kakak. Kakak dapat menghubungi Shalma melalui DM Instagram Alfagift agar dibantu pengecekan. 😊^Yna"",2026-02-18 03:38:28,4.46.0";
"2470538b-081e-4251-ac9c-c8398dbb6f31,Mama Labib Labib,https://play-lh.googleusercontent.com/a-/ALV-UjXpZtPB_XL4lUXuHouzHQe43uFaJhm-IAUsqH1lkAKJd8lRz0-l,""ada apa dengan Aqua? kok aneh siy....belanja gak bisa diproses dibilang harga berubah produk tidak bisa dibeli, udah ok tetep aja gak bisa diproses, trus kita kudu gimana? lama2 gak jadi belanja dah, padahal saya termasuk rutin belanja pake alfagift ternyata tidak cuma Aqua tetapi semua yang harganya berubah tidak bisa dibeli, kalo begitu apa gunanya harga promo? bahkan ketika saya klik sesuaikan harga, tetap saja tidak bisa dibeli jelas ini bukan salah toko tapi salah aplikasinya. please lah..."",2,24,4.44.1,2025-11-29 06:36:34,""Hi, Kak, maaf banget ya buat kendalanya. Biar Shalma bantu cek, mohon infokan detail kendalanya melalui DM Instagram @alfagift_idn dengan memberikan kode #3096961 ya. Kejadian ini akan Shalma jadikan evaluasi untuk lebih baik lagi Kak. Terima kasih :) ^rr"",2025-11-29 06:51:49,4.44.1";
"1611ee9f-b209-4d1c-8a30-a27f76798dc7,Irwan Idris,https://play-lh.googleusercontent.com/a-/ALV-UjXyP0I4_A9Ybrgg-Cyllf0gN99c7zPKBmluQXngUUpVKYX-E3Q,penangan yg sangat lambat dan sangat mengecewakan masa nunggu pesanan sampai 3 jam..tolong buat Alfa lebih di perhatikan lagi jangan bikin orang kecewa,1,0,4.46.0,2026-01-31 11:12:38,""Hai Kak, mohon maaf atas ketidaknyamanan yang dialami. Kami terus berupaya meningkatkan kualitas layanan agar lebih baik. Terkait dengan kendala yang Kakak alami, mohon bantu kirim nomor pesanan & detail kendala via DM ke IG @Alfamart/@Alfagift_idn atau pusat bantuan Alfagift dengan kode #3287446. Terima kasih ^raf"",2026-02-02 06:13:13,4.46.0";
"47ad015c-2a57-4104-b6a4-a4e435bc44b0,ilham al,https://play-lh.googleusercontent.com/a-/ALV-UjUcv8T5vfoPeQ6hspjt8ZYcL3VPHqFsCLpCUlo_L8oOmn5gLPnj,""sistem masih banyak celah, Maksimal pengiriman kok sampe besok,mending dibuat fitur sendiri saran saya"",1,0,4.46.0,2026-03-28 14:30:11,""Hai, Kak. Kami memohon maaf atas ketidaknyamanan terkait durasi pengiriman pesanan Kakak. Saran mengenai fitur pengiriman akan kami sampaikan ke tim terkait. Kakak dapat menghubungi Shalma melalui DM Instagram Alfagift dengan melampirkan kode #3542215 agar dibantu pengecekan. 😊^kip"",2026-03-29 09:07:46,4.46.0";
"9a94db64-63e2-4891-a642-77680f1f1abb,Angga Nanda Afriadi,https://play-lh.googleusercontent.com/a-/ALV-UjV4WqF5VcT_wWWog9nAU04naFRxrB5zkT1NXschnvj_kM0RwVkUxw,""Beberapa kali order dari beberapa toko, pelayanan nya buruk. Proses lama, ga ada update status pengiriman, di chat ga ada respon, di telpon langsung ke nomor by seluler baru ngangkat dan bilang pesanan nya yang mana ya. Parah separah parah nya, dikira bakal memudahkan, malah bikin emosi. Bye Alfagift, Uninstall sampe ada perbaian di setiap cabang."",1,35,4.44.1,2025-11-29 13:39:13,""Hai Kak, mohon maaf atas ketidaknyamanan yang dialami. Kami terus berupaya meningkatkan kualitas layanan agar lebih baik. Terkait dengan kendala yang Kakak alami, mohon bantu kirim nomor pesanan & detail kendala via DM ke IG @Alfamart/@Alfagift_idn atau pusat bantuan Alfagift dengan kode #3098380. Terima kasih ^raf"",2025-12-01 04:15:12,4.44.1";
"def2cabd-5470-4b9a-8fb8-863268688367,Taufik aja,https://play-lh.googleusercontent.com/a-/ALV-UjVsdlagLeV-7uXebx6Q6ZHc1NTiT4-NpaX-LOXYdWaCxRyB2neS,""Sebenernya aplikasi ini bagus, banyak promo dan kejelasan harga di banding harus ke store yg harga suka beda antara di tag dan di kasir. Cuma pelayanan yg nganter and kasir ny aja yg suka eror, anter lama lah, barang kurang berkali2 lah sampe pusing sendiri kita yg jd konsumen ini. Aku member dari lama sampe royal di member, akhirnya pensi gara2 satu toko yg ngelayanin 2 transaksi ku dan 22 nya ngeror semua. Thanks alfagift untuk sejauh ini, perbaiki staff2 lapangan nya."",1,80,4.45.0,2025-12-26 12:11:23,""Hi, Kak. Mohon maaf atas ketidaknyamanannya. Mohon infokan nomor pesanan Alfagift Kakak melalui DM Instagram @alfagift_idn dengan memberikan kode #3185291 agar dapat Shalma bantu cek ya. Terima kasih 😊️ ^ad"",2025-12-27 11:11:42,4.45.0";
"d6d57c55-8f2c-4349-9f48-7dba19026558,Rehan Bayhaqki,https://play-lh.googleusercontent.com/a-/ALV-UjUfZvOG1tALoEeFU_MLT8QDNO4NOCQ_RfwZ0lKmeprsmOCWAZ2_,""""""Alfamart sering sekali memberikan promo menarik, baik itu diskon langsung, program stamp, atau tebus murah. Ini sangat menguntungkan pelanggan setia seperti saya. Proses pembayarannya juga cepat, apalagi dengan adanya berbagai pilihan e-wallet yang sering ada cashback."""""",5,7,4.44.1,2025-11-21 07:06:06,,,4.44.1";
"eb9448f9-97a0-4f28-9256-fe7faa4451db,Vita Nurlaili,https://play-lh.googleusercontent.com/a/ACg8ocKYIYGWOQ1V0gEh9BqZj1Dkc1rkR098H-qqHJaUpqtkuseBdsw=mo,""pertama kali beli di alfagift kecewa banget sih, pengiriman nya lama banget sampai tengah malam belum juga sampai, ngga coba coba lagi deh beli di alfagift"",2,0,4.47.0,2026-02-16 14:03:49,""Hai, Kak. Mohon maaf atas ketidaknyamanan terkait pengiriman pesanan yang terlambat. Kami berkomitmen untuk terus memperbaiki layanan kami ke depannya. Kakak dapat menghubungi Shalma melalui DM Instagram Alfagift dengan melampirkan kode #3331733 agar dibantu pengecekan. 🙏^kip"",2026-02-16 15:54:29,4.47.0";
"8cc60ad2-a682-4fc3-b8e1-a30894bf0ac5,Nunung Rustianah,https://play-lh.googleusercontent.com/a/ACg8ocJfdLkX9dWCvm47CA0p2fAZwbIjPjaZsvgykKYiB3Zt14Skig=mo,""saya selalu ga bisa masuk pake nomor telpon lama tp juga ga pernah bisa daftar pake nomor telpon baru. mau ngeluh ke alfa gift nya susah banget, pake email ga bisa diklik. berkali2 di klik ga muncul keyword saya. sudah banget... berkali2 saya install, balik uninstall lagi, instal lagi Teruus berulang tp masih ga bisa. jawabannya selalu aktifitas mencurigakan. aktifitas apa sih? emang saya pencuri gitu? saya cuma mau belanja di alfa aja ribet. diperbaiki lah kalo mau dapet langganan. males.. 😡"",2,13,4.44.1,2025-11-20 23:22:46,""Hai Kak, mohon maaf atas ketidaknyamanan yang dialami. Kami terus berupaya meningkatkan kualitas layanan agar lebih baik. Terkait dengan kendala yang Kakak alami, mohon bantu kirimkan detail kendala melalui DM ke IG @Alfamart/@Alfagift_idn atau pusat bantuan Alfagift dengan kode #3071891. Terima kasih😊️ ^rsf"",2025-11-21 04:50:19,4.44.1";
"7bf6a857-d134-4439-90a9-0af11af4ed71,Fajwa Siti Aulia,https://play-lh.googleusercontent.com/a-/ALV-UjVeettsXfBoeQOYmohCX2Rh9k3S-GPEWOcOO6Cfuetpw3zqF1tE,""mohon untuk kedepannya aplikasi diberi fitur estimasi apabila memang ada keterlambatan. saya rasa fitur lacak yg ada sekarang tidak membantu sekali untuk melacak update pesanannya karena tidak bisa memantau secara real time. pesanan saya sudah 3 jam lebih tidak ada updatean apapun padahal saat co ada option """"maksimal pengiriman 1 jam setelah pembayaran"""" tapi nyatanya tidak seperti itu. Admin pun tidak memberikan kepastian"",2,36,4.44.1,2025-12-07 13:17:39,""Baik, Kak. Sebelumnya Shalma mohon maaf atas ketidaknyamanan yang Kakak alami ya. Kritik dan saran Kakak akan Shalma sampaikan ke tim terkait agar bisa meningkatkan pelayanan menjadi lebih baik lagi demi pelanggan setia. Terima kasih dan sehat selalu Kakak :) ^ad"",2025-12-07 16:54:16,4.44.1";
"ef138244-36c5-41b3-a0b5-f6a1daedc646,Arina Manasikana23,https://play-lh.googleusercontent.com/a/ACg8ocKdxsAuE7POdkZ2diU6H0rnBdJNe1BkGzlM4atvRBKgyBziWw=mo,TOLONG tambahkan fitur CANCEL !!! baru coba 3x yang ketiga bener2 mengecewakan ! pesan kebutuhan baby yang benar2 urgent! pakai pengirim max 2jm ternyata sampai 24 jam belum juga sampai saya pesan di (16-01-26 12:00wib sampai 17-01-26 12:00wib! ) chat slow respon. no info no konfirmasi no tanggung jawab banyak alasan! sekiranya ada kendala cepat di infokan dan kembalikan dana Bukan diam kalo tdk dicari ! 2 jam kedepan tidak sampai juga saya report pusat Alfa. report aplikasi. report lokasi,1,5,4.45.1,2026-01-17 05:38:28,""Hi, Kak. Biar Shalma bantu cek, mohon infokan detail kendalanya melalui DM Instagram @alfagift_idn dengan memberikan kode #3251204 ya. Kejadian ini akan Shalma jadikan evaluasi untuk lebih baik lagi Kak. Terima kasih :) ^Es"",2026-01-17 07:28:50,4.45.1";
"d5fe58fa-3a22-4474-9aff-41d8fbd91b8b,nanda charlos,https://play-lh.googleusercontent.com/a/ACg8ocIiy_aiF3C-1YjNaUTKAamjHYvNbOLPnUWWbZxtNS-OoZY3=mo,""di Alfamart banyak sekali diskon nya dari yang beli 1 gratis 1, promo 11.11 , dan lainnya, kasir nya ramah dan pelayanan nya baguss👍, bahkan kata mas kasir nya kita bisa beli produk dari rumah saja dan Alfamart nya yang mengirim ke alamat kita dan gratis ongkir tapi disesuaikan jarak dan lokasi nya, emng the best Alfamart dan menjadi pilihan belanja terbaik ku selamanya🫶 kalo bisa harga skincare promo terus 😁👍"",5,36,4.44.0,2025-11-16 19:59:39,,,4.44.0";
"40d35f15-e164-4941-8ccf-1efe2dabaafd,Miranda Syahfitri,https://play-lh.googleusercontent.com/a-/ALV-UjUTmr1-A3hthZRR-r6JQU1aOR6jEYsgJozv2gvJUXvcF2ICvA4ixQ,""Memakai aplikasi alfagift sangat enak dan merupakan pengalaman yang indah, kita bisa melihat harga barang dan memesan barang tanpa harus ke toko, selain itu setiap belanja 100rupiah kita dapat 1poin member yang dimna poin tersebut bisa di gunakan ketika kita berbelanja, jadi kita bisa lebih hemattt, MANTAP ALFAGIFT🫶🏻🫶🏻"",5,63,4.44.1,2025-11-21 07:09:53,,,4.44.1";
"3da8fed5-c036-48ff-bf21-63b2b84e3e8e,Alisa Qotrunada,https://play-lh.googleusercontent.com/a/ACg8ocJ7QY-yCIX2gjsRq04cVZDZFZeHqgXcofs4-uHyun4AL2ar9Q=mo,""Tidak bisa pilih-pilih produk, baru buka aplikasi langsung keluar lagi, padahal sebelumnya nya tidak seperti itu"",4,0,4.47.1,2026-03-09 15:50:04,,,4.47.1";
c2e9b1b5-10e1-472d-aef8-1fecaa0c1b89,Indri Apriani,https://play-lh.googleusercontent.com/a/ACg8ocJlyk0jQD0TOh3ar11UrH1Tsxvfbc83KzUEteGQMMnMqiT2EA=mo,Aplikasi pesanan online yg simpel mudah digunakan cocok untuk kaum kaum mageran tinggal masuk ke aplikasi tambah keranjang tunggu sebentar udah deh bisa menikmati pelayanan dari alfagift 😗. Kurirnya juga ramah ramah memang ada sih sistem yg kadang eror tapi selebihnya nya ok sih banyak voucher belanja nya juga.,5,41,4.44.1,2025-11-24 04:01:30,,,4.44.1;
"17c8ac39-e75d-443e-9015-69c408c608f0,Endang Mulyana,https://play-lh.googleusercontent.com/a/ACg8ocJ2F-7oDodJGbnpJFDSBNJz8FjY0jctUfoVB73PDgFr9wPcuw=mo,""Kecewa.. kecewa.. kecewa.. setiap kali pesan selalu mengecewakan. Mulai dari jam estimasi yang tidak sesuai, produk yg sudah rusak. Pelayanan yg tidak ramah. Tolong di perbaiki lagi urusan crew store sama bagian lapangan untuk pengiriman. Hadehhh"",1,61,4.45.1,2026-01-08 06:45:21,""Hai, Kak Endang Mulyana. Kami selalu berusaha melakukan peningkatan kualitas layanan dan kepuasan pelanggan hingga layanan kami menjadi lebih baik dari sebelumnya. Untuk kami bantu follow up mohon silahkan hubungi kami melalui DM ke @Alfamart atau @Alfagift_idn. Terima kasih ^kip"",2026-01-08 13:02:29,4.45.1";
4cff727c-0d4d-4304-a829-faa89c86bf3c,Nur Vianah,https://play-lh.googleusercontent.com/a/ACg8ocKbYBOIKL2hHDrp5rEO7Nqz4ZOWeY5t7Q-LcDLO5n_5aYHZ4g=mo,Alfagift sangat membantu buat belanja bulanan tiap bulan selalu belanja bulanan lewat alfagift banyak promo dan harga spesial ditambah ada program tebus murah saya pakai buat beli jajanan anak-anak jadi belanja bulanan gak over budget.. pengiriman gratis dan jam pengiriman bisa diatur kita sendiri.. semoga alfagift sukses terus dan jadi pilihan utama untuk berbelanja soalnya gak pake ribet untungnya banyak..,5,20,4.44.1,2025-12-13 17:49:23,,,4.44.1;
"15b528c6-a8f2-4169-a4b5-d4715e5a4ab6,Wizhatul Wildan Wildan,https://play-lh.googleusercontent.com/a/ACg8ocKvMY0uRHNs-VnV0e9f8tav1ukyZ_F7k7cVvtT1xUGNTsSKZw=mo,setiap belanja harus nunggu 2 jam lebih itu pun karena saya tanya di chat padahal sudah dipilih waktu pengiriman paling lama 1 jam setelah pemesanan/pembayaran. ini terjadi berulang dan bukan cuma dijam jam sibuk,1,0,4.45.1,2026-02-02 13:06:09,""Hai, Kak! Mohon maaf atas kendala yang terjadi. Untuk pengecekan lebih lanjut terkait pesanan, Kakak dapat menghubungi Shalma melalui DM Instagram Alfagift dengan melampirkan kode #3296578 agar dibantu pengecekan. 😊"",2026-02-03 01:10:00,4.45.1";
"cf9b5ff2-a698-4873-a60c-67e562d91d30,revandi darma,https://play-lh.googleusercontent.com/a/ACg8ocK_CfXF-4qAHqXv_5syyjWkemV78c-2s7jvFWf8x6GZkaBsFg=mo,""Aku kasih bintang 5 untuk aplikasi Alfagift, karena belanja jadi makin hemat dan praktis. Aku pakai program Gratis Ongkir dan Harga Spesial di Alfagift, belanja kebutuhan harian jadi lebih murah tanpa ribet keluar rumah. Prosesnya cepat, barang lengkap, dan pengiriman dari Alfamart terdekat bikin makin nyaman. Semoga Alfagift terus kasih promo menarik supaya Belanja Untung dan Bebas Ongkir bisa terus dinikmati."",5,1,4.44.1,2025-12-31 13:39:28,,,4.44.1";
"8d8ff389-d1b6-4ff4-a5e1-a500f4dc8a75,Rifo Pahrizal,https://play-lh.googleusercontent.com/a-/ALV-UjUmu5ggVtPPVmKVmsYtRe0WTYfZZ5908Nor3QXSfGKQwmasWbAp,""Memakai aplikasi alfagift sangat enak dan merupakan pengalaman yang indah, kita bisa melihat harga barang dan memesan barang tanpa harus ke toko, selain itu setiap belanja 100rupiah kita dapat 1poin member yang dimna poin tersebut bisa di gunakan ketika kita berbelanja, jadi kita bisa lebih hemattt, MANTAP ALFAGIFT"",5,119,4.44.1,2025-11-17 10:47:08,,,4.44.1";
"4917f38a-4a44-4dc0-b540-12b726fe974e,Edi Kurnia,https://play-lh.googleusercontent.com/a-/ALV-UjUSSvdz8ckZCtTySTthBk6iLd3xAdBBwkGBI9zIWJFNMhmFwcc,Mohon ya perbaiki lagi untuk metode pembayaran nya.. kembalikan seperti dulu yang ga harus ada saldo sama sekali juga bisa melihat berapa jumlah pembayaran dan bisa ganti metodenya sekarang lebih ribet dan memperhambat dengan adanya fitur hubungkan!!! setelah terhubung verifikasi ulang melalui shopee berulang- ulang gagal... sebaiknya jika setelah memilih metode pembayaran langsung dialihkan ke apk yang dipilih untuk mempermudah pembayaran.!,1,4,4.45.1,2026-01-17 15:55:43,""Hi, Kak, maaf banget ya buat kendalanya. Biar Shalma bantu cek, mohon infokan detail kendalanya melalui DM Instagram @alfagift_idn dengan memberikan kode #3252260 ya. Kejadian ini akan Shalma jadikan evaluasi untuk lebih baik lagi Kak. Terima kasih :) ^rr"",2026-01-18 01:22:27,4.45.1";
"9f88e6ef-a87c-40d6-839c-619da9c856f3,PUTRI MAHARANI,https://play-lh.googleusercontent.com/a/ACg8ocJkhMS9sFcsFY4j6tA8w2H1Qm7Ral8N-DOUErOUFG0PGcGRYQ=mo,""""""Aplikasi alfagift sangat membantu, Belanja jadi lebih mudah dan banyak promo menarik. Pengiriman juga cepat. Suka banget belanja lewat Alfagift. Harga sering lebih murah, banyak cashback, Promo tiap hari bikin makin hemat, Mantapp Alfagift👍🏻👍🏻👍🏻"",5,5,4.44.1,2025-11-24 05:19:17,,,4.44.1";
"a402c1bc-3b3a-428d-a1c2-b2469ca12dd5,Sry S Langi Toding,https://play-lh.googleusercontent.com/a-/ALV-UjWmC72E9ViqLGS9BJobJSheq4493GfU6ZHBQjW3R-sI4HKfVOE,""dengan menggunakan alfagift belanja jadi lebih nyaman dan nggak perlu repot ke toko. Gratis ongkirnya bikin belanja lebih hemat, apalagi bisa sampai di hari yang sama. Banyak produk eksklusif yang tidak ada di toko offline dan banyak promo menarik."",5,3,4.44.1,2025-11-19 06:44:15,,,4.44.1";
"62fb912d-10f0-4121-b4df-4ce7b229b7db,ayuk iie,https://play-lh.googleusercontent.com/a-/ALV-UjXON6C1reW1CyAS53hRo4CCrVEXv0NqYMtGA2lNYaX7xWJJgAIY,""e-receipt udah bbrp kali gak masuk laporannya, koin gak nambah dan tp tiap belanja dibilang ada diskon dll. tolong perbaiki, klo bsa tiap habis belanja bagi yg member e-receipt otomatis langsung masuk tanpa harus dibilangin ke kasirnya."",2,6,4.44.1,2025-12-05 12:31:50,""Hai, Kak. Mohon maaf untuk kendala yang dialami. Mohon dibantu DM IG Alfamart untuk Shalma bantu pengecekan dan tindaklanjut kembali ya, Kak.^Yna"",2025-12-06 02:03:41,4.44.1";
"d25b0dcb-fa70-4956-8fdc-2a829539165a,Indonesia Satu,https://play-lh.googleusercontent.com/a-/ALV-UjXPiiOSB8y5IA4hE_1iUCML2DEpalK5Azx7JHQn-V_le299OLT1,""Baru mo daftar kode OTP ga masuk², udh coba ganti nomer ga ada SMS kode OTP yg masuk. Pendaftaran udh berhasiil tapiii ga bisa beli rokok krn produk tidak dicantumkan, buat apa isi tgl lahir klo sistem ga bs ngebaca bahwa pengguna di atas 21th. Ikut undian periode desember 2025 hadiah nintendo switch tp smpe skrng ga jelas pengumuman pemenangnya siapa, di medsos alfa ga tercantum sama sekali. Baru ikut sekali udah kapok."",2,0,4.44.1,2026-03-15 14:29:34,""Hai Kak, mohon maaf atas ketidaknyamanan yang dialami. Kami terus berupaya meningkatkan kualitas layanan agar lebih baik. Terkait dengan kendala yang Kakak alami, mohon bantu kirimkan detail kendala melalui DM ke IG @Alfamart/@Alfagift_idn atau pusat bantuan Alfagift dengan kode #3483131. Terima kasih😊 ^raf"",2026-03-16 07:48:38,4.44.1";
"5164326c-439e-4e67-bcae-28471a9a2bfc,Fixie,https://play-lh.googleusercontent.com/a-/ALV-UjWEpeWfOO678-o0nMjrsvWyyfesLnQDqBXteN4DiiZtT9oe_Kep,""Sebelumnya layanan antar pesanan sangat membantu bagi saya yang tidak ada waktu untuk langsung belanja di toko, tapi sekarang. Teman saya yg kerja di Alfamart, cuman karena malas mengantar dengan alasan pembeli membeli dengan nominal receh dan akhirnya menonaktifkan layanan antar pesanan tersebut. Saya yang juga terkena imbasnya karena perilakunya. Padahal saya kalau order tidak pernah receh. Alhasil jadi pindah kalau belanja pakai aplikasi sebelah."",1,36,4.45.0,2025-12-23 08:42:53,""Hai, Kak. Kami selalu berusaha melakukan peningkatan kualitas layanan dan kepuasan pelanggan hingga layanan kami menjadi lebih baik dari sebelumnya. Soal kendala pengiriman pesanan, silakan hubungi kami melalui DM ke IG @Alfamart, @Alfagift_idn atau pusat bantuan aplikasi Alfagift dengan melampirkan kode #3177382. Terima kasih ^rd"",2025-12-24 01:02:22,4.45.0";
"c3edb29c-86c1-44be-921e-e4814879503c,Revaldo Sagala,https://play-lh.googleusercontent.com/a/ACg8ocIhtMc7f9YgVmAJ0W3Q2afmwwpVFaZpMR-PcWithO6zIqQgpTwB=mo,""aplikasi alfagift ini benar2 sangat mambantu, dengan aplikasi ini saya bisa belanja dari rumah dan sudah gratis ongkir, pengiriman cepat, tepat dan kurir selalu ramah. ga perlu pusing lagi kalau mau belanja di alfamart tinggal klik pesanan di aplikasi alfagift pesanan langsung datang kerumah. saya merasa beruntung menjadi member alfamart, karena bisa menikmati berbagai promo' menarik di alfamart melalui aplikasi ini ada voucher belanja, voucher casback, potongan harga, dan banyak lainnya."",5,34,4.44.1,2025-11-21 02:50:31,,,4.44.1";
"c1c71059-0d08-461d-819e-39b8df52120a,Fatimatuz Zahra,https://play-lh.googleusercontent.com/a-/ALV-UjWynZSZweJ-HIfwxcOfStS6XFg5YRYDymDNs2l2zgSdWyex1tlh,""kenapasih padahal aku suka belanja lewat alfagift tapi ini tiba tiba ngga bisa masuk ada tulisan """"sesi login selesai"""" pas masuk lagi malah ada keterangan """"akun ini sudah login di perangkat lain"""" padahal cuma login pake hp ini, tolong dong dibantu"",3,3,4.45.1,2026-01-14 11:53:55,""Hai, Kak. Kami selalu berusaha melakukan peningkatan kualitas layanan. Soal kendala pesanan Alfagift, silakan hubungi kami melalui DM ke IG @Alfamart, @Alfagift_idn atau pusat bantuan aplikasi Alfagift dengan melampirkan kode #3243658. Terima kasih ^ts"",2026-01-14 15:41:20,4.45.1";
"a4c10b31-4f36-4cee-8de8-c51f92791489,Meysa Amelia,https://play-lh.googleusercontent.com/a/ACg8ocK-YLS8UsHo6-ZQ0KPMxVrXLRoHxnj3OxxI9jNElRlnvJ9Uxw=mo,""Super puas banget belanja lewat Alfagift!🫶🏻 Barangnya lengkap semua, jadi tinggal klik-klik aja langsung dapat. Pengirimannya juga cepat banget, kadang baru checkout sudah otw! Ditambah banyak banget promo"""" nya dan pastinya gratis ongkir, bener-bener bikin hati happy tiap belanja."",5,15,4.44.1,2025-11-24 03:44:09,,,4.44.1";
"8d093c22-c69e-4c51-9159-39e792f4689c,Fatah Kaidupa,https://play-lh.googleusercontent.com/a/ACg8ocLKkEOl88pulI8XAH_4thpV38m_ilGhQFewRMRCjgV_LwGrbQ=mo,""Aplikasinya sangat membantu untuk belanja kebutuhan sehari-hari. Prosesnya cepat, promo yang ditawarkan juga banyak dan bermanfaat. Tampilan aplikasi mudah dipahami, pencarian produk lengkap, dan pengiriman pesanan selalu tepat waktu. Sangat memudahkan dibanding harus ke toko langsung. Terima kasih Alfagift!"",5,4,4.44.1,2025-11-19 14:42:35,,,4.44.1";
"993070ef-8405-4225-80b7-0a0edea10643,Irsya,https://play-lh.googleusercontent.com/a-/ALV-UjV5G4pOZQYgubUUYokdrZQsEZcF1D3cjev48b7TGGtYvdxwMTU,""Belanja harian sekarang nggak ribet lagi sejak kenal Alfagift. Sebagai ibu rumah tangga, aplikasi ini bener-bener ngebantu banget 😭✨ Mulai dari kebutuhan dapur, snack anak, sampai keperluan mendadak semuanya ada dan tinggal klik. Yang paling aku suka: sering ada promo + gratis ongkir, jadi belanja lebih hemat tanpa harus keluar rumah. Pengirimannya juga cepat, barang datang rapi, dan sesuai pesanan. Aplikasinya simpel, nggak bikin bingung, bahkan buat yang baru pertama kali pakai."",5,1,4.44.1,2025-12-13 12:21:57,,,4.44.1";
"f0b4e60e-f291-4fc7-93ca-1290b1698112,Nenti Ollin,https://play-lh.googleusercontent.com/a-/ALV-UjULaKTTLOcOSk2UbLUuOZLoAfJB8KGYtmA_uR4NmjVYOXk9kKkO,Sangat bagus karena gratis ongkir tanpa ada jumlah atau nominal minimal pembelian,5,0,4.47.1,2026-04-07 11:31:58,""Hai, Kak. Terima kasih untuk kepercayaan. Semoga kami selalu bisa meningkatkan kualitas pelayanan kepada semua sahabat Alfamart dan selalu bisa bermanfaat untuk banyak orang.😊️ ^ds"",2026-04-07 11:52:35,4.47.1";
"e57a9384-783b-497d-a38a-16eebf5ae3e1,Muhammad Hafiz,https://play-lh.googleusercontent.com/a/ACg8ocLsnalyd3N0FV_zE8SUh2Or6hZ3npY7554bxsAHbPTawWZ72g=mo,""aplikasi alfagift ini benar-benar sangat membantu, dengan aplikasi ini saya bisa belanja dari rumah dan sudah gratis ongkir, pengiriman cepat, tepat dan kurir selalu ramah. ga perlu pusing lagi kalau mau belanja dialfamart tinggal klik pesanan diaplikasi alfagift pesanan saya langsung datang kerumah."",5,31,4.44.1,2025-11-22 06:29:08,,,4.44.1";
"255d8e27-9369-4e87-9332-c94fd404ecf8,Lilis Ariska,https://play-lh.googleusercontent.com/a/ACg8ocJCcRCEsEf4_xWLtGe58MBAhjY8_-bbTF5fIyyrZ5HTtQs89Q=mo,""aplikasinya sangat bagus untuk kaum milenial dan pastinya banyal promo, gratis ongkir dan efektif aplikasinya user friendly dan tersedia berbagai macam metode pembayaran. bisa tukar poin juga jadi lebih hemat belanjanya!!"",5,6,4.44.1,2025-11-19 04:39:16,,,4.44.1";
"9b9bc433-93a0-4440-9c53-c2d5f4d0a21b,Agus Setiawan,https://play-lh.googleusercontent.com/a-/ALV-UjV3MM5G2Eqw81E_PUj9etLJDx6UhInoYV_7jlSaFBFj9vI0T4RI,""Dulu sebelum di update, bisa melihat riwayat item belanjaan, harga item barang dan total belanja. Sekarang tidak bisa lagi 👎, cuman ada nilai poin. Padahal penting untuk cek dan ricek. Untuk delivery kenapa tidak bisa memilih toko yang terdekat dengan rumah ? tetapi otomatis mengikuti sistem, yang jarak tokonya jauh. Sehingga membuat lama datang nya barang yang dipesan."",1,56,4.45.1,2026-01-03 12:29:12,""Hai, Kak. Mohon maaf atas ketidaknyamanan terkait riwayat belanja dan kendala pemilihan toko terdekat untuk delivery. Kami memahami pentingnya fitur tersebut untuk Kakak. Masukan ini akan segera kami sampaikan kepada tim terkait untuk evaluasi dan perbaikan sistem aplikasi Alfagift agar ke depan lebih baik. 🙏^rsf"",2026-01-05 10:15:39,4.45.1";
"0735784e-f29e-4df0-bc16-4c6952288ded,Cerita Libur,https://play-lh.googleusercontent.com/a-/ALV-UjU3RjrUVvoUCj77YFNHL4TfA_nJTViKdD0lvFX50S9_umFHSlk,""Bintang lima untuk Alfagift karena belanja untung dengan program Bukti Kasih Untuk Anda Sering belanja di Alfagift karena banyak promonya, belanja tanpa minimum pembelanjaan gratis ongkir :), cepat sampainya Semoga Alfagift sukses selalu dan terus ada soalnya ngebantu banget buat saya yang mageran bisa belanja tanpa harus keluar rumah"",5,6,4.44.1,2025-12-08 08:27:38,,,4.44.1";
"e2a76c03-5783-4bfc-8d57-743006dc5620,Rie2n Putri,https://play-lh.googleusercontent.com/a/ACg8ocKywTL-mc-ikTCbeN3cSYnq0-TDlcEiDMy5amjH_i-Zob6eFw=mo,""semenjak pindah toko DO nya jadi lama pengirimannya, chat slow respon,pesen dari pagi sampe malam belum dikirim bahkan besok siangnya baru dikirim,alasannya overload,seoverload itukah? pokoknya skrg udah bukan solusi lagi kalo kita butuh yg harus dibeli dan gbs langsung dateng ke tokonya, percuma banyak promo dan keuntungan lainnya kalo fasilitas nya ga memadai"",1,28,4.45.1,2025-12-30 11:26:37,""Hai Kak, mohon maaf atas ketidaknyamanan yang dialami. Kami terus berupaya meningkatkan kualitas layanan agar lebih baik. Terkait dengan kendala yang Kakak alami, mohon bantu kirimkan detail kendala melalui DM ke IG @Alfamart/@Alfagift_idn atau pusat bantuan Alfagift dengan kode #3198593. Terima kasih😊 ^raf"",2025-12-31 08:12:24,4.45.1";
"5381c267-23c1-4744-b7e6-f855ab2feec7,Kharisma Khaerunnisa Azzahra,https://play-lh.googleusercontent.com/a/ACg8ocLIO8uRyG_VfIaAIBfJbuiH19CmAsP8J5jFpDW5NuCbz0rcvA=mo,""actually this app so freaking bad. Udah pesen di pengiriman 1 jam setelah pembayaran tapi ga dikirim kirim ke alamat rumah. Aku udah chatpun tidak ada respon. Mungkin, kedepannya bisa tambahkan map yang sesuai seperti di apk pengiriman yang lain supaya kami tidak menunggu tanpa kepastian."",3,24,4.45.0,2025-12-21 03:31:01,""Hai, Kak. Kami selalu berusaha melakukan peningkatan kualitas layanan dan kepuasan pelanggan hingga layanan kami menjadi lebih baik dari sebelumnya. Soal kendala pesanan Alfagift, silakan hubungi kami melalui DM ke IG @Alfamart, @Alfagift_idn atau pusat bantuan aplikasi Alfagift dengan melampirkan kode #3171176. Terima kasih ^rd"",2025-12-21 07:36:28,4.45.0";
"16af0373-dcbe-4bee-a25a-060159b419ae,RETROVIRUS Project,https://play-lh.googleusercontent.com/a-/ALV-UjU2C4GSCnVk_i2LiZJ21iQusrY0R3Nf1fQku6traNYv8MFVBwGk,""keren banget aplikasinya! promonya slalu update, ngumpulin koin juga gampang banget. belanja jadi lebih simple, tnggal cek aplikasinya, bayar, selesai. pokoknya ngebantu banget deh untuk kebutuhan sehari""""... 👍"",5,4,4.44.0,2025-11-17 05:18:08,,,4.44.0";
"cfc45891-b97b-45e8-9779-0775064b274c,Clara Setianingrum,https://play-lh.googleusercontent.com/a/ACg8ocIO8s9bJdQwOgKeDdKDsYl7ZjP_ZZj_B7D61BKIUhaMY_JARw=mo,""saya udh klik estimasi pengiriman yang 1 jam setelah pemesanan, tapi 5 jam kemudian pun pesanan saya belum sampai. mungkin kedepan nya bisa dipertimbangkan untuk mengganti jasa kirim nya agar tdk dr kurir internal, dengan begitu pesanan bs cepat sampai seperti apk oren pengiriman instant. saya pakai apk ini karena memang sy tdk bisa keluar sama sekali saat bekerja, dr pagi saya butuh minum, tapi malah jam 4 pesanan blm dtg, malah kayak puasa jd nya."",2,6,4.44.1,2025-12-15 07:50:52,""Hai Kak, mohon maaf atas ketidaknyamanan yang dialami. Kami terus berupaya meningkatkan kualitas layanan agar lebih baik. Terkait dengan kendala yang Kakak alami, mohon bantu kirim nomor pesanan & detail kendala via DM ke IG @Alfamart/@Alfagift_idn atau pusat bantuan Alfagift dengan kode #3157522. Terima kasih ^raf"",2025-12-15 11:15:03,4.44.1";
"b6815936-6710-4c14-aee1-dc4746f59038,Jeyaa Vina,https://play-lh.googleusercontent.com/a/ACg8ocLWZynZdNlAVM7fuLGVJs3Cti45dkvM9MxNbK-zX9JdZOl3MQ=mo,""estimasi waktu tidak sesuai , saya menunggu pesanan saya 2 jam padahal tertera di sistem itu dikirim 1 jam setelah pembayaran"",1,1,4.47.1,2026-02-25 14:06:51,""Hai, Kak. Mohon maaf atas estimasi waktu pengiriman yang tidak sesuai. Untuk pengecekan lebih lanjut terkait pesanan Kakak, Kakak dapat menghubungi Shalma melalui DM Instagram Alfagift dengan melampirkan kode #3379656 agar dibantu pengecekan.😊^kip"",2026-02-25 15:30:25,4.47.1";
befc0ae3-d56f-4bad-8388-0a8a13fcedfb,Chusnul Ch,https://play-lh.googleusercontent.com/a/ACg8ocJ5HWz-l0QLOaUfKtENg3bDKoTq-9Tynw4rq3ioPePY7fpD5w=mo,Aku beri rating 5 karena saya sangat puas belanja di Alfagift barangnya sesuai pengiriman cepat dan tepat kurirnya ramah dan lagi banyak voucher yang nempel menjadikan belanja jadi lebih hemat.harapanku semoga Alfamart dan Alfagift semakin sukses terus.,5,4,4.44.1,2025-12-08 07:40:34,,,4.44.1;
"b204bdeb-50ed-4aeb-81fa-e95ccda10ee9,SRI SUANTINI,https://play-lh.googleusercontent.com/a/ACg8ocJFFmV5Ok74ziU17zFKEjFzMaMxgacExHMU17xunf1h7r-EzA=mo,""sistem delivery sekarang buruk, biasanya dapat toko pengirim dekat sekarang dapat toko pengirim jauh dan parahnya toko itu tidak mau mengirimkan pesanan saya dengan alasan diluar jangkauan,sudah 5 kali kejadian seperti ini saya tidak akan lagi menggunakan layanan alfagift sampai sistem ini diperbaiki"",1,3,4.45.1,2026-01-16 11:06:24,""Hi, Kak. Biar Shalma bantu cek, mohon infokan detail kendalanya melalui DM Instagram @alfagift_idn dengan memberikan kode #3249763 ya. Kejadian ini akan Shalma jadikan evaluasi untuk lebih baik lagi Kak. Terima kasih :) ^Es"",2026-01-16 11:37:41,4.45.1";
"e51735f5-b7d7-41f0-b9ea-d157ef1e0c11,Zasqya varneylla,https://play-lh.googleusercontent.com/a-/ALV-UjWJsA-pu3PiyDnlTQO_Kj5-lCzauSkexB_4CRvuE4ZmikyUxcU,""aku gatau ini grocery nya yg problematik apa sistem aplikasinya apa gimana, tp gak lagi deh kayaknya pake aplikasinya. malesin. pengiriman instan sebelum 1 jam at real 2 jam belom nyampe. kalo dipake belanja langsung ke outlet dah lama kelar pls."",2,4,4.44.1,2025-11-25 06:09:59,""Hi, Kak. Mohon maaf atas ketidaknyamanannya. Mohon infokan nomor pesanan Kamu melalui DM Instagram @alfagift_idn dengan memberikan kode #3086779 ya. Terima kasih 😊️ ^ad"",2025-11-25 11:00:43,4.44.1";
"5c415a05-c541-4e33-8cab-f65eeb97a8c1,Anita Sutanty,https://play-lh.googleusercontent.com/a-/ALV-UjUEKQUWl9-TXPpS05UonwTl6E4tKc898BUxwiDPU3b35f1bMsYp,""Bismillah, Update masih sama TIDAK BISA CHECKOUT BELANJA. Bismillah, bbrp hr ini tiap x co tertera Alfagift telah berhenti, & tertutup sendiri, sudah 3x ini, bayar pun cm proses doank, tdk ad kelanjutan & akhirnya pembatalan otomatis. Lht play store tdk ada pembaruan. Cb uninstall trs reinstall, tetap sama bug parah. Tolooong.."",1,7,4.44.1,2025-12-03 03:45:14,""Hai Sahabat, Shalma mohon maaf ya atas kendala yang terjadi, agar Shalma dapat melakukan pengecekan lebih lanjut silakan mengisi datanya pada link https://alfa.id/support ya. Terima kasih :) ^dd"",2022-12-27 07:20:55,4.44.1";
"38f00b89-1488-40f9-9875-56ddc87aece9,Jesika Exlesia Manihuruk,https://play-lh.googleusercontent.com/a-/ALV-UjUlMJtTlMbYi4hanzwNNs15KKMXAxOtJ7lPzi02dVp5RlCOJB6i,""aplikasi bagus banget mempermudah kita sat belanja, gak perlu ribut buat ke toko lagi, pengiriman cepat Aman lagi, banyak banget promonya, potong belanja apa lagi, serius seseneng itu belanja di Alfagift Gratis Ongkir lagi, maju terus alfamart"",5,30,4.44.1,2025-11-24 04:07:21,,,4.44.1";
"7a615345-a35e-4063-8903-49f59ecc81b6,Devi Triyana,https://play-lh.googleusercontent.com/a-/ALV-UjVTQ1_WCvzDgWTsMb6J5vYrb6XlExMXwKe3G66ERNPVnUt4D8c,""saya pengguna pertama tapi udah dibikin kecewa duluan karna pengiriman super super lama, diaplikasi tertera pemilihan jam maks pengiriman dan saya milih yg maks 1 jam tapi pas ditungguin ternyata lebih dari sejam, mana pelayanan toko juga ga ramah, ditambah pengiriman lama jadi dobel kecewanya. Tolong dong adain fitur cancel kalo emang gabisa sesuai prosedur yg berlaku!!!!!!!"",1,35,4.45.1,2026-01-05 07:41:44,""Hai, Kak. Kami turut prihatin atas kendala pengiriman yang lama dan pengalaman kurang menyenangkan dengan pelayanan toko. Kami berkomitmen untuk terus memperbaiki proses operasional dan standar layanan kami. Saran Kakak terkait fitur pembatalan aplikasi akan kami jadikan sebagai evaluasi. ✨^rsf"",2026-01-07 02:08:04,4.45.1";
"5cfe3d66-1039-4fdd-a4c9-2023220caa90,Melisa Ikhratul Zahra,https://play-lh.googleusercontent.com/a/ACg8ocI7HGs84ZmMMF7vDAZEaFPCT1CQSj2GxO2tvZh2oXJmxxmMPw=mo,""gimana sih pesen telur di alfagift pas nyampe pecah, tolong kalau nganter barang periksa dulu kalau semisal ada barang yang mudah pecah kayak telur nganter nya hati-hati!"",3,0,4.46.0,2026-02-04 22:43:13,""Hai, Kak! Maaf atas ketidaknyamanannya terkait telur pecah saat diterima. Kami akan lakukan evaluasi pada proses pengiriman. Kakak dapat menghubungi Shalma melalui DM Instagram Alfagift dengan melampirkan kode #3302990 agar dibantu pengecekan. 😇 ^ts"",2026-02-05 01:21:19,4.46.0";
"26e7e5c1-e41e-418e-99e4-cb4b194ea987,Putra Tutorial,https://play-lh.googleusercontent.com/a-/ALV-UjUTAt7cFLQmaWpdtJI_b1tIhrQeNv3jvcl9n_OuHuOrYuDW2ppI,""Alfagift! Belanja online jadi lebih mudah dan seru! Gak perlu repot antri di toko, semua bisa diakses lewat aplikasi. Banyak promonya juga, poinnya cepet banget terkumpul! Pengirimannya juga super cepat dan tepat waktu. Pokoknya, aku suka banget sama Alfagift! 💚🛍️"""" 🥰🥰🥰🥰🥰🥰🥰🥰🥰🥰"",5,4,4.44.1,2025-11-21 05:02:58,,,4.44.1";
"62f8cbef-79d8-47e7-b93c-df50922ff148,Indri Anggraeni Darmono,https://play-lh.googleusercontent.com/a-/ALV-UjX14eugcFri8E-PUPDDxM1pSIRIM_gC_sLO7G_R4lFaE9NQparv,""udah langganan sejak 5 tahun yang lalu.paling seneng kalau lagi program JSM, Harganya terjun payung. banyak bonusnya 🤩. layanan pesan antar nya bisa dihitung jari kalau masalah keterlambatan. selebihnya selalu memuaskan, bahkan ada chat ke WA pribadi jika ada kendala keterlambatan, barang kurang maupun kelebihan uang. seneng pakai aplikasi ini, gak ribet. klik, klik, klik barang gak nyampe 2jam udah datang di depan rumah 🤩. lebih hemat tenaga dan juga dompet 😃. semoga makin ukses selalu ya"",5,93,4.45.0,2025-12-26 04:55:19,,,4.45.0";
"7c126c22-2468-4348-b7f8-a68ad7dda683,Rahmanda Nurpiyanti,https://play-lh.googleusercontent.com/a-/ALV-UjU0f_rtaWkbAP1RvfIhhGQw-zIgckDfzZ_Q4klVx59Gvqq_-KDQ,""Awal pake aplikasi ini pengiriman cepat ga sampe 1 jam, sekarang pengirimannya bisa 4 jam tanpa konfirmasi apapun. Di fitur chat udh saya tanya gaada jawaban apapun cuma read, pake fitur tlpn juga ga diangkat"",1,18,4.44.1,2025-11-23 14:11:17,,,4.44.1";
"4b8f6c02-6e2c-4b4a-9568-f9a637b09d9f,Acil Tv,https://play-lh.googleusercontent.com/a-/ALV-UjWaypGJ85H2X2i-dLjVGJMQrGUQHJXEhjXvlsqt3vLBLHyy9to9,""Tolong sediakan pembeli layanan CANCEL belanjaan,jk dlm waktu 1 jam pesanan tdk di antar & hanya keterangan di proses. Cukup itu saja,karena akhir² ini layanan agak buruk,keterangan status DALAM PENGIRIMAN tapi pesanan tdk di antar,bisa 2-3 jam baru sampai padahal dekat🙏 ketika di tanya kenapa lama alasannya pesanan membludak,seharusnya kan klu pesanan tidak dalam pengiriman jangan di bikin status pengiriman,biar saja keterangan di proses KAMI TINGGAL PILIH CANCEL JK TERLALU LAMA MENUNGGU 🙏"",3,32,4.45.1,2026-01-02 10:46:29,""Hai, Kak. Kami memahami kekecewaan Kakak mengenai lamanya pengiriman dan status yang belum sesuai. Usulan Kakak untuk fitur pembatalan dan perbaikan status akan menjadi perhatian utama kami dalam meningkatkan kualitas aplikasi dan layanan pengiriman Alfamart/Alfagift agar lebih baik lagi. 😊^rsf"",2026-01-04 10:34:24,4.45.1";
"c0ac6fa8-4fe5-4c7a-b018-09a35033e861,ECHA.,https://play-lh.googleusercontent.com/a-/ALV-UjWLOwO1394oEm6Ssno-GHZ63hbzDp2_mbNuJXlgKuWKGNtTkBTsDQ,""Udah beberapa bulan ini pakai aplikasi Alfagift beneran betah pokoknya, udah banyak promonya setiap minggunya dan juga ongkirnya gratis. Pengiriman sesuai jadwal deadline, the best deh pelayanan Alfagift! </33"",5,1,4.44.1,2025-11-24 03:24:37,,,4.44.1";
"12196ae0-b444-4927-9db7-7db49d0680c4,Master 109 BEJO the master 109,https://play-lh.googleusercontent.com/a/ACg8ocL94o1xsj_45PqF8sRje6BowIBjkoPa5hZjKv8dHtRXZsR3Qw=mo,""aplikasi membantu namun perlu diperbaiki, stok toko dan stok di sistem alfagift tidak sinkron, dan ini terulang terus menerus, jika sudah siap aplikasi seharusnya data di app sudah sinkron dengan database stok toko. tolong diperbaiki. thanks"",3,0,4.44.1,2026-02-04 05:22:43,""Hai, Kak. Terima kasih atas masukannya. Mohon maaf atas ketidaknyamanannya terkait perbedaan stok. Kami terus berupaya meningkatkan sinkronisasi data. Kakak dapat menghubungi Shalma melalui DM Instagram Alfagift dengan melampirkan kode #3301086 agar dibantu pengecekan. 😊 ^js"",2026-02-04 06:20:01,4.44.1";
"6300cabe-d926-4bb0-bbdc-969a55f06d06,Jihan Salsabila,https://play-lh.googleusercontent.com/a-/ALV-UjUYgrhe-jZumPqWibzMM1hRdP9u7stvD4Oqe3OH-KpgbEfWUTiv,""setiap buka aplikasi selalu di suruh masukin nomor telpon member tapi tidak ke buka² menunya, giliran daftar ulang nomor yg anda gunakan sudah terdaftar, tolong perbaiki fitur lebih permudah lagi aplikasinya"",1,0,4.45.1,2026-01-15 03:52:04,""Hai, Kak Jihan Salsabila. Maaf banget atas kendala yang terjadi. Jika masih terjadi kendala, Kakak dapat menghubungi Shalma melalui DM Instagram Alfagift dengan melampirkan kode #3245933 agar dibantu pengecekan. Kejadian ini akan Shalma jadikan evaluasi untuk lebih baik lagi. Terima kasih :) ^kip"",2026-01-15 04:20:05,4.45.1";
"1c64c3aa-54ea-4bae-9d4c-aaf767f8415f,Efi Retno,https://play-lh.googleusercontent.com/a/ACg8ocIRiwXTp9QWUC6s5hzh1bbOmb3RqLLRFv8QU77UxWLos8qlXw=mo,""kenapa sekarang gak ada pemilihan pembayaran? kenapa pembayaran langsung menggunakan gopay, sedangkan saya gak punya aplikasi gopay. padahal biasanya pembayaran saya pake transfer bank. tolong diperbaiki sistemnya. MANA PENGIRIMAN PENUH SURUH NUNGGU SAMPE BESOK😌"",1,1,4.45.1,2026-01-25 08:19:38,""Hai Kak, mohon maaf atas ketidaknyamanan yang dialami. Kami terus berupaya meningkatkan kualitas layanan agar lebih baik. Terkait dengan kendala yang Kakak alami, mohon bantu kirimkan detail kendala melalui DM ke IG @Alfamart/@Alfagift_idn atau pusat bantuan Alfagift dengan kode #3271307. Terima kasih😊 ^raf"",2026-01-25 08:56:22,4.45.1";
"084da39d-3494-4d38-9423-8dc440fdbebf,Mmhnya Hilya kamila,https://play-lh.googleusercontent.com/a/ACg8ocJkRAdMtepIEX-tLOI0pv8akpFvtC2A8qx2bmOkxbD0oY5AJg=mo,""selamat malam, mohon maaf aja nih ya untuk Alfa gift pengiriman sudah lama via cod atau online sampai barang ketinggalan dan tidak dimasukkan, padahal sudah saya bayar. semoga lebih hati2 lagi ya dalam bekerja nya. sering banget teledor seperti itu. tolong cek kembali barang orderan yg akan dikirim ke customer. 🙏gpp barang yg sudah saya bayar tidak dimasukkan ,saya ikhlas kan. teruntuk Alfa mart Jln. Raya Cikalongsari terimakasih."",1,2,4.45.1,2026-01-17 11:36:37,""Hi, Kak, maaf banget ya buat kendalanya. Biar Shalma bantu cek, mohon infokan detail kendalanya melalui DM Instagram @alfagift_idn dengan memberikan kode #3251916 ya. Kejadian ini akan Shalma jadikan evaluasi untuk lebih baik lagi Kak. Terima kasih :) ^js"",2026-01-17 12:00:55,4.45.1";
"3b148bb9-58b2-4829-92d9-ff0cfc26ac85,fathur muttaqi rahman,https://play-lh.googleusercontent.com/a-/ALV-UjXZZopl5w7iP87KZxfciCWGypbP_PmQldWGkfjgueVvcZ4ZcU9N,""ini kenapa setelah update gak bisa milih toko terdekat sih, udah toko yang di pilih jauh, pelayanan lelet, terus alasan toko ya jauhlah, tolong lah kembali user bisa memilih toko terdekat!!!!!"",1,1,4.45.1,2026-01-20 03:41:59,""Hai Kak, mohon maaf atas ketidaknyamanan yang dialami. Kami terus berupaya meningkatkan kualitas layanan agar lebih baik. Terkait dengan kendala yang Kakak alami, mohon bantu kirimkan detail kendala melalui DM ke IG @Alfamart/@Alfagift_idn atau pusat bantuan Alfagift dengan kode #3259019. Terima kasih😊 ^raf"",2026-01-20 05:02:23,4.45.1";
"e3c43b62-716c-4569-a58e-f2c8c73819d6,Frilia Yunita,https://play-lh.googleusercontent.com/a/ACg8ocJJ3xHiZFSHgqrZjcKJ31JFXisObxefiddHR4z2M-Uu8zOPYw=mo,""no helpfull at all, fitur yg tertera gak guna sama sekali seperti fitur waktu pengiriman, nyatanya di lapangan tidak sesuai waktu yg dipilih lebih baik fitur itu di hapus, kinerja burukkk"",1,3,4.44.1,2025-12-10 03:02:46,""Hai, Kak. Kami selalu berusaha melakukan peningkatan kualitas layanan dan kepuasan pelanggan hingga layanan kami menjadi lebih baik dari sebelumnya. Soal kendala pengiriman pesanan, silakan hubungi kami melalui DM ke IG @Alfamart, @Alfagift_idn atau pusat bantuan aplikasi Alfagift dengan melampirkan kode #3144547. Terima kasih ^rd"",2025-12-10 05:27:15,4.44.1";
"4871c246-9708-4982-b9e9-d8fdb45aa942,Basri W Pakpahan,https://play-lh.googleusercontent.com/a-/ALV-UjW_eCbmel-zs-hcE-HG05CAtMiK6yV7-KPQ54tV3me7kLCU-eFS,""Bagus, tapi tidak ada fitur live chat komplain dengan cs Aplikasi. Saya mau komplen terkait barang penting namun tidak bisa. Toko susah membalas, Cs tidak ada layanan live chat? Jadi harus email dan call? Tolong di perbaiki ini. 2/10"",1,0,4.45.1,2026-01-20 09:07:04,""Hai, Kak. Kami selalu berusaha melakukan peningkatan kualitas layanan dan kepuasan pelanggan hingga layanan kami menjadi lebih baik dari sebelumnya. Soal kendala pesanan Alfagift, silakan hubungi kami melalui DM ke IG @Alfamart, @Alfagift_idn atau pusat bantuan aplikasi Alfagift dengan melampirkan kode #3259761. Terima kasih ^rd"",2026-01-20 09:16:17,4.45.1";
"ad23e603-5284-4094-a647-80b854ac0be5,Pipit Apriliyani,https://play-lh.googleusercontent.com/a/ACg8ocKYvIMNGhh5OYUYTetkYPaE5S97pirEfify84CIZOWsdHLjYg=mo,nyesel banget baru nyobain pertama pesen d alfa gift pengiriman katanya maksimal 1 jam tp udh 3 jam blom nyampe pdahal sudah sedang di antar kurir tp sampe 2 jam gk nyampe jaraknya cuma ratusan meter bukan jauh aku butuh mau nyuci baju di tunggu sabun nya al hasil aku beli lagi nunggu dateng udah 3 jam ntah kapan datengnya cukup sekli aja bikin kapok gk mau lagi pesen d alfa gift mending langsung ke store nya aku chat brkali kali gk di respon nyesek bgt bikin kecewa,1,1,4.45.1,2026-01-14 13:22:38,""Hai, Kak. Kami selalu berusaha melakukan peningkatan kualitas layanan. Soal kendala pesanan Alfagift, silakan hubungi kami melalui DM ke IG @Alfamart, @Alfagift_idn atau pusat bantuan aplikasi Alfagift dengan melampirkan kode #3244323. Terima kasih ^ts"",2026-01-14 15:43:39,4.45.1";
"29a1dfb1-e7f3-47c9-8ec6-d18226e59a88,Alesha Dan yuuna,https://play-lh.googleusercontent.com/a-/ALV-UjXDbrc_-I1TRAUodVuidMNTRX_Xw8r5kU60Gzcz4c-oH9PlHAoK,""pengiriman lambat bgt, pesen es krim jam 7 magrib datengnya jam 11 malem alesannya driver cuma 1. lah itu kan bukan urusan saya! gak cuma Skali itu pengiriman lambat, pernah pesen pagi jam 8pagi jam setengah 2 siang baru dikirim.pesen roti tawar jumbo dikirim yg expired nya besok. kesel bgt! di komplin gak direspon. parah parah!"",1,0,4.45.1,2026-01-16 05:30:08,""Hai, Kak Alesha Dan yuuna. Maaf banget atas kendala yang terjadi. Kakak dapat menghubungi Shalma melalui DM Instagram Alfagift dengan melampirkan kode #3249048 agar dibantu pengecekan. Kejadian ini akan Shalma jadikan evaluasi untuk lebih baik lagi. Terima kasih :) ^kip"",2026-01-16 10:13:53,4.45.1";
"f8e222f5-9f5f-4bd7-b3a0-53cc73f3d4db,Mila Puspitasari,https://play-lh.googleusercontent.com/a/ACg8ocKi-2K7-Db8rZt3wskPu_OKYRkwhk2kiPr9-g9lMiTZq-V5qg=mo,""kita pesan, barang langsung dikirim, bisa atur waktu pengiriman. mantap. gratis ongkir juga. kerenlah alfagift. terimakasih banyak ya....😁😁"",5,3,4.45.1,2026-01-15 04:29:59,,,4.45.1";
"fcbb4ef3-d6d6-46f4-b204-48f64fe2e5eb,Akbar Suderajad,https://play-lh.googleusercontent.com/a-/ALV-UjW7JBnfTaqNDHUmkPCf7eVczPUgnyzU4j3WZUFrrAnDdn_awAP9JA,""Alfagift ini lumayan enak buat belanja. Yang paling terasa itu Pengiriman Cepatnya, barang sampai nggak pakai lama. Untuk produk, lumayan Barang Lengkap juga, jadi nggak perlu ke mana-mana. Sering ada promo juga, jadi lumayan banget buat hemat. Gratis Ongkirnya bikin makin untung."",5,26,4.44.1,2025-11-25 01:51:27,,,4.44.1";
"0bc5ed23-1394-4773-9baf-d33e5fda930b,Yasmin Bonita,https://play-lh.googleusercontent.com/a-/ALV-UjXUI01ftdzS8Q-dPmfHSfaSJM0QFZlRVFE4g5sI8kwd47v8EKTL,""pelayanan pesan antarnya makin lama makin buruk, beli aqua nunggu harus 2 jam lebihh. 1 jam lebih status pesanan di proses, di telpon ga bisa, di chat ga di bales, ga lamanya status pesanan diantar, tapi 1 jam lebih pesanan ga sampe juga, call center atau pusat pengaduan aplikasi ga ada yang membantu. semoga bisa di perbaiki semua 🙏"",1,75,4.45.1,2025-12-31 15:21:31,""Hai Kak, mohon maaf atas ketidaknyamanan yang dialami. Kami terus berupaya meningkatkan kualitas layanan agar lebih baik. Terkait dengan kendala yang Kakak alami, mohon bantu kirim nomor pesanan & detail kendala via DM ke IG @Alfamart/@Alfagift_idn atau pusat bantuan Alfagift dengan kode #3202188. Terima kasih ^raf"",2026-01-01 09:10:28,4.45.1";
"0d7a24ed-fa90-4536-acb5-aef072ba96f9,Zuyy Ina,https://play-lh.googleusercontent.com/a-/ALV-UjX4hWEO6b1eNuFJHD69z7cB6wpypi_O5qMZ7j3qtKSINvMnCLVf,""Aplikasi belanja yang user-friendly banget! Navigasinya gampang, cari produknya juga cepat. Proses checkoutnya simpel, banyak pilihan metode pembayaran. Notifikasi promo juga selalu update, jadi gak ketinggalan info diskon. Buat ibu-ibu yang sibuk, Alfagift ini penyelamat banget!"",5,20,4.44.1,2025-11-21 02:01:38,,,4.44.1";
"9616e24f-3081-471f-b146-99bfc0844b0d,Sentong Jiwa,https://play-lh.googleusercontent.com/a-/ALV-UjWbSD9wZCvhoXj-U53jvmfvc7MGX7iu8YcFXad1WWYRR1f7kiFg,""Kenapa untuk pembelian online (gudang)sangat ribet tak seperti dulu,harus pakai bank virtual seharusnya minimal pakai e wallet bisa.Seperti toko sebelah bisa pakai e wallet untuk pemesanan dari gudang."",5,4,4.44.1,2025-11-17 11:42:22,,,4.44.1";
"aca3dd8e-ae1d-4b9b-ac02-c454d546bf93,dimas pradhipta,https://play-lh.googleusercontent.com/a/ACg8ocL0TeUCi-bkJtddEagpBeedNnHUnGNGneSE6fl_PCX9ixQRMg=mo,""Permasalahan terus aja muncul di Kurir, lelet, gak bisa dihubungi. Saya sangat kecewa dengan pelayanan yang tidak pernah ditindak lanjuti secara serius. Saya pesen barang datengnya baru besok hari. Saya ajukan komplain ke tempatnya juga malah planga plongo. Dah pindah aja ke aplikasi lain, yang punya identitas jelas siapa Kurirnya dan bisa di Nilai pelayanannya."",1,11,4.45.0,2025-12-30 14:40:59,""Hai Kak, mohon maaf atas ketidaknyamanan yang dialami. Kami terus berupaya meningkatkan kualitas layanan agar lebih baik. Terkait dengan kendala yang Kakak alami, mohon bantu kirimkan detail kendala melalui DM ke IG @Alfamart/@Alfagift_idn atau pusat bantuan Alfagift dengan kode #3199096. Terima kasih😊 ^raf"",2025-12-31 08:04:48,4.45.0";
"1f987308-393a-4b0f-b888-fda997a236c1,Niss Dhyn,https://play-lh.googleusercontent.com/a-/ALV-UjWqk1FNeXg3vSUqNJ9z8rzpThSwIdOG1lbCkGECEbQoR7cyMX_QzQ,""lain kali hapus aja fitur pilihan waktu nyaa, sering banget pilih yang pengiriman kurang dari 1 jam, malah sampe 2 jam kadang 3 jam lebih, ampun deh, hari ini aja saya pesan di jam 12 sampe jam setengah 3 masih belum di kirim masih di proses, udah di chat di aplikasi nya dari jam 2 malah cuma di baca doang 🫤 tapi nggak cepet cepet di kirim"",1,12,4.44.1,2025-11-29 07:41:13,""Hai Kak, mohon maaf atas ketidaknyamanan yang dialami. Kami terus berupaya meningkatkan kualitas layanan agar lebih baik. Terkait dengan kendala yang Kakak alami, mohon bantu kirim nomor pesanan & detail kendala via DM ke IG @Alfamart/@Alfagift_idn atau pusat bantuan Alfagift dengan kode #3097174. Terima kasih ^raf"",2025-12-01 07:30:52,4.44.1";
"dde57539-1665-4f72-9bb6-6bdf21d13bea,Aya丸山,https://play-lh.googleusercontent.com/a-/ALV-UjUIVdZ6_zzuVxmoNI6ZaX_pS_E-_GD8RM94have3QXKLfEQxoj1,Penting tambah fitur pemilihan Alfamart supaya bisa cari barang lebih leluasa dan pengiriman lebih efisien.,5,0,4.47.1,2026-03-22 01:00:28,""Hai, Kak. Terima kasih banyak atas sarannya mengenai fitur pemilihan toko Alfamart agar pencarian barang dan pengiriman lebih efisien. Masukan Kakak sangat berharga bagi pengembangan aplikasi Alfagift ke depannya agar semakin memudahkan Kakak dalam berbelanja. Kami akan sampaikan hal ini kepada tim terkait untuk dievaluasi. 😊^asp"",2026-03-23 04:39:36,4.47.1";
"4b2354e1-5808-4709-aabe-794c28f12248,Game Tech 49,https://play-lh.googleusercontent.com/a-/ALV-UjWEcgVE85jh3lnZemq6ED6HNRRMJemPt7PHHm5kt-G62hv_phpcKA,""aplikasi oke, ketika baru mau login anti lemot, nggk lama seperti aplikasi lainnya, langsung masuk dan fitur² jga lumayan banyak. selalu ada diskon beli 1 gratis 1 dan bisa diantar gratis ongkir lagi. dan mohon utk pembaharuan Alfapetnya di Bonus Game karena koleksi terlalu sedikit. terimakasih banyak Alfagift semoga kedepannya bisa menjadi lebih baik dengan fitur² yg lebih meningkat dan gambar visual yg lebih jernih dan halus, sukses selalu Kakak.....🔥🔥🔥"",5,45,4.45.1,2026-01-06 22:08:06,,,4.45.1";
"fa095fdb-2f97-45ad-875b-ac3133854c4c,Emalia Putri,https://play-lh.googleusercontent.com/a-/ALV-UjV__ovHC6vADmsd8kLngG4txakOCXiFylw9ZCMDf5Mnsx9_snmy,""Alfagift seperti toko kecil yang selalu ikut dalam saku. Setiap aku buka, selalu ada kejutan, entah promo, entah poin, entah voucher yang entah muncul dari mana. Belanja jadi bukan sekadar kebutuhan, tapi ritual kecil yang bikin hidup terasa ringan."",5,2,4.44.1,2025-11-24 08:43:17,,,4.44.1";
"53208cd8-fc7b-45fb-8884-7579b38e4cb1,Romy Fazla,https://play-lh.googleusercontent.com/a-/ALV-UjVjSh9ESnky5AI_VdCgW6IfiSDY2FF5H_E6F3eLmVmMDTrS9OF8,""awal"""" suka sma alfagift, krna pengirimannya cepet, tpi makin lama, pengirimananya lama bgt, pdhl udh pke yg metode pengiriman max 1 jam stlh pembayaran, klo antri biasanya jg dbilng disamping menu pengiriman ny (pengiriman antri) gitu, tpi skrg gaada antri juga lama bgt, pernah pesen jam 5 sore dianter tau jam brp? 11 malem, bayangin org ngantuk nungguin, skrg aku jg lgi nungguin alfagift, pesen jam 11 smpe skrg jam 3 sore ga dianter anter, cuma krna gratis ongkir trs ada pointnya aku rate 3 aja"",3,22,4.45.0,2025-12-16 07:58:41,""Hi, Kak. Mohon maaf atas ketidaknyamanannya. Mohon infokan nomor pesanan Alfagift Kakak melalui DM Instagram @alfagift_idn dengan memberikan kode #3160013 ya. Terima kasih 😊️ ^ad"",2025-12-16 17:29:45,4.45.0";
"66949b79-4e15-4da1-815b-27f599a860a2,Virgian Dwijanarko,https://play-lh.googleusercontent.com/a-/ALV-UjWA5O-K03MLDEhal7nkAIl5EtXYMpP2ZnbG_5LWbSx1cB3PkUly,masa pengiriman hampir 24 jam... parah... sy awalnya nyaman pakai alfaguft. sejak dipindah pengiriman dr robusta /pondok kopi ke Kalimalang waktu pengiriman tengah malam terus.. kembalikan pengiriman ke pondok kopi /robusta lagi..,1,0,4.44.1,2026-03-10 09:48:40,""Hai, Kak. Mohon maaf atas kendala pengiriman yang terjadi. Untuk pengiriman, saat ini sedang dioptimalkan dari Kalimalang agar lebih cepat sampai ke Kakak. Kakak dapat menghubungi Shalma melalui DM Instagram Alfagift dengan melampirkan kode #3455370 agar dibantu pengecekan.😊^ynaa"",2026-03-12 02:14:05,4.44.1";
"33f43fc4-983f-41a1-b29e-53a3562127fb,Restika Dewi,https://play-lh.googleusercontent.com/a-/ALV-UjVR_vjFaSyQXsejgmwEYlGygiWvXNP_YQYqYj1EEfN04izi-jNg,""kalo pake member gak dikasih struk biasa, karena dalam aplikasi, pas setelah belanja gak langsung liat struk digital. ehh pas dirumah ngeliat tau2 ada item barang tambahan yang mana gak saya beli tapi total belanja persis dengan struk digital, mana dilaporkan gak bisa. mau ke tokonya lagi malas."",2,7,4.44.1,2025-11-21 07:53:43,""Hai, Kak. Mohon maaf atas kendala struk digital dan item yang tidak sesuai 🙏 Silakan kirim DM ke IG @Alfamart / @Alfagift_idn atau pusat bantuan Alfagift dengan nomor HP/member, lokasi toko, dan kode #3074325 agar bisa kami bantu cek lebih lanjut, ya. Terima kasih sudah menginformasikan. ^Raf"",2025-11-22 04:52:19,4.44.1";
"ef12d066-9afa-4762-9f0c-a042eed9bf23,Imam Abdurrahman,https://play-lh.googleusercontent.com/a-/ALV-UjV0sOr58L7aJPxnn3ZIGlHjOq656sacdGhqlmES0I3CnZmM9KxT,Disini belanja nya Mirip kayak di tokonya..malah lebih lengkap tentang promo produk nya.. kalo bisa di tambah lagi min vitur untuk bisa bayar pake akun yang beda no Hp pasti lebih worth it banget 👍,5,5,4.44.1,2025-11-17 01:23:01,""Terima kasih atas ulasan baiknya, Sahabat :)"",2019-08-27 18:11:41,4.44.1";
"635e88a4-6d16-44b8-b01f-60f026fef934,Athalaric Ghalib Pradana,https://play-lh.googleusercontent.com/a-/ALV-UjVuXIBdGz-_b5b7vsDjFy-X0RsoAI-00cI680Q8IOZP4R84OOCV4w,""Waktu pengiriman tidak konsisten, notif aplikasi tidak jelas, sering tidak ada pemberitahuan ketika pesanan telah sampai tujuan (kurir jadi menunggu), status toko sering online tapi chat customer tidak masuk sama sekali 👎🏽"",1,15,4.44.1,2025-11-21 03:03:08,""Hai Kak, mohon maaf atas ketidaknyamanan yang dialami. Kami terus berupaya meningkatkan kualitas layanan agar lebih baik. Terkait dengan kendala yang Kakak alami, mohon bantu kirimkan detail kendala melalui DM ke IG @Alfamart/@Alfagift_idn atau pusat bantuan Alfagift dengan kode #3072957. Terima kasih😊️ ^rsf"",2025-11-21 04:52:32,4.44.1";
"f6b31b92-e820-4e32-b7b6-061f7b047eae,Siti Khadijah (Khadijah),https://play-lh.googleusercontent.com/a/ACg8ocLnVKL_KbtAErOvZeaUMuTgvzySshVjZPEGmqs35n41BsK1jkA=mo,""Aplikasi Alfagift benar benar sangat membantu Ibu rumah tangga seperti saya! 😍 Belanja jadi lebih mudah , hemat waktu dan tenaga , gak perlu capek dan ribet lagi harus pergi beli bahan makanan ke toko. Banyak Promo dan diskon , gratis ongkir , produknya lengkap dan Fresh , tinggal Klik barang yg mau kita beli , gak nyampe 1 jam pesanan kita sudah diantar didepan rumah ,Sat set gak pakai ribet dan gak pakai lama ,Sukses selalu Alfagift ❤️❤️❤️ 😍😍"",5,42,4.44.1,2025-12-02 14:58:48,,,4.44.1";
"19c2ffcd-0cc9-4a92-ade2-5b94735b9f87,Aris Munandar,https://play-lh.googleusercontent.com/a/ACg8ocLZNdkFWI6_6aLZD0KyTEwtSH5CNJMaMOkAFsVz4G5y6ZDrpA=mo,""Aku kasih bintang 5 untuk aplikasi Alfagift, karena Belanja Untung dengan program Cashback di Alfagift """"Pengalaman belanjaku sangat menyenangkan karena ada promo cashback hingga Rp 10.000 dengan minimal belanja tertentu, yang membuat pengeluaran bulanan jadi lebih hemat. Selain itu, produk yang dibeli bisa diantar dari toko terdekat di hari yang sama"""" Semoga Alfagift semakin sukses, dengan lebih banyak pilihan produk dan program loyalitas yang semakin menguntungkan bagi semua member."""""",5,10,4.44.1,2025-12-02 09:45:50,,,4.44.1";
"fe407c1e-dd46-4c00-998a-a31c1dee057d,Adam Fadhilla,https://play-lh.googleusercontent.com/a/ACg8ocKwzuqNnP_03wnSzhy6KzL6lpF-I3KymsWqj7Lgx4xzAZF_Bw=mo,""aplikasi alfagift sangat membantu buat yang males belanja keluar, karna bisa pesan melalui aplikasi dan pastinya gratis ongkir, dan banyak promo promo menarik yang bisa kita lihat dan dapatin melalui aplikasi ini👍"",5,2,4.44.1,2025-11-21 07:45:32,,,4.44.1";
"e2634f88-6066-48b6-aca1-663b6c3ec23b,tari sofyan,https://play-lh.googleusercontent.com/a-/ALV-UjVYg9NRHBi81OK8HZWhvu3YUWK41klqXzJ3YunsDsE1EsUNsWE,""wkwk, giliran di komplain karena murni kesalahan store nya malah di blokir alamat pesanannya. ga bisa belanja lagi deh, padahal dikit lagi udah jadi member Crazy Rich. bye bye alfagift. hello """"Selamat Datang di Indomaret"""". Edit kesatu : saran nih ya, baiknya berbenah kalo ada kesalahan, bukan hindari pelanggannya😏😌 Edit kedua : btw ga usah berbenah aja deh, uda uninstall jugaaa, ga akan cek juga untuk kedepannya🤪wle"",1,3,4.44.1,2025-12-13 09:49:00,""Hai, Kak. Kami selalu berusaha melakukan peningkatan kualitas layanan dan kepuasan pelanggan hingga layanan kami menjadi lebih baik dari sebelumnya. Jika ada kendala silakan hubungi kami melalui DM ke IG @Alfamart, @Alfagift_idn atau pusat bantuan aplikasi Alfagift dengan melampirkan kode #3152699. Terima kasih ^rd"",2025-12-13 10:08:11,4.44.1";
"2b9824e8-a065-448b-a0d9-cf4a0a6a6ecc,Rudi Kurniawan,https://play-lh.googleusercontent.com/a-/ALV-UjWhYE93YLAljZMEvxN8NZW767F0Bw06e2_m9qNQKjM_vBzip8CX,aplikasi ini sangat membantu dalam memilih kebutuhan dan juga bisa membantu kita kalau kita males keluar rumah bisa pesan dari alfagift.dan untuk point nya juga bisa dikumpulkan bisa di belanjakan. lebih banyak lagi voucher2 menarik ya,5,3,4.44.1,2025-11-24 03:27:14,""Hai Sahabat, terima kasih telah memberikan penilaian dan ulasan yang positif ya. Shalma senang sekali Kamu merasakan manfaat dari setiap program di Alfamart, ikuti terus media sosial Alfamart untuk mendapatkan informasi terbaru ya. ^-RH"",2022-04-10 09:11:01,4.44.1";
"1ca217c4-df65-4f65-8249-387bfefaeecb,aurel lia,https://play-lh.googleusercontent.com/a/ACg8ocJYtEat322d9OBrXUIEulljOnw7PXaDDEoEqFuKA19GtxoTBQ=mo,""aku kasi bintang 5 untuk aplikasi alfagift, Karena aplikasi ini memang The best banget 👍🏻, belanja jadi lebih mudah , banyak promo dan pasti nya ada cashback nya juga , pernah belanja kebutuhan rumah , harga nya promo, masih ada voucher potongan lagi, udah gitu bisa tebus murah juga 😍 love bgt deh 🫰🏻, pembayaran nya mudah , pengiriman nya juga cepat , semoga alfagift semakin jaya , semakin banyak juga progam"""" promo , voucher potongan harga, dan cashback"""" ,oh iya sama bonus A-poin nya 👍"",5,8,4.44.1,2025-12-13 12:24:58,,,4.44.1";
"ab0e026a-1482-4170-8ac5-5222921e5723,mitra pm,https://play-lh.googleusercontent.com/a/ACg8ocKIbFAOLHMG6tNnk7eXv9Z8XSL6acH6Y3dvt1Vwlm4z35QCgg=mo,""Aplikasi Alfagift sangat membantu! Pengiriman cepat, biasanya kurang dari 1 jam. Harga di aplikasi sering lebih murah karena banyak voucher dan promo. Produk yang datang juga selalu lengkap dan fresh. Customer service responsif saat ada kendala. Sangat rekomendasi untuk belanja kebutuhan harian tanpa harus keluar rumah."",5,26,4.44.1,2025-11-24 12:47:02,,,4.44.1";
"9ada9724-8856-4b3a-85c1-45a7d76006cf,Evinda Deviani,https://play-lh.googleusercontent.com/a-/ALV-UjUYSF4za8jrF4OP2jIn9PFMBGvyL-9bsPKyIB6vCIcRrFLpK_YQ,""Aku kasih bintang 5 untuk aplikasi alfagift, karena belanja untung dengan program potongan voucher 10k + cashback di alfagift. aplikasi alfagift sangat membantu aku di kantor / pun di rumah mau beli sesuatu tapi gak punya waktu + tanpa minimum order. ditambah lagi dengan harga sama seperti di toko dan free ongkir + banyak promonya (pot voucher, tebus murah, cashback dan masih banyak lagi) dan pengantaran gak pake lama. Thank you alfagift semoga semakin baik layanannya & promonya makin mantap !"",5,2,4.44.1,2025-12-13 16:26:52,,,4.44.1";
"65abfa4e-3347-49eb-a778-f9a1da8d87ce,catherina ryann,https://play-lh.googleusercontent.com/a-/ALV-UjXU-3v2PmJ03GhfhyAAneQDgQKp8Avd1Qvn296VCF8KQPkWPZs,""Aku kasih bintang 5 untuk aplikasi Alfagift, karena belanja untung dengan program Harga Spesial di Alfagift.. Gak pernah ada ruginya kalau belanja di Alfagift, pokoknya untung terus. Dapat diskon hebat belanja jadi makin hemat..Uhhhh..senangnya.. Pengiriman super cepat, Merdeka dari ongkir, banyak pilihan pembayaran bikin belanja sat set anti ribet.. Semoga promonya nambah lagi dan lagi, supaya kita makin Bebas belanja untung terus selamanya.. Terima kasih Alfagift.."",5,79,4.45.1,2025-12-30 02:38:37,,,4.45.1";
"9eb7115f-844a-46f2-a2d6-433c7b2e6e89,Novi Indriani,https://play-lh.googleusercontent.com/a-/ALV-UjX7tEtyotCAnQdAxb67FxTS3zGog2wfiuQpWSebcBL0KHFWCn1l,""Saya kasih bintang 5 karena Alfagift memang the best, Belanja murah dan dapat cashback, apa lagi yang diinginkan, Saya sangat puas dengan belanja di Alfagift, harga murah dan promo yang banyak. Alfagift selalu menjadi pilihan saya untuk belanja, karena harga yang kompetitif dan promo yang menarik. Pengalaman Saya sangat puas, harga murah dan kualitas produk yang bagus, Alfagift memang tempat belanja yang tepat, karena selalu ada promo dan diskon yang menarik. Sukses selalu Alfagift 😍"",5,1,4.44.1,2025-12-02 14:09:06,,,4.44.1";
"5e71d451-d05c-4c70-99cb-794629907bd0,Cheryl Eleanora,https://play-lh.googleusercontent.com/a-/ALV-UjUgN-hgY_NNt1aMwEOQZ6jZEw-AJ3tCkhXzwW11Cm8MU1RlyTE,""Kesel bgt sama ini app asli, asli 3 bulan terakhir tiap belanja bulanan, pasti klo mau checkout ada aja kendala, eror sistemnya dan tiap kali email CS kaga ada solusi, pdhl mau byr lo, sllu gagal, kdg tulisannya promo tdk tersedia ada perubahan harga, atau kdg belanja udh 350rb dblg nominal blm mencukupi buat COD pdhl COD minimal 50rb, adapula nanti gagal CO krn ga bisa diklik metode pembayaran dll dsb."",3,10,4.44.1,2025-11-29 12:38:52,""Hai, Kak. Kami mohon maaf atas ketidaknyamanan berulang saat belanja di Alfagift. Terkait kendala pembayaran, promo, atau COD, sangat disarankan untuk update aplikasi Alfagift Kakak ke versi terbaru. Kami selalu berusaha memberikan solusi terbaik dan terus melakukan perbaikan sistem. 😊^Raf"",2025-12-01 04:19:55,4.44.1";
"d195d7f1-ea91-4830-9315-023e6e449e01,Wulan dariatu Saadah,https://play-lh.googleusercontent.com/a/ACg8ocJbq5xCvgIdnZrsq3MV7ZoOE3neAgGeTRmimv49mhbc4GPaBJE=mo,""Aku kasih bintang 5 buat aplikasi Alfagift, karena Belanja Untung dan Hemat dengan program Serba Murah (PSM) dan Cashback-nya Tiap weekend aku selalu nungguin promo karena harganya murah banget dan pengirimannya juga cepat, bahkan pas hujan² tetap diantarin tepat waktu,fast respon jugaa🥰 Aplikasinya gampang dipakai, produknya lengkap, dan promonya selalu menarik! semoga kedepannya makin banyak promo seru dan hemat dari alfagift🫶🌟"",5,26,4.45.0,2025-12-28 05:31:41,,,4.45.0";
"0ff93d21-4c98-4123-9c25-1e71e8972a36,Nur Mali,https://play-lh.googleusercontent.com/a/ACg8ocJ7WHTmLR-PbpjU6QMfmrZbdhHi2xaMq-V0yu50Kh3xWiTp1A=mo,""aplikasi alfagift ini benar² sangat mambantu 👍 dengan aplikasi ini saya bisa belanja dari rumah dan sudah gratis ongkir, pengiriman cepat, tepat dan kurir selalu ramah. ga perlu pusing lagi kalau mau belanja di alfamart tinggal klik pesanan di aplikasi alfagift pesanan langsung datang kerumah. saya merasa beruntung menjadi member alfamart, karena bisa menikmati berbagai promo' menarik di alfamart melalui aplikasi ini ada voucher belanja, voucher casback, potongan harga, dan banyak lainnya."",5,6,4.44.1,2025-11-21 12:47:30,,,4.44.1";
"76967a3c-3363-4a89-89c5-74ad77c15bf0,Malika Kedalai,https://play-lh.googleusercontent.com/a/ACg8ocLNCGFwqoVeduxxLVztMMBoIcC3OA-EWxS1A8_8rwEh2RkKnA=mo,""pesan pake yg 1 jam sampai, niat beliin es cream buat keponakan mumpung kesini malah ngga dateng"""" sampe udah pada pulang pesanan dari jam 6 sore ya, kurir gak dateng sampe jam 10 malem"",1,0,4.47.1,2026-03-17 14:42:49,""Hai, Kak. Mohon maaf atas kendala yang terjadi. Agar dapat dibantu pengecekan, mohon kirimkan nomor pesanan, struk belanja dan detail kendala. Kakak dapat menghubungi Shalma melalui DM Instagram Alfagift dengan melampirkan kode #3494095 agar dibantu pengecekan.😊^Raf"",2026-03-19 13:09:09,4.47.1";
"5c99f1a0-b190-4a57-a0f1-b44b5b5a3702,Gadiza Larasati,https://play-lh.googleusercontent.com/a-/ALV-UjUcfB9xcXEAIDcN6zsrE3jMeOCk-FRE6aNRv-NCWlkVTUw6DDCy,Sukaaaa banget! harga terjangkau dan pengiriman cepat juga gratis ongkir,5,0,4.47.1,2026-04-03 08:32:55,""Hai, Kak. Terima kasih atas penilaian positifnya! Kami akan terus berusaha meningkatkan kualitas layanan Alfagift agar selalu memberikan yang terbaik untuk Kakak. 😊^aj"",2026-04-03 10:57:22,4.47.1";
1afbacc0-b142-4ccb-84fe-fbe12826ddd5,Ellmi Aulia,https://play-lh.googleusercontent.com/a-/ALV-UjUaUDzGtEz-fGAk6xbGWpAgysM1dZ04w4TjXWg6Cw9pcLz91SE,Suka banget belanja di Alfagift karena banyak promonya. Sering dapat diskon eksklusif member dan bisa kumpulin A-Poin yang lumayan banget buat potongan belanja selanjutnya.,5,1,4.44.1,2025-11-21 03:05:54,,,4.44.1;
"dbddf3ec-953d-4dc6-9701-e0943175cdc2,Gamer Rusak,https://play-lh.googleusercontent.com/a-/ALV-UjVOGnWSppm2FT3hS3SzLbyy-mXR86qebgIaegugmr78RCS5Txgn,Bagus tapi aplikasinya sering stuck loading lama saat mau masuk aplikasi tolong di perbaiki,1,0,4.47.1,2026-03-17 04:10:27,""Hai, Kak. Terimakasih atas testimoninya. Mohon maaf banget atas kendalanya. Agar Shalma bantu cek, mohon infokan detail kendalanya melalui DM Instagram @alfagift_idn dengan memberikan kode #3300786. Kejadian ini akan Shalma jadikan evaluasi agar bisa lebih baik lagi. Terima kasih ya, Kak 😊"",2026-02-04 11:07:31,4.47.1";
"516323a3-4a0b-46ca-84a4-de925f8bca26,Dewi Bugis,https://play-lh.googleusercontent.com/a/ACg8ocKojUCZFhdjQf0yU6brmL5AsvtriCztnp2BBjeNTJOK-EKKbg=mo,""Parah bngt pelayanan CS alfa dihubungi berkali2 sama aja oon dan drivernya habisin energi dan pulsa aja. Pengiriman tidak dikirim2 sampai malam harusnya mereka bisa liat tempat pengirimannya rumah atau kantor, mana ada kantor buka jam 10 malam. Tiba-tiba hubungi wa untuk diundur pengiriman besok dengan seenaknya aja. Gk profesional. Dana refun juga dri sebelum lebaran sampai skrg tidak ada pembayarannya. Parah sangat mengecewakan"",1,0,4.47.1,2026-04-04 01:38:59,""Hai, Kak. Mohon maaf atas ketidaknyamanan terkait pengiriman dan kendala refund Kakak. Kami akan bantu tindak lanjuti agar segera diproses. Kakak dapat menghubungi Shalma melalui DM Instagram Alfagift dengan melampirkan kode #3573168 agar dibantu pengecekan. 🙏^ts"",2026-04-04 03:44:24,4.47.1";
"3bc0415d-4c4d-4a21-a906-ef0497e9687a,Yuni Derta,https://play-lh.googleusercontent.com/a-/ALV-UjWpE7pKApu6YWSYvBflAhjMBQhSM-wGXj3F-lr-KZ2sVJLKaw,""aplikasi yang sangat membantu, belanja berapapun Non-COD pasti dikirim❤. dan yang pastinya gratis ongkir.sangat senang belanja lewat alfagift maupun ke toko langsung pelayanan ramah dan selalu tidak lupa menanyakan member. sukses selalu untuk alfamart ..."",5,0,4.44.1,2025-12-04 00:36:46,,,4.44.1";
"7012a106-0bed-4d33-946f-0df540259687,Achmad irgi Fachrezy,https://play-lh.googleusercontent.com/a-/ALV-UjUWPAXNNpKP5eAe4eVeLm39qzur636nkKpfL6VF2pIAXT5ZVK8,""duuuhh pengirimannya makin kemari makin lama banget khusus nya buat toko yang K191 - RAWA BUAYA, bales cht aja ngga aduhhhh parah!"",1,1,4.47.1,2026-03-28 05:25:53,""Hai, Kak. Mohon maaf atas kendala yang Kakak alami, silakan hubungi Shalma melalui DM agar dapat membantu memberikan solusi lebih lanjut ya 😊 ^pnj"",2026-03-28 06:55:24,4.47.1";
"6c41a9e1-51c1-46c2-903e-6fe5f89651c8,Heru Septian,https://play-lh.googleusercontent.com/a/ACg8ocIRt9loXJ6Pvxtlus9cXK6uny0-TZ---gmD3x21TQXlkA0zVw=mo,order 2 kali tapi tidak mau diantar dengan alasan jauh dr lokasi Alfa tersebut. sangat mengecewakan.. Terimakasih...,1,0,4.47.1,2026-03-29 07:31:26,""Hai, Kak. Mohon maaf atas ketidaknyamanan yang Kakak alami terkait kendala pengantaran pesanan tersebut. Kami akan bantu tindak lanjuti kendala ini. Kakak dapat menghubungi Shalma melalui DM Instagram Alfagift dengan melampirkan kode #3544924 agar dibantu pengecekan. 😊^ts"",2026-03-29 08:12:17,4.47.1";
"93842f31-731b-4085-9dcb-cc9d58a4ac60,AURA WOLF,https://play-lh.googleusercontent.com/a/ACg8ocJUHtKu3e9QleCoWSCgk5xw4DmnOn4QhkYBg_QpqVuv4X2z2g=mo,""nanya di costumer service di aplikasi berasa nanya ke pemerintah njir, itu costumer servicemu itu ada gunanya gak sih? kok berasa gak guna? ditanya hari ini disuruh tunggu 3 hari, costumer servicemu artis kah? atau pimpinan yang harus ada reservasi jadwalnya dulu?"",1,0,4.47.1,2026-03-31 03:16:59,""Hai, Kak Aura. Maaf banget atas kendala yang terjadi. Jika masih terjadi kendala, Kakak dapat menghubungi Shalma melalui DM Instagram Alfagift dengan melampirkan kode #3553495 agar dibantu pengecekan. Kejadian ini akan Shalma jadikan evaluasi untuk lebih baik lagi. Terima kasih :) ^ds"",2026-03-31 03:32:13,4.47.1";
"572a500f-7d15-483c-babe-01247f18fb3a,Diffa Annastasya,https://play-lh.googleusercontent.com/a/ACg8ocJj4Q4R-kHTMJdh4a5Lh4zXB2ALkiSQ3n0AIbH5FGLLRBTs=mo,""pegawai nya kurang sopan bgt saya baru pertama kali dapat perlakuan dari alfagift begini, saya bukan pertama kali doang belanja disitu tetapi udah sering, baru kali ini dikatain fomo sama kurir/pegawai nya, kalo ga niat kerja ga usah kerja deh, ga sopan 👎"",1,1,4.47.1,2026-04-04 14:57:11,,,4.47.1";
"bac62348-0d3b-42d3-a7d9-4ace9d2c47a1,Crista,https://play-lh.googleusercontent.com/a/ACg8ocJHXc_KuY765K4kloG1HVHAVWm3UsS5mmeGsMLDI13fViV6YA=mo,pengiriman lelet chat ga dibalas padahal online telat bisa sampe 2 jam an gak banget,1,0,4.47.1,2026-04-11 15:15:13,""Hai, Kak. Mohon maaf atas ketidaknyamanan terkait keterlambatan pengiriman pesanan Kakak. Kami akan segera melakukan evaluasi layanan agar lebih baik. Kakak dapat menghubungi Shalma melalui DM Instagram Alfagift dengan melampirkan kode #3609367 agar dibantu pengecekan. 🙏^rsf"",2026-04-12 03:01:47,4.47.1";
"3bdac336-36f2-437a-83ad-5b72a631b75c,Archi,https://play-lh.googleusercontent.com/a-/ALV-UjWPwvqmv_ei603vBwI5eDeM-mTuJPULNgiUKbRcGgKIgMM_Oi0,""masa mau kirim foto di chat toko ga bisa terus, apk juga udah update ke versi terbaru, ampas bgt, kan bingung mau kasih tau gimana"",1,0,4.47.1,2026-04-11 05:45:47,""Hai, Kak. Mohon maaf atas kendala pengiriman foto di fitur chat Alfagift. Kami sarankan Kakak mencoba membersihkan cache aplikasi terlebih dahulu. Jika masih terkendala, Kakak dapat menghubungi Shalma melalui DM Instagram Alfagift dengan melampirkan kode #3607055 agar dibantu pengecekan. 😊^ts"",2026-04-11 05:57:58,4.47.1";
"639cbfe7-d435-4f48-890c-b9840bfe6de8,M Fauzan Ubaidillah Akbar,https://play-lh.googleusercontent.com/a-/ALV-UjXn5DGGSruvuaujy-WtjG99__fPxlV4MthUv_jpvbRTSUgaqptm,""aplikasi sampah, pelayanan sampah, udah pesan ditunggu sampai 6 jam ga dateng2 malah minta di cancel, KENAPA GA DARI AWAL BILANGNYA KALO GA SANGGUP? UNTUK KALIAN JANGAN BELI DI ALFAGIFT, PEGAWAINYA PEMALAS SEMUA"",1,1,4.47.1,2026-03-28 15:30:05,""Hai, Kak. Kami memohon maaf atas ketidaknyamanan yang Kakak alami terkait pesanan yang belum diterima. Kakak dapat menghubungi Shalma melalui DM Instagram Alfagift dengan melampirkan kode #3542546 agar dibantu pengecekan. 😔^kip"",2026-03-29 09:03:17,4.47.1";
"14a870ec-ba6d-4d8e-a8ff-68376cbbdcb9,Ikhsan Nur,https://play-lh.googleusercontent.com/a/ACg8ocIBIvMh8tKoDV7K4yi8-i4AnNf-woerjSnQpo0O3Lr8WG_Ohw=mo,baru digunakan sekali kok ada pemberitahuan katanya sudah tak bisa digunakan lagi alfagifnya😭😭😭😭,1,0,4.47.1,2026-04-08 12:51:58,""Hai, Kak. Mohon maaf atas kendala akses akun Alfagift Kakak. Kami perlu melakukan pengecekan lebih lanjut terkait status akun tersebut. Kakak dapat menghubungi Shalma melalui DM Instagram Alfagift dengan melampirkan kode #3595275 agar dibantu pengecekan. 😊^ts"",2026-04-08 16:03:25,4.47.1";
"46d341d8-95db-4c9e-b29f-7dda8f928453,Sensen 07,https://play-lh.googleusercontent.com/a-/ALV-UjUZ3l0uYsTeV40mZeohg4jObdJ9WrLr97RK8-S_rFOIPXwqOdF1,""ini kenapa sya gabisa daftar??? sya udh masukan data"""" buat daftar kenpa ttep gabisa???"",1,0,4.47.1,2026-04-01 03:51:19,""Hai, Kak. Mohon maaf atas ketidaknyamanan yang Kakak alami. Untuk penelusuran lebih lanjut terkait kurir Alfagift, Kakak dapat menghubungi Shalma melalui DM Instagram Alfagift dengan melampirkan kode #3558946 agar dibantu pengecekan. 😊 ^aj"",2026-04-01 04:39:09,4.47.1";
"4462044b-9beb-4001-a4a5-d516ee95393b,Muhammad Ridwan,https://play-lh.googleusercontent.com/a-/ALV-UjWJfIA-N1Ah8LcebaXeNMB49tq3XXZe2PQwUyvTK47D3kqkhE1w,""Pelayanan burukk. Belanja melalui alfa gift malah di cuekin dan barang belanjaan saya di banting2, bukan di tanya menggunakan aplikasi apa enggak. Mukak nya ggadak ramah nya. Kejadian di Alfa Medan Karya . AC panas sama kek orang ya yang panasan. Mesih OK toko biru sih pelayanan nya"",1,0,4.47.1,2026-03-31 14:02:11,""Hai, Kak Ridwan. Maaf banget atas kendala yang terjadi. Jika masih terjadi kendala, Kakak dapat menghubungi Shalma melalui DM Instagram Alfagift dengan melampirkan kode Tiket #3556475 agar dibantu pengecekan. Kejadian ini akan Shalma jadikan evaluasi untuk lebih baik lagi. Terima kasih :) ^ds"",2026-04-01 04:42:27,4.47.1";
"6a7921ec-a300-4130-a4bb-6c68c267cc2f,maa lean,https://play-lh.googleusercontent.com/a-/ALV-UjWuCDN0CmcEBr6dQOSofP-KOwENw3mwpAfSNxXhjFQ_Up5KVAMX,aplikasi buruk costumer buruk pelayanan buruk pesanan online sya barangnya kosong dan pengembalian dana tidak tidak masuk di rek sya. mau hubungi pihak toko alfamrt mereka blokir chatting saya BURUK SEKALI!!!!,1,0,4.47.1,2026-03-28 03:25:55,""Hai, Kak. Mohon maaf atas kendala yang terjadi. Agar dibantu pengecekan terkait pesanan dan pengembalian dana, Kakak dapat menghubungi Shalma melalui DM Instagram Alfagift dengan melampirkan kode #3539439 🙏^ts"",2026-03-28 03:49:29,4.47.1";
"ba090591-9ba7-4ae4-a95a-1aa49f7f9cb9,Kezia Annabelle,https://play-lh.googleusercontent.com/a-/ALV-UjWYQzM5eyEGw_ShzetGj5W404DTdXZ4bwiZs2AK1wyOtkiars0X,""duh aplikasinya sering lemott, mau pembayaran malah balik ke beranda, trs alamt suka berubah"""""",2,0,4.47.1,2026-04-11 03:21:03,""Hai, Kak. Mohon maaf atas kendala aplikasi yang Kakak alami. Agar tim kami dapat melakukan pengecekan lebih lanjut terkait masalah pembayaran dan alamat tersebut, Kakak dapat menghubungi Shalma melalui DM Instagram Alfagift dengan melampirkan kode #3606382 agar dibantu pengecekan. 😊^ts"",2026-04-11 03:35:39,4.47.1";
"17a595f9-ca0f-4471-a568-867a1a1cb384,Agung Wahyudi,https://play-lh.googleusercontent.com/a-/ALV-UjVdhR81yZOoeY3yXnUHT9TZnK_xqpcJQf4J7Ndb1QX_NDg6-ROK,""ini sebenernya boleh mesan ga si di aplikasinya, petugas yang melayani aplikasi cerewet amat, mesan lagi lah apa lah di bilang dia jangan pesan malam malam lah ngatur pula."",1,0,4.47.1,2026-04-03 04:26:47,""Hai Kak, mohon maaf atas ketidaknyamanan yang dialami. Kami terus berupaya meningkatkan kualitas layanan agar lebih baik. Terkait dengan kendala yang Kakak alami, mohon bantu kirimkan detail kendala melalui DM ke IG @Alfamart/@Alfagift_idn atau pusat bantuan Alfagift dengan kode #3568808. Terima kasih😊️ ^rsf"",2026-04-03 08:00:55,4.47.1";
"4ce39def-cf37-4e0f-9486-e918e9f3a4c8,YOHANES VINCENT RIRIMASSE,https://play-lh.googleusercontent.com/a-/ALV-UjXF6GbhPNl3CiN_A3G7UqZUdVAj-6tIGV1MxqS51woO9ktG6-I,Ada beberapa Alfamart yang pelayanannya buruk kasih nomer Alfa gift hanya disebutkan saja tapi point tidak masuk ke Alfa gift,1,0,4.47.1,2026-03-24 02:31:11,""Hai, Kak. Mohon maaf atas kendala poin yang tidak masuk dan pelayanan yang kurang berkenan. Hal ini akan menjadi bahan evaluasi kami agar kedepannya lebih baik. Kakak dapat menghubungi Shalma melalui DM Instagram Alfagift dengan melampirkan kode #3520412 agar dibantu pengecekan. 🙏^ts"",2026-03-24 03:26:31,4.47.1";
"87a864ca-26e3-4d19-bfe9-a3134b07234f,Amaraaa,https://play-lh.googleusercontent.com/a/ACg8ocIhzejLU7HHUzSQVtvRZVCpm-iicN-NsOODDMj4Pa57qpcNgg=mo,""plis saya sering banget pesen Alfagift tapi udah bbrp kali ini di kecewain, masa pesen barang dari jam 5 subuh milih antar jam 8-10 sampai jam setengah tiga belum datang tu barang"",2,1,4.45.1,2026-02-01 07:20:39,""Hai, Kak. Mohon maaf atas ketidaknyamanan pengiriman Alfagift yang lambat dan kurang responsif. Kami akan terus berupaya meningkatkan layanan pengiriman agar pengalaman belanja Kakak menjadi lebih baik lagi ke depannya. Kakak dapat menghubungi Shalma melalui DM Instagram Alfagift dengan melampirkan kode #3290734 agar dibantu pengecekan. 🙏^rsf"",2026-02-01 08:41:10,4.45.1";
"b1ced62e-7ca0-44c4-90da-e0c1c89b6a6f,Eva Winaiti,https://play-lh.googleusercontent.com/a/ACg8ocJ0qdoLxsgHicM-K5ypgfrK0BqXVEEWUb7Wxr2Ce6NoQiT2lw=mo,""untuk penukaran stamp tidak bisa, stamp tertukar dan habis tetapi tidak dapat voucher untuk ditukar"",2,0,4.47.1,2026-03-21 01:48:44,""Hai, Kak. Mohon maaf atas kendala penukaran stamp. Kakak dapat menghubungi Shalma melalui DM Instagram Alfagift dengan melampirkan kode #3509313 agar dibantu pengecekan.😊^ts"",2026-03-21 04:16:50,4.47.1";
"ebcc1975-bee8-48c3-ba20-f3d8055300a8,Anastasia Rezki,https://play-lh.googleusercontent.com/a-/ALV-UjXEwUFye_EeOXhcNanyS2pNAgKj4-n6H2QC1iiT0QT3sEBrsSCI,""utk sistem belanja online sangat lambat sekali. kalau belum di kirim jangan kasih pemberitahuan sedang dikirim. pengatutan pengiriman 1 jam setelah pembayaran, malah 3 jam kemudian baru di anter. malah respon chat juga super lambat."",2,6,4.45.1,2026-01-13 14:52:25,""Hai, Kak. Kami mohon maaf atas pengalaman belanja yang kurang memuaskan, terkait sistem yang lambat, notifikasi pengiriman yang tidak sesuai, keterlambatan pengiriman, dan respons chat yang kurang cepat. Masukan Kakak sangat berharga bagi kami. Tim terkait akan segera memperbaiki layanan kami demi kenyamanan belanja Kakak. 😊^rsf"",2026-01-14 02:31:27,4.45.1";
"465d8458-90d4-4d28-956e-0d05ee52e5f3,Putra Robby,https://play-lh.googleusercontent.com/a-/ALV-UjXnjaPp1eNo4a1IRjmMi0uH0ZewBveR9Tunhhk4_vktzpWQtZQ,""Alfagift sangat membantu sekali, karena belanja jdi gampang banget terus pengiriman barang cepat dan banyak promonya dan ditambah lgi dengan gratis ongkirnya jdi tunggu apalagi Yok segera belanja menggunakan aplikasi Alfagift 🔥"",5,3,4.44.1,2025-11-24 08:35:27,,,4.44.1";
"1ae27ba3-a5bd-48d4-8cf1-df39b7de3359,Wiken Pia,https://play-lh.googleusercontent.com/a/ACg8ocI_cWumCDoaeNdzgBZQeObzXJ14kAfiz6r5_TvG2VkUq2XEUQ=mo,""gak jelas di kembalikan dana nya lama udah gitu yang kemarin di batal kan sama petugas nya tapi duit saya gak di balikin hapus aja aplikasi gak penting duit saya malah gak balik ,udah gitu duit sisa terakhir lagi kapok belanjan di sini padahal saya member Lo dari dulu belanja tapi kaya gini ,udah duit terakhir pegawai nya gak sopan ,tidak minta maaf juga"",1,0,4.47.1,2026-04-07 03:40:09,""Hai, Kak. Mohon maaf atas ketidaknyamanan terkait kendala pengembalian dana pesanan Kakak. Kami akan bantu proses pengecekan lebih lanjut. Kakak dapat menghubungi Shalma melalui DM Instagram Alfagift dengan melampirkan kode #3588559 agar dibantu pengecekan. 😔^ts"",2026-04-07 04:18:26,4.47.1";
"7347035e-f999-4809-ac33-58a94b1f5bab,Asri D. Meiyanti,https://play-lh.googleusercontent.com/a-/ALV-UjVoAivawPffz-TE9T9CBXEsVprs9WB-fgvejC_cYfxbkk6f7fvQxw,""Sebenernya ngebantu bgt. tp sering g dikirim sesuai permintaan. ada opsi maks 1 jam stlh pembayaran. tp sering ngaret. alasannya over order. sistemnya dibikin bagusan dong. biar klo dah over order, opsi maks 1 jam nya dimatiin"",3,3,4.44.1,2025-12-11 11:58:31,""Hai Kak, mohon maaf atas ketidaknyamanan yang dialami. Kami terus berupaya meningkatkan kualitas layanan agar lebih baik. Terkait dengan kendala yang Kakak alami, mohon bantu kirim nomor pesanan & detail kendala via DM ke IG @Alfamart/@Alfagift_idn atau pusat bantuan Alfagift dengan kode #3147257. Terima kasih ^raf"",2025-12-12 09:16:30,4.44.1";
"27e93813-7b40-4094-a445-dd8c3329d003,Julia Shn,https://play-lh.googleusercontent.com/a-/ALV-UjUHVKw6Et-8ciGpL4L7Xtfgxk35i375dYI6m01K7L5IkZvBOxM,""Happy banget kalo udah belanja di Alfa banyak promo, banyak potongan harga, dan harga spesial. apalagi kalo punya member Alfa makin untung karena bisa dapet potongan harga lagi🤩 ditambah sering ada tebus murah jadi makin-makin hemat belanja dan makin happy😍 dan kalo lagi mager atau urgent bisa tetep belanja dengan pengiriman instan untuk memudahkan kita berbelanja, semoga Alfa selalu kasih promo terus di Alfa biar semua pelanggan Alfa jadi makin sering belanja dan jadi makin untung🫰"",5,45,4.44.1,2025-12-03 13:06:32,,,4.44.1";
"fc3ec5cc-dbd5-43b4-b057-cf381031125b,Chindy Azza Avriliya,https://play-lh.googleusercontent.com/a-/ALV-UjV_shADd1aie8Z4yhZV-DJNW5hq7G3QcSOTIKYg9ixq0uCGlbRj_A,""Kualitas bintang 5 pantas buat Alfagift! Aku selalu memanfaatkan fitur 'Harga Special' di aplikasi. Harganya jauh lebih hemat dari yang lain, cocok banget buat ibu rumah tangga hemat kayak aku. Transaksi selalu lancar, dan voucher mudah digunakan. Pokoknya jangan sampai kelewatan promo Alfagift supaya Belanja Untung terus-terusan!"",5,1,4.44.1,2025-12-05 00:15:35,,,4.44.1";
"2fe5c894-53ed-494f-b6fe-b35de01ebc15,Dexma Bio,https://play-lh.googleusercontent.com/a-/ALV-UjUiQv8mzXKbPoHC2hFHIl1UXI1BPTuwzkNY5oLj9pcyqawxnLEb,""aku barusan pesan parfum pose warna hitam edisi one piece kirain bundle 3. rupanya 1 aja, fotonya ada 3 tapi ada di pilihan paket🥲 astaga capek banget"",1,1,4.47.1,2026-03-02 14:13:53,""Hai, Kak. Mohon maaf atas ketidaknyamanannya terkait tampilan produk parfum tersebut. Kami sarankan untuk selalu mengecek deskripsi produk sebelum memesan. Kakak dapat menghubungi Shalma melalui DM Instagram Alfagift dengan melampirkan kode #3410107 agar dibantu pengecekan. 😊 ^ts"",2026-03-03 06:35:36,4.47.1";
"9ff1fff4-8900-4370-b2e4-f38859ca5814,aisyah azznew,https://play-lh.googleusercontent.com/a/ACg8ocI9PNt9ngZB-joyBda9PuAXW0sngYl_Zy_SRfbMy3ynJoFJt3M=mo,""saya kasih bintang 5, klo ada lebih saya kasih bintang lebih buat alfagift ini, karna dapat gratis ongkir dan dapat harga spesial! mau berapapun itu nominal kita belanja tetap gratis ongkir, apalagi banyak promo nya.. pengalaman saya belanja di alfagift slalu dapat Harga spesial loh.. dan ga perlu cape² keluar rumah buat pergi ke toko, tinggal buka aplikasi alfagift, pilih barang yg mau dibeli, trs nunggu, udah deh sampe rumah. harapan saya semoga terus maju dan sukses dgn produk"""" berkualitas!!"",5,1,4.44.1,2025-12-04 13:15:19,,,4.44.1";
"e1ccafe9-14eb-4a06-8970-a6a72845cad1,Fetty Panjaitan,https://play-lh.googleusercontent.com/a/ACg8ocI9XpaX16avItMBb-n8p-zJzCtGYXK0CwJsgHDzvwY2zLQ8ag=mo,""aplikasi oke saja driver pengantar gak baik, segi pelayanan juga lelet."",1,0,4.47.1,2026-03-18 05:45:18,""Hai, Kak. Mohon maaf atas ketidaknyamanan yang Kakak alami. Untuk penelusuran lebih lanjut terkait kurir Alfagift, Kakak dapat menghubungi Shalma melalui DM Instagram Alfagift dengan melampirkan kode #3496900 agar dibantu pengecekan. 😊 ^aj"",2026-03-18 06:02:36,4.47.1";
"584bd70e-e737-4cef-8982-b40a82adf988,ester darlya,https://play-lh.googleusercontent.com/a-/ALV-UjWa_0J9aCcXGDLYAbPSN66pA0c2K58Q0rAbOEzOVJX-OLp63p4,""alfagift di jl Soekarno hatta Binjai pengiriman super lama,di order dari jam 18.00 belum dikirim sampai udah jam 21.56 di hubungin juga tidak ada respon"",1,0,4.47.1,2026-04-08 14:59:21,""Hai, Kak. Mohon maaf atas ketidaknyamanan terkait keterlambatan pengiriman pesanan di toko Jl. Soekarno Hatta, Binjai. Kami akan segera menindaklanjuti kendala ini. Kakak dapat menghubungi Shalma melalui DM Instagram Alfagift dengan melampirkan kode #3595767 agar dibantu pengecekan. 😊^ts"",2026-04-08 16:00:55,4.47.1";
"2c85c3ea-af19-498f-a250-1c69a1e90d53,Nova Amelia,https://play-lh.googleusercontent.com/a/ACg8ocIpNu18k45Aa4cc5imFlb7CbvUSt0Tvi0mMoIJgUXpEw7OABA=mo,""""""Aplikasi bagus promo lengkap, dan pengantaran selalu tepat waktu. Pengalaman belanja jadi jauh lebih praktis dan nyaman.Semua barang yang dibeli di Alfagift tidak dikenai biaya pengiriman karena dikirim dari toko Alfamart terdekat."",5,3,4.44.0,2025-11-17 02:04:13,,,4.44.0";
"b10d3a5b-b9e7-4ca5-b544-9269fc7a8ce6,Fahlufi Laili,https://play-lh.googleusercontent.com/a-/ALV-UjUT4kPh9bwzw9Y9lwGSC1tJMTY9YLZMARLyPcxhqSRgTeqn5CKt,""awalnya saya adalah pelanggan setia dari si biru, semenjak tau aplikasi alfa gift ternyata belanja lebih mudah dan hemat. saya selalu pesan kebutuhan rumah melalui aplikasi ini, tanpa harus datang ke toko. hebatnya lagi gratis ongkir dan kurir nya ramah banget. terimakasih alfamart pertahankan ya 👌"",5,15,4.44.1,2025-12-14 01:30:36,,,4.44.1";
"5e165bbb-82a3-4188-ade0-d9a56611e2dc,ayu fanti,https://play-lh.googleusercontent.com/a/ACg8ocLDkkN9le61q1h7oRy-5Jw6gRkE_OLS2QUcnfIm7sAxwnLdY3s=mo,""Mantul pol Alfagift, aku kasih bintang 5 ya, toss dulu😁❤️ aku suka sekali sama harga special Alfagift, karena menawarkan berbagai keuntungan dan penghematan yang signifikan dalam belanja kebutuhan sehari-hari. Membuatku belanja jadi lebih hemat dibandingkan harga normal. Harapanku agar Alfagift terus berkembang menjadi aplikasi belanja andalan yang memberikan kemudahan, keuntungan, dan pengalaman menyenangkan bagi penggunanya."",5,14,4.45.1,2025-12-30 08:56:07,,,4.45.1";
"aedf0189-3434-4e53-b8b3-49a4bad29a42,Ikbal Mustakim,https://play-lh.googleusercontent.com/a/ACg8ocIt7KL4Fiyx3AyrVWOfu9p_H3OUGmqvpZohuGpnOSrifhjWqgc=mo,""Keren banget aplikasinya! Promo selalu update, ngumpulin poin juga gampang banget. Belanja iadi lebih simple, tinggal cek aplikasi, bayar, selesai. Pokoknya ngebantu banget buat kebutuhan harian."",5,3,4.44.1,2025-11-19 04:14:08,,,4.44.1";
"c179412e-f9bb-4e97-bec7-2847ef509526,Yohana Gustina,https://play-lh.googleusercontent.com/a/ACg8ocIbZyjyW2sfegiFE10IPdlGjIpNXHZIlcycu8gyETatn6PSUg=mo,""bener2 dibikin kecewa sama aplikasi alfagift, padahal sebelumnya termasuk aplikasi favorit buat belanja karena pengiriman gratis dan cepat, tapi akhir2 ini pengirimannya lambat 3-4 jam, padahal sudah pilih pengiriman maksimal 1 jam, sangat sangat disayangkan!"",1,17,4.44.1,2025-12-01 13:03:40,""Hai, Kak. Kami selalu berusaha melakukan peningkatan kualitas layanan dan kepuasan pelanggan hingga layanan kami menjadi lebih baik dari sebelumnya. Soal kendala pengiriman pesanan Alfagift, silakan hubungi kami melalui DM ke IG @Alfamart, @Alfagift_idn atau pusat bantuan aplikasi Alfagift dengan melampirkan kode #3110406. Terima kasih ^rd"",2025-12-01 14:21:21,4.44.1";
"1066edc3-9aba-42af-a1fb-9fdee8d1d1d7,Kar Mila,https://play-lh.googleusercontent.com/a/ACg8ocJm_LIoobrY-14MSYp6Hf59bTRr8um3LQe_3mdrOdbNoG56Lw=mo,""belanja di aplikasi ini sangat memudahkan kita untuk berbelanja dirumah langsung tanpa harus ketoko untuk memilih barang yang ingin dibeli .., dan juga sering mengadakan promo menarik, serta fitur loyalitas member seperti A-Poin dan Alfastar...."",5,4,4.44.1,2025-11-21 03:27:14,,,4.44.1";
"9cbb18ba-3840-4eb0-a72a-f79b2c68a568,Nyayu Nuraina,https://play-lh.googleusercontent.com/a-/ALV-UjVW-pJ_fsnbEJpuzg7dqTy1tet6t7NUsAwNKALkITYw6f1pLJ1u,""sekarang belanja di Alfamart ngak harus ribet-ribet datang ke toko, semenjak ada aplikasi alfagift. semua jadi instan. di alfagift banyak sekali memberikan informasi promo menarik, baik itu diskon langsung,penukaran star,program stamp, atau tebus murah. Ini sangat menguntungkan pelanggan setia seperti saya. untuk Proses pembayarannya juga cepat, bisa COD dan apalagi dengan adanya berbagai pilihan e-wallet yang sering ada cashback. makin cinta sama Alfamart.....sukses selalu buat Alfamart 🩷🩷"",5,2,4.44.1,2025-11-24 03:17:22,""Hai, Kak. Terima kasih sudah setia dengan Alfamart dan Alfagift ya :) ^ds"",2025-11-24 03:29:00,4.44.1";
"1360c1ea-932d-46a8-ad01-4c8ceecf28f0,Ahmad Yusup (AYUS),https://play-lh.googleusercontent.com/a-/ALV-UjUNv_YLljWRIUiQ1QfmsVc--SoRW4nzoVVi0MWB_EOyfZlTQcml,""ini kok ngeleg bgt si unduh gambar nya, padahal udh pake wifi + data jelek bgt"",1,0,4.47.1,2026-04-02 10:25:23,""Hai Kak, mohon maaf atas ketidaknyamanan yang dialami. Kami terus berupaya meningkatkan kualitas layanan agar lebih baik. Terkait dengan kendala yang Kakak alami, mohon bantu kirimkan nomor member & detail kendala melalui DM ke IG @Alfamart/@Alfagift_idn atau pusat bantuan Alfagift dengan kode #3565883. Terima kasih ^raf"",2026-04-02 10:44:53,4.47.1";
"f8fab01d-3ce8-4cd0-9efd-693d0fee35aa,Deyond Manaf,https://play-lh.googleusercontent.com/a-/ALV-UjVvXyb6XT6bANyDVHSlYixRH-odHTeaTtUiaaFLB79F9MbAu3QA,""tidak ada kejelasan tentang pesanan , pengiriman lama bahkan sampai tidak dikirim dan gagal. beda sama kompetitor toko sebelah . kalo misal pihak alfa belum siap dengan sistem kirim ini jangan maksain . kecuali kalo sudah siap dan kurir di toko ready. ini pengalaman saya sendiri ya bukan ngarang2. masalahnya d chat tidak balas d telpon tk di angkat . produk yg saya beli susu yg tingkat urgensi nya tinggi."",1,18,4.45.0,2025-12-23 02:39:17,""Hai, Kak. Mohon maaf untuk pengalaman kurang menyenangkan terkait pesanan & kendala komunikasi yang dialami. Kami memahami urgensi produk yang Kakak butuhkan. Kami terus berupaya meningkatkan sistem pengiriman & respons tim untuk memastikan layanan yang lebih baik. Kami akan jadikan masukan Kakak sebagai prioritas perbaikan kami."",2025-12-23 02:59:13,4.45.0";
"cb63fe8a-9710-435c-90c3-93bdd287626b,Aliah Khasanah,https://play-lh.googleusercontent.com/a/ACg8ocJh7gRSge1m9viR8OBxaz_0Ip3FHQSqVi5cPwEbgfNyYlP1dg=mo,""Pertama kali buka Alfagift niatnya cuma mau liat promo… eh ujung-ujungnya checkout juga. Aplikasinya enak banget dipake, promonya banyak, sampe dompet sy kayaknya tdk dikasih napas. Pengiriman cepet pula. Mantap lah pokoknya!!!"",5,3,4.44.1,2025-11-19 04:07:18,,,4.44.1";
"008f4122-6cb5-406a-ab92-640db917fb79,Nit Studio,https://play-lh.googleusercontent.com/a/ACg8ocKakF1luyenVqKB-w01OEUbu45LDEm4jxj6TgNewPMNDnp_3w=mo,""lama sekali pengiriman nya padahal maksimal satu jam, status udah dalam pengiriman tapi udah tiga jam blum juga sampai orderan saya, saya chat lewat aplikasi gak dibalas. jelek bngt pelayanannya."",1,8,4.44.1,2025-12-03 12:22:50,""Hai Kak, mohon maaf atas ketidaknyamanan yang dialami. Kami terus berupaya meningkatkan kualitas layanan agar lebih baik. Terkait dengan kendala yang Kakak alami, mohon bantu kirim nomor pesanan & detail kendala via DM ke IG @Alfamart/@Alfagift_idn atau pusat bantuan Alfagift dengan kode #3118342. Terima kasih ^raf"",2025-12-04 06:49:53,4.44.1";
"a2425d76-0f4a-46f0-af88-12f57eceb4b6,Linda Mala,https://play-lh.googleusercontent.com/a-/ALV-UjWQUzv0KpigwmC1sRcOHTkQsOnO0s73si5FOufi5co9MkvYAqMC,hai saya Linda Nurmala ketika tahu alfamart ada aplikasi alfagift langsung deh download aplikasi yg membantu banget buat sy tau promo promo menarik di alfamart aplikasi kartu ponta yg mempermudah kita scan kartu ponta juga kita bisa liat point ponta kita.. produk digital yang mempermudah kita dimana pun kapan pun.. dan juga aplikasi yg mendukung go green karna mengurangi penggunaan kertas untuk leaflet promo.. 😁karna promo leaflet ny sudah ada di aplikasi alfagift #semuapastidapet,5,15,4.44.0,2025-11-11 02:41:00,""Terima kasih atas ulasan baiknya, Sahabat :)"",2019-08-09 04:08:51,4.44.0";
"135cd0fd-4694-43f8-bbe4-229da721ace5,Intan Marten,https://play-lh.googleusercontent.com/a-/ALV-UjUzQsIzSuLamF6rz6QWM9JWI44U6uYaVqoH06gyrxSAAivygAc,""Keren banget aplikasinya, bisa cek promo dan belanja jadi lebih simple dimanapun gak perlu repot Pokoknya ngebantu banget apalagi untuk kebutuhan harian. Terimakasih alfagift"",5,1,4.44.1,2025-11-19 07:32:59,,,4.44.1";
"d7c4a5d1-009e-4545-98cf-39c57d060f14,Sonya Anggela27,https://play-lh.googleusercontent.com/a-/ALV-UjU4HNAOSbfsEOZqVNrTUJW_NDYcVOZqvHEbVelYBzEv_TlXpE_R,""Alfagift sangat membantu aku mengetahui jumlah poin yg sudah terkumpul tanpa harus tanya"""" kasir lagi, dan juga aku bisa mengetahui promo"""" yg sedang berlangsung di alfamart,dan yg paling penting buat para MAGERTERS ini penyelamat bangetttttt🩷 bisa langsung antar tanpa biaya ongkirrrr 🩷🩷.. Terimakasih"",5,8,4.44.1,2025-11-16 21:53:21,,,4.44.1";
"2c87dd27-ebfc-47ef-9694-423ae3168f1a,thb idc,https://play-lh.googleusercontent.com/a/ACg8ocLim3DbVeFOTfO2EZNELQhA0HQ6g6y-3X1YU4-EEopJMHXbbw=mo,slow respon bnget sama cuma bisa pake dana pembayaran nya padahal deket toko nya tapi lama banget proses nya,1,0,4.47.1,2026-02-28 14:36:55,""Hai Kak, mohon maaf atas ketidaknyamanan yang dialami. Kami terus berupaya meningkatkan kualitas layanan agar lebih baik. Terkait dengan kendala yang Kakak alami, mohon bantu kirimkan detail kendala melalui DM ke IG @Alfamart/@Alfagift_idn atau pusat bantuan Alfagift dengan kode #3397821. Terima kasih😊️ ^rsf"",2026-03-01 03:09:57,4.47.1";
"51f42d0a-18c8-4222-881e-20f42d62e082,Fadli BSA,https://play-lh.googleusercontent.com/a-/ALV-UjXnHp4qWSu9o801-bdsgwpqPFt6YxjRaB7LO9r9dLTUkkSxFLIw,""Aplikasi sudah bagus dan sangat efisien. Tapi akhir-akhir ini aplikasi bermasalah, sudah order pesan-antar tapi dapat alfamart yang jauh dari tempat tinggal sampai alfamart tersebut chat minta untuk dibatalkan dan dana di refund, proses refund juga lama bisa sampai berhari-hari, sudah 2x kendala seperti ini. Terkadang juga ada barang yang kurang, bukan jumlah banyak/sedikitnya yang kurang tapi profesional dan etos kerjalah yang dinilai. Semoga kedepannya berubah lebih baik. Terimakasih."",1,7,4.45.0,2026-01-03 10:08:30,""Hai, Kak. Kami mohon maaf atas kendala pengiriman ke toko yang jauh, keterlambatan refund, dan kekurangan barang yang Kakak alami. Masukan Kakak sangat berarti dan akan kami jadikan evaluasi mendalam untuk peningkatan kualitas layanan Alfagift agar ke depannya menjadi lebih baik. Terima kasih atas pengertiannya. 🙏^rsf"",2026-01-05 04:23:00,4.45.0";
"bcd489d3-cdf8-4b78-a182-7abe305a0978,restu Arimbi,https://play-lh.googleusercontent.com/a-/ALV-UjUa-MGNuCg00Ad4_u6P1gYgAkoTEh-n5GYKQyxvrB6AqfY0Rkkb,""aplikasi alfagift ini benar² sangat mambantu dengan aplikasi ini saya bisa belanja dari rumah dan sudah gratis ongkir, pengiriman cepat, tepat dan kurir selalu ramah. ga perlu pusing lagi kalau mau belanja di alfamart tinggal klik pesanan di aplikasi alfagift pesanan langsung datang kerumah. saya merasa beruntung menjadi member alfamart, karena bisa menikmati berbagai promo' menarik di alfamart melalui aplikasi ini ada voucher belanja, voucher casback, potongan harga, dan banyak lainnya."",5,3,4.44.1,2025-11-24 06:38:30,,,4.44.1";
"020ad57d-cfbd-47c0-b746-688dbbca8e7c,Ngurah Sutrawan,https://play-lh.googleusercontent.com/a/ACg8ocLhXSfWhqyXsJe_DKuDjKD76l1D3uwAsnnZiMqi53WcbxQNJQ=mo,""Tdi setelah Instal alfagif, dan lnjut coba belanja di alfaMart, gg bnyk sih, hanya 19rb, tapi setelah cek lagi di akun,, kok gg ada poin y,, saya baca di info poin, kelipatan 200 / 1 poin. nah ini kemana y poinya...? apakah lari ke akun stafnya atau memang sistemnya seperti ini."",1,13,4.45.1,2026-01-03 08:27:11,""Hai, Kak. Terima kasih telah berbelanja di Alfamart. Untuk perolehan poin, penting untuk memastikan bahwa ID member Alfagift Kakak sudah discan dengan benar oleh kasir saat pembayaran. Poin akan otomatis masuk setelah transaksi terverifikasi. 🙏^rsf"",2026-01-05 06:09:43,4.45.1";
"341c1350-02f3-4641-80c1-c143c6fa963f,Agil Adityan,https://play-lh.googleusercontent.com/a/ACg8ocJAiwB9SOH2vBbKLSpr6O_AR56fOCeqEyNfFc_snPuTyTsomg=mo,""""""Aku kasih bintang 5 untuk aplikasi alfagift,karena belanja untung dengan program, #AlfagiftGratisOngkir di Alfagift"""" Belanja jadi lebih mudah dengan menggunakan Alfagift, Cocok buat saya yang mageran males keluar 😁 Belanja jadi lebih mudah ditambah ngak ongkirnya juga Mantap👍 . Harapan saya semoga semakin banyak promo menarik buat kebutuhan rumah 🤩"",5,3,4.44.1,2025-12-03 03:36:52,,,4.44.1";
"c8b16c5e-cca5-4f33-ae4e-af4cc5fb328a,m yazidrr,https://play-lh.googleusercontent.com/a/ACg8ocJ747T0vOMLqDjygJ8UJtH0v_r1ht8yP24DsGbe2XU17UU9oQ=mo,""aplikasi ini resmi dari Alfamart yang sangat membantu untuk belanja kebutuhan sehari-hari dengan lebih praktis dan hemat. Pengguna bisa berbelanja produk harian, memantau promo, hingga mengakses layanan member hanya melalui satu aplikasi."",5,0,4.44.1,2025-11-24 08:08:23,,,4.44.1";
"e17a600c-530b-486e-bd5b-63ed0c3ee214,Nurmala dewi,https://play-lh.googleusercontent.com/a-/ALV-UjUxtqdHig5RvddcutPww012ci9Chj7-ZTq9cQwFo0ASik0t4z4E,""Aplikasi yang mempermudah belanja. aplikasi lengkap hanya dalam 1 aplikasi. member,stamp,ada jg katalog belanja dan masih banyak lagi. cocok banget buat kaum mendang-mending mana gratis ongkir pula."",5,0,4.44.1,2025-11-24 06:52:50,""Terima kasih atas ulasan baiknya, Sahabat :)"",2019-08-08 05:43:05,4.44.1";
"0d433a6e-3ddd-4156-92b5-c24f7ed9e7fc,Dion Fernando,https://play-lh.googleusercontent.com/a-/ALV-UjUdOmx6RVO2Nm33I0lcBo_Q7gL1ZAMxCJ8GUo4BfXJxOEX81un2,mudah digunakan dan sangat bermanfaat😁. dan juga memberikan voucher untuk setiap belanja. dan untuk poinnya bisa d tukar ke item apa pun asalkan mencukupi.. buruann di install Alfa gift dan dapatkan item menarik lainnyaa🙃☺️😁,5,7,4.44.1,2025-11-17 04:04:11,""Hai, Kak! Wah, terima kasih banyak atas review positifnya 😍Senang banget mendengar kalau aplikasi Alfagift mudah digunakan, bermanfaat, dan membantu Kakak mendapatkan voucher serta menukar poin dengan item favorit 🛒✨^Raf"",2025-11-17 04:43:40,4.44.1";
"32db685e-920a-43da-8d3e-73dd21f963ff,Daniel Saputra,https://play-lh.googleusercontent.com/a/ACg8ocLEzGfW3B-sHo61x17UNtSlkDm6S8lFOY0N2tuVuFhD4dzrjA=mo,""aplikasi terbaik, banyak promo nya, ramah dikantong. apalagi kalau belanja trus gabisa datang ke toko bisa pesannya melalui aplikasi dan free ongkir alfagift terbaik👍👍👍"",5,2,4.44.1,2025-11-17 09:38:43,,,4.44.1";
"4873b0d5-4894-4f58-942a-89e479ed7cef,faradiba nahyas,https://play-lh.googleusercontent.com/a-/ALV-UjV1AbwQVTsJbp6WIBlUPQW3abrKn0sy_yppYzIqvfbKDNtcH0r8,""Mempermudah buibu yang punya kebutuhan banyak tp sibuk dirumah, free ongkir yg jd favorit buibu nih dan ada pilihan waktu pengiriman dengan pilihan pembayaran yg mudah dijangkau + voucher voucher the best sih sll dpt update harga barang favorit dgn harga sll termurah"",5,2,4.44.1,2025-11-20 00:31:01,,,4.44.1";
"a464684c-12a8-44cc-8109-82e909031a87,Ario Anggakoro,https://play-lh.googleusercontent.com/a-/ALV-UjXH8wabGBP9qfkmrg6SkvwOIFOgLqGnCxb5wUxACU3jYqmdGcW_,1. Pengirimannya sering terlambat lebih dari 1 jam alias lelet mendingan pakai go jek ama grab lebih cept. 2. tidak.dapat lacak pesanan. 3. sering log out g jelas. 4. tidak ada tombol pembatalan biaya 5. sudah d berikan masukam bukamya d perbaikin sudah 3 tahun masih sama ajah g ada perubahan. 6. aplikasi makin berat dan tidak kompek,1,94,4.45.1,2026-01-04 09:23:39,""Hai, Kak. Kami sangat menyesal Kakak mengalami masalah pengiriman lambat, pelacakan sulit, sering logout, ketiadaan tombol batal, serta aplikasi yang berat. Masukan Kakak telah kami catat dan menjadi prioritas perbaikan kami agar pengalaman Kakak berbelanja di Alfamart/Alfagift menjadi lebih baik ke depannya. 😊^rsf"",2026-01-05 06:15:30,4.45.1";
"0ba496d0-7c7d-4aa1-a652-12bc632ee314,yesti ariyanti,https://play-lh.googleusercontent.com/a-/ALV-UjWmayxUxUubqlz9z7gm3OpcplIX01_ueppy8xTB9Jtc0SZLu6LVkw,tgl 5 jam 2026 saya orderbS-260105-QGRFZCJ banyak di Alfa gift..salah satu nya ada barang online...saya TDK tau kl amidis satu dus barang online...saya komplen ke Alfa di DS Cihampelas cipaganti...katanya tunggu tiga hari karena dikirim dari gudang...saya tunggu sampe mau tiga Minggu tp barang nya blm datang....segitu lama nya dikirim..tau gitu saya order di klikindomeret atau grab lebih cepat sampai...skrg saya uninstal aplikasi alfagift,1,0,4.45.1,2026-01-17 22:58:13,""Hi, Kak, maaf banget ya buat kendalanya. Biar Shalma bantu cek, mohon infokan detail kendalanya melalui DM Instagram @alfagift_idn dengan memberikan kode #3252570 ya. Kejadian ini akan Shalma jadikan evaluasi untuk lebih baik lagi Kak. Terima kasih :) ^rr"",2026-01-18 01:56:16,4.45.1";
"a5d0d5d7-7fdc-48c6-a7dc-c91a93f75bdb,henry land love bird,https://play-lh.googleusercontent.com/a-/ALV-UjVcb7QO2BLfFXQmRTrUAlxsYvx-xVwf-FyaDbcQtRtBAPp9vQWW,""banyak barang² yg sering kosong berhari -hari, terutama air mineral, tolong stock diperhatikan, terus apakah kita tidak bisa memilih toko yg ready stock, masa mau beli galon aja kosong berhari-hari"",3,0,4.47.1,2026-04-04 01:06:33,""Hai, Kak. Kami mohon maaf atas kendala stok air mineral yang kosong. Saat ini fitur untuk memilih toko berdasarkan ketersediaan stok belum tersedia di aplikasi. Masukan Kakak sangat berharga bagi kami. Kakak dapat menghubungi Shalma melalui DM Instagram Alfagift dengan melampirkan kode #3572876 agar dibantu pengecekan. 🙏^ts"",2026-04-04 03:47:38,4.47.1";
"28861e5c-8920-4974-8110-5428bd39df06,No Name,https://play-lh.googleusercontent.com/a/ACg8ocJMLiCmoEjKEUNTZXQ6lMBda9Q1h0IJSZ-5pPywxvS9ZmY8Ww=mo,""kurir di alfagift makamhaji solo kaya ga pernah sekolah. tiap anter paket ga pernah nyapa ga pernah senyum dan sama sekali ga noleh. klo terpaksa kerja mending berhenti aja. kita belanja bukannya minta. dan setiap barang yg dikirim selalu ada penyoknya dan kadang malah kotor kaya kena pasir, entah itu air mineral galon, susu uht ataupun minuman kaleng, kaya habis dibanting2. terus suka ganti barang sendiri klo item yg dipilih habis tanpa konfirmasi dichat. kalian harus belajar dr indomaret sih."",1,0,4.44.1,2026-02-04 14:24:12,""Hai, Kak. Mohon maaf atas pengalaman kurang menyenangkan terkait kurir dan kualitas barang di Alfagift. Kami akan berkoordinasi dengan pihak terkait untuk perbaikan. Kakak dapat menghubungi Shalma melalui DM Instagram Alfagift dengan melampirkan kode #3302679 agar dibantu pengecekan. 😊^kip"",2026-02-05 01:59:16,4.44.1";
"a84dbb98-b580-4d97-8f6d-8660c58f8e1d,Zazky #07,https://play-lh.googleusercontent.com/a/ACg8ocJinbLdtMAo9HZ4L1m0PwZEOfQ_yYTudH-vOqpMCh3zJ2RLAg=mo,""keren banget aplikasinya! promonya selalu update, ngumpulin koin juga gampang banget.belanja jadi lebih simple,tnggal cek aplikasinya,bayar, selesai pokoknya ngebantu deh untuk kebutuhan sehari""""👍🏻👏🏻"",5,4,4.44.1,2025-11-21 04:01:34,,,4.44.1";
"bdeb438a-6395-4618-bced-126734d84d3c,Agnes Huba,https://play-lh.googleusercontent.com/a/ACg8ocJPad6DfX7Gddm71oK8vcR_OP2ZbNRSD4idPxZ1S6JvLdp2eg=mo,""udah kecewa sama alfa, bukan cuma sekali 2 kali, ngirim barang ngasal, suka kurang, kalo barang kosong ga ada konfirmasi, udah kapok"",1,0,4.45.1,2026-01-20 03:12:44,""Hai, Kak. Kami turut prihatin mendengar pengalaman buruk Kakak mengenai pesanan yang tidak lengkap, tidak sesuai, dan tanpa konfirmasi stok. Masukan ini sangat berarti bagi kami untuk terus memperbaiki sistem pengiriman dan komunikasi Alfagift. Kami berupaya keras agar kejadian serupa tidak terulang kembali dan Kakak mendapatkan pelayanan terbaik."",2026-01-20 04:01:28,4.45.1";
"76011287-e456-4ed7-8e86-07a00fadc82c,Indah Mayasari,https://play-lh.googleusercontent.com/a-/ALV-UjUsjw0TFKgnPkqvv8kg4RKwnxd2xii-pxvFmHLsI-DUOMs5ndU,""udah langganan lama, tapi tiba2 ga bisa masuk akun di aplikasi alfagift, udh coba berbagai cara tetep aja ga bisa masuk, udah coba aduin lewat Ig ataupun email tetap ga dapet solusi.. kesel dah.."",2,2,4.44.1,2025-12-02 14:32:25,""Hai, Kak Indah. Maaf banget atas kendala yang terjadi. Jika masih terjadi kendala, Kakak dapat menghubungi Shalma melalui DM Instagram Alfagift dengan melampirkan kode #3115611 agar dibantu pengecekan. Kejadian ini akan Shalma jadikan evaluasi untuk lebih baik lagi. Terima kasih :) ^ds"",2025-12-03 03:42:28,4.44.1";
"30eb0ca6-d412-4dd8-90b7-f98da1487c4b,lusi yani,https://play-lh.googleusercontent.com/a/ACg8ocJlJzAUIQmSpw_Tq9aw37cyWXntQWJs-vkKonFICKbFCbdGOg=mo,""Bintang 5 buat alfagift karena Sekarang pelayanannya memuaskan. Barang yang diterima selalu sesuai & pengirimannya cepat. Programnya juga banyak. Setiap belanja selalu tebus murah produk, pernah dapet produk gratis dan vocher belanja juga dari nukerin star. Dapet poin tambahan dari pembayaran pakai gopay. Jadi makin banyak koin yang terkumpul. Lumayan buat potongan belanja. Semoga semakin banyak program alfagift yang menguntungkan pelanggan"",5,10,4.45.1,2025-12-29 13:33:43,""Hai. Mohon maaf ya, Kak lusi yani. Mengenai hal tersebut bisa langsung hubungi Sahabat Alfamart Call Center di no telp 1500959 atau E-mail ke alfacare@sat.co.id setiap hari pukul 07.00 sd 22.00. Terima kasih atas pengertiannya."",2021-08-28 15:07:08,4.45.1";
"d234e762-3677-4280-9e8f-f50aed9e9c3d,Fauzi Hari Akbar,https://play-lh.googleusercontent.com/a-/ALV-UjWK86-RkJXgbnmEd5plaYxY4DyePR83GNkkOOc7Hv-2FRWu4hcD,""keren banget aplikasinya! promonya slalu update, ngumpulin koin juga gampang banget. belanja jadi lebih simple, tnggal cek aplikasinya, bayar, selesai. pokoknya ngebantu banget deh untuk kebutuhan sehari""""..."",5,1,4.44.1,2025-11-21 02:33:21,,,4.44.1";
"d7056536-20ce-4782-8582-995f80497558,Astri Septriani,https://play-lh.googleusercontent.com/a-/ALV-UjXx5X1xIgcH-vHNAgO7co8575QCLw6rgwJ_mNtew9UotoY4EJn9,""aku kasih bintang lima untuk aplikasi alfagift, karena belanja untung dengan program Alfagift Merdeka Dari Ongkir.. dengan adanya alfagift smua jdi mudah, bisa belanja sambil rebahan, gk perlu keluar rumah panas²an, di antar sampai tempat, BANYAK banget promonya, dpet Cash Back dapet point, pointnya di kumpulin bisa sampai ratusan ribu dan bisa buat belanja lgi 🥰😍 sering bnget dapat tebus murah, yg super duper murah banget, hanya 1 rupiah. JAYA selalu alfagift supaya makin banyak promonya 😍"",5,0,4.44.1,2025-12-29 14:18:54,,,4.44.1";
"68a06999-1522-45ff-af74-291578562257,Alifka Riskullah Azhar,https://play-lh.googleusercontent.com/a/ACg8ocLV5V1mi4GnbZTeSlXDlia0GI5mzDhEmscToxhnt0COEzFEUw=mo,""saya kasih bintang 5 untuk aplikasi alfagift karena, Pengiriman cepat gak nyangka, baru pesan aja udah sampai, gercep banget!!. dan banyak promo, happy banget belanja di alfagift banyak promonya!!. dan yang terakhir barang lengkap cari apapun ada lengkap banget!!"",5,5,4.44.1,2025-11-19 03:33:42,,,4.44.1";
"548fe241-25ac-4f8a-8af7-2252504ea17d,Putri Wahyu,https://play-lh.googleusercontent.com/a/ACg8ocId2tVsb9NF5jn111maH2PIV8aGHEmOZPMWuMZDD0oahso1ww=mo,""suka banget belanja menggunakan alfagift. banyak banget reward nya ada voucher yg kepake banget, stamp, apalgi star nya bikin semangat belanja buat ngumpulin nya,🤩 apalagi setiap belanja dapat point apa gak tambah semangat belanja saya dibuat nya😍"",5,5,4.44.1,2025-11-17 00:37:16,,,4.44.1";
"850cb5be-5ea7-421f-929a-1bd4dc68356d,Ardianto,https://play-lh.googleusercontent.com/a-/ALV-UjXet0PCRQDqFRllcOWHkWeefnLyoSViQk43W5mD-NCXWMrbk9I,""*Puas dengan Layanan* """"Aplikasi Alfagift sangat membantu saya dalam berbelanja kebutuhan sehari-hari. Prosesnya cepat, mudah, dan ada banyak promo menarik!"""" *Rekomendasi untuk Semua* """"Aplikasi ini sangat recommended! Banyak pilihan produk, harga terjangkau, dan pengiriman cepat. Pasti akan saya gunakan lagi"""" *Transaksi Mudah dan Aman* """"Saya suka aplikasi Alfagift karena mudah digunakan dan transaksi aman"""""",5,7,4.44.1,2025-11-17 01:22:00,,,4.44.1";
"a9c8c54e-3a47-4556-8e70-2b8f54cf2a84,IIN ROSITA,https://play-lh.googleusercontent.com/a-/ALV-UjWpi1EGFF7uvY5cZo-p7EGmjfbypYKI9kESwuYIbdtS2zAPp916,""Jujurly baru nemu aplikasi belanja yg menyediakan semua kebutuhan 😍 Tinggal duduk manis dirumah lalu abang SAPA akan antar belanjaannya 🛵 Pembayarannya pun mudah. Bisa TF atau COD 🤑 Banyak promo, potongan harga, ada buy 1 get 1, ada tebus murah dan lain-lain 🤩 Apalagi sekarang ada berbagai games yang seru banget di Aplikasi Alfagift. Bisa dapeting voucher belanja alfagift juga lho guys. Pokoknya jangan ragu untuk download Alfagift!"",5,1,4.44.1,2025-11-28 10:58:36,""Hai, Kak. Terima kasih banyak atas ulasan positif dan kepercayaan Kakak kepada Alfagift! Kami senang sekali Kakak merasakan kemudahan belanja, pilihan promo menarik, dan keseruan bermain games di aplikasi kami. Terus nikmati pengalaman berbelanja terbaik bersama Alfagift, ya! 🎉^Raf"",2025-11-28 11:28:55,4.44.1";
"329361bc-06b9-4852-9f7d-330e094f3eaa,Vivi Kurnia,https://play-lh.googleusercontent.com/a-/ALV-UjUGYBY3LCl9xcmnxY7nPfDwl53-NLjnEoS0OZTsbgDurSgRP-fJ,""pengirimannya lama banget, katanya paling lama 1 jam setelah pembayaran nyampenya... ini dah di tungguin dari jam 7 sampe jam 11 malem lewat masih belom sampe, pihak alfanya jg gak nanggepi chat dari saya...ini saya mau tidur,besok mau kerja masa cuma nungguin pesanan doang saya jdi kurang tdur...selesai pesanan ini saya saya mau beralih ke aplikasi sebelah aja"",1,2,4.44.1,2025-11-29 16:16:12,""Hi, Kak. Mohon maaf atas ketidaknyamanannya. Mohon infokan nomor pesanan Kamu melalui DM Instagram @alfagift_idn dengan memberikan kode #3098751 ya. Kejadian ini akan Shalma jadikan evaluasi untuk menjadi lebih baik lagi. Terima kasih 😊️ ^ad"",2025-11-30 10:48:48,4.44.1";
"904c9002-586c-41f3-9241-14a4035dec98,Dendi putra Ilhamsyah,https://play-lh.googleusercontent.com/a/ACg8ocKdPl3KWT94zEQKr7dYWXOFMOEhhwcNZuoAjaMNzfP6GOabew=mo,""“Aplikasi Alfagift sangat membantu dan memudahkan saya untuk belanja kebutuhan sehari-hari. Banyak promo menarik, harga jelas, pengiriman cepat, dan gratis ongkirnya benar-benar bermanfaat. Sangat puas menggunakan Alfagift!”"",5,2,4.44.1,2025-11-22 06:59:20,,,4.44.1";
"55b534d9-af9e-40a9-8f95-9401241806e5,Dimas Melophile,https://play-lh.googleusercontent.com/a/ACg8ocI9jBi2VBgj41nLYFv7IUDWDqGQB3ZPuQIroySMNrjEZIS5vw=mo,""layanan lama sekali,barang disiapkan saja hampir 1jam,belum lagi proses antar ke lokasi 1jam lebih,di chat gak di respon,pelayanan 0 besar"",1,1,4.45.1,2026-01-16 13:57:10,""Hai, Kak Dimas Melophile. Maaf banget atas kendala yang terjadi. Jika produk pesanan belum diterima, Kakak dapat menghubungi Shalma melalui DM Instagram Alfagift dengan melampirkan kode #3250166 agar dibantu pengiriman produk pesanannya lebih cepat. Kejadian ini akan Shalma jadikan evaluasi untuk lebih baik lagi. Terima kasih :) ^kip"",2026-01-16 14:18:33,4.45.1";
"64be52e7-bada-4869-8cbd-35a19208fc54,Ilham Ilham,https://play-lh.googleusercontent.com/a/ACg8ocJqijERgP7ixxSgzxhzyO94N3b8SXUaj3o0zMu5aAlEykKs9Q=mo,""belanja untung dengan harga spesial, paling murah di promo Alfagift. Banyak reward dan bisa belanja hemat terus karena harganya sangat terjangkau. Produk lengkap dan selalu datang tepat waktu dan Gratis ongkir pula semoga Alfagift makin banyak promonya biar aku bisa belanja untung terus"",5,6,4.44.1,2025-11-19 03:08:11,,,4.44.1";
"c9d1161d-7621-4421-9bbf-2216cac61dc6,Argadana Pangraksa,https://play-lh.googleusercontent.com/a/ACg8ocLSL5J2Ud0ND4B6SEMgp2LY4ap9admwAWMcHgsFrvQhvbiS=mo,""ganti hp susah amat login,, selalu aja di prsulit, padahal nomor aktif ,,"",1,0,4.47.1,2026-02-28 12:20:39,""Hai, Kak. Mohon maaf atas kendala login di perangkat baru Kakak. Jika sebelumnya Kakak sudah pernah login di HP lain, Kakak bisa coba pastikan untuk melepaskan atau mereset pendaftaran akun dari perangkat lama terlebih dahulu agar bisa login dengan lancar di HP yang baru. Semoga berhasil! 😊^Yna"",2026-02-28 12:45:30,4.47.1";
"ac9bf872-d522-4a76-a34f-c931908217e9,Maya Sofiya,https://play-lh.googleusercontent.com/a/ACg8ocL7P5pq5vsAEu71-cjTf35h0r9sLPl2OGuFii-Pp9HjRWGILg=mo,""mantap pokonya belanja di alfagift, ga perlu keluar rumah ada yg anterin gratis ongkir lagi. semoga sukses selalu ya aamiin"",5,0,4.47.1,2026-02-24 19:11:06,,,4.47.1";
"618dfffb-319e-4327-bf99-497eb7316d20,Dimas Sasongko,https://play-lh.googleusercontent.com/a/ACg8ocKu5vtArwH3U4MJOKpH-BASSCSy9JirA2Tp9bc3_OeIbxhlRDv3=mo,""lemottt, install ulang diarahkan verif email, tapi dari email ga bisa diteruskan, segede Alfa, aplikasinya macam begini?"",1,3,4.46.0,2026-01-31 04:45:07,""Maaf banget ya Sahabat, udah bikin sahabat gak nyaman. Mengenai Keluhan Sahabat akan Shalma sampaikan ke tim terkait untuk meningkatkan kualitas pelayanan Shalma kepada Sahabat. Untuk informasi lebih lanjut mengenai hal ini, Sahabat bisa untuk isi link ini ya https://alfa.id/support. Terima kasih :) ^-KL"",2022-10-04 00:55:07,4.46.0";
"45db199c-9841-4937-8cb4-581e5ba9f357,Anastasya Manurung,https://play-lh.googleusercontent.com/a/ACg8ocJfFmJ1qin06VE0SHLIn8xKTIfbMnZybVfED4pdEC0sbwwW7g=mo,""Membuat promo pada suatu produk, ternyata produknya sudah kadaluarsa. Di saat mengajukan refund malah error layanan customer servicenya."",1,0,4.46.0,2026-02-06 07:10:23,""Hai, Kak. Mohon maaf atas kendala produk kedaluwarsa dan gangguan pada layanan bantuan kami. Hal ini tentu membuat tidak nyaman. Agar segera ditindaklanjuti, Kakak dapat menghubungi Shalma melalui DM Instagram Alfagift dengan melampirkan kode #3306325 agar dibantu pengecekan. 🙏 ^ts"",2026-02-06 08:02:20,4.46.0";
"439be526-ff98-4e04-86cd-f75d4143ec11,Rony Roni,https://play-lh.googleusercontent.com/a/ACg8ocIdQdrUTI13ZW70cx0IAQm-jJkXonZ6n4t51zPFibUM4WmACg=mo,""aplikasi seperti malas2 an kurir nya tidak di kirim2, pas saya cek di depan motor kurir nya lagi terparkir"",1,0,4.47.1,2026-03-02 10:48:11,""Hai, Kak. Kami sangat menyesali kendala pengiriman yang Kakak alami, terutama terkait observasi kurir yang terparkir. Kejadian ini tentu tidak sesuai standar layanan kami. Kami akan menindaklanjuti hal ini secara internal dan memastikan pesanan Kakak dapat sampai tepat waktu. Mohon maaf atas ketidaknyamanan Kakak. 🚚^Yna"",2026-03-02 11:11:27,4.47.1";
"246c6d49-192f-4551-b944-698f676adcc6,Ries J,https://play-lh.googleusercontent.com/a/ACg8ocJ3Vv5PCobvKU_0y0Zqwfnyr_6XOlMlZaLCB48dNhUmKBktRA=mo,""woy niat gk sih bikin aplikasi kode OTP gk muncul-muncul giliran request setelah 3x, di block dan suruh nyoba besoknya"",1,0,4.46.0,2026-02-10 09:49:28,""Hai, Kak. Mohon maaf atas kendala kode OTP yang belum muncul dan terblokir. Kakak bisa coba pastikan koneksi internet stabil, restart aplikasi Alfagift/Alfamart, atau cek folder SMS spam. Untuk blokir sementara, Kakak bisa coba lagi besok dengan langkah-langkah tersebut. 🙏^Yna"",2026-02-10 11:44:35,4.46.0";
"8220f4f5-ad98-42da-808f-eff3230d8f60,Muhamad Rafi'ud Darajat A Sy,https://play-lh.googleusercontent.com/a/ACg8ocKsj7n7yFMyM-fDLZGusHcM_t_jxvAeiAgYLx1XHv2pXYKNUg=mo,""dua kali order, di aplikasi nya maksimal 1 jam pengiriman. nyatanya dua jam lebih"",1,0,4.47.1,2026-03-07 08:10:32,""Hai Kak, mohon maaf atas ketidaknyamanan yang dialami. Kami terus berupaya meningkatkan kualitas layanan agar lebih baik. Terkait dengan kendala yang Kakak alami, mohon bantu kirim nomor pesanan & detail kendala via DM ke IG @Alfamart/@Alfagift_idn atau pusat bantuan Alfagift dengan kode #3437529. Terima kasih ^raf"",2026-03-08 05:44:03,4.47.1";
"daf5849c-bb05-478f-92a0-e34618ad008b,Alim Nur,https://play-lh.googleusercontent.com/a-/ALV-UjWu8Fupq-fks7rGQxzfXNmjHE1kIVmRAqgbcXIE6KH3FuC2Rnxk,""terlalu banyak notifikasi promosi dalam 1 jam bisa sampai 3x, itu ganggu."",1,0,4.47.1,2026-02-23 06:14:15,""Hai, Kak. Kami mengerti notifikasi yang terlalu sering bisa mengganggu. Kakak bisa menonaktifkan sementara notifikasi di pengaturan ponsel. Terima kasih! 😊^kip"",2026-02-23 08:34:18,4.47.1";
"648789b3-d405-4810-80d7-7d2f60f92433,Permata Asri,https://play-lh.googleusercontent.com/a-/ALV-UjWv8UzFl5Cq3Bbgo24Pkw0OUQG03n8JQ54I-Sdw-dhP4mYVotNo,""pengiriman lambat , tidak ada respon , kecewa banget padahal udah sering belanja"",1,0,4.46.0,2026-02-14 09:30:04,""Hai, Kak. Mohon maaf atas kendala pengiriman yang lambat dan respon yang kurang cepat. Kami sangat mengerti kekecewaan Kakak. Kakak dapat menghubungi Shalma melalui DM Instagram Alfagift dengan melampirkan kode #3325375 agar dibantu pengecekan. 🙏 ^ts"",2026-02-14 10:17:02,4.46.0";
"a6f4cdc1-748a-427d-b46b-0eca1ce90b20,Muhammad Yusuf Hamdani (frank),https://play-lh.googleusercontent.com/a-/ALV-UjWeIs26aFyn_TYYr8lHs0OefDSOWIXNPqC31lXhrL0ng-y0NLo,perbaiki pelayanan kurir nya. udh 3 jam lebih gak di anterin sampe sekarang. alasan terkendala pesanan..,1,1,4.47.1,2026-02-22 14:29:24,""Hai, Kak. Mohon maaf atas ketidaknyamanan pengiriman Alfagift yang lambat dan kurang responsif. Kami akan terus berupaya meningkatkan layanan pengiriman agar pengalaman belanja Kakak menjadi lebih baik lagi ke depannya. 🙏^rsf"",2026-02-24 05:15:25,4.47.1";
"fc90b657-9728-4e1b-9824-c3a0c939ab02,Origami,https://play-lh.googleusercontent.com/a-/ALV-UjUSxafPOTU5Jyj7fBoTt6okuxb6WqIVlszvARYqvF4G6yIGSpzW,""itu tolang ya, pesanan belum di terima, tapi dari aplikasi nya sudah di terima, tolong di cek lagi"",1,1,4.47.1,2026-03-02 06:56:23,""Hai, Kak. Mohon maaf untuk kendala yang dialami. Mohon dibantu DM IG Alfamart untuk Shalma bantu pengecekan dan tindaklanjut kembali ya, Kak.^Yna"",2026-03-02 09:34:24,4.47.1";
"489fd2ae-e376-42e3-911c-d9916d4e2803,Nurul,https://play-lh.googleusercontent.com/a-/ALV-UjUWifnlFUyWr9lRX4upmJBgWAkesESj87Nqw10iSy_Yj8lKtVvY,""slow response, katanya maksimal 1 jam diantar, mana ada. di chat slow response, sad!"",1,0,4.47.1,2026-03-06 11:58:23,""Hai Kak, mohon maaf atas ketidaknyamanan yang dialami. Kami terus berupaya meningkatkan kualitas layanan agar lebih baik. Terkait dengan kendala yang Kakak alami, mohon bantu kirim nomor pesanan & detail kendala via DM ke IG @Alfamart/@Alfagift_idn atau pusat bantuan Alfagift dengan kode #3438817. Terima kasih ^raf"",2026-03-08 04:55:28,4.47.1";
"86457e70-361f-456d-9829-1ac5eb359891,Dimas Kun,https://play-lh.googleusercontent.com/a/ACg8ocJ6F0kfWaNfuuZ0MdLEjs7GzNn7ZOJE0rRFwwmiDmUcn0_UVA=mo,""aplikasi jelek banget lemot dikit"""" muter, padahal jaringan bagus buka apk lain juga lancar"",1,0,4.47.1,2026-02-26 03:28:49,""Hai Kak, mohon maaf atas ketidaknyamanan yang dialami. Kami terus berupaya meningkatkan kualitas layanan agar lebih baik. Terkait dengan kendala yang Kakak alami, mohon bantu kirimkan nomor member & detail kendala melalui DM ke IG @Alfamart/@Alfagift_idn atau pusat bantuan Alfagift dengan kode #3382671. Terima kasih ^raf"",2026-02-26 04:07:16,4.47.1";
"b39bb4b5-e69c-43c9-87eb-0e240029a183,오여신 ᄉ _ ᄉ,https://play-lh.googleusercontent.com/a-/ALV-UjWfYhs67_5L2X_T7Qn55a7e2LeZXxnIrhJVO2GOhALwTh_xJ5oP,""aplikasi e-market terbaik sih sejauh ini apalagi d banding sebelah, poinnya 11 12ribu keren pokoknya alfagift big thanks and big appreciates for u"",5,0,4.47.1,2026-03-08 13:07:05,,,4.47.1";
"3d6347ea-7198-4697-abfc-4bfe6ba572bf,J B Hasibuan,https://play-lh.googleusercontent.com/a-/ALV-UjX1A3QipmlWZLGNA3973jl5Dbifg4O5gtIONBQNqWwQ1QFoo6cV,""aplikasi paling butut, lemot dan sering crash. isi keranjang mendadak hilang"",1,0,4.46.0,2026-02-25 04:09:52,""Hai, Kak. Mohon maaf atas kendala yang Kakak alami. Untuk pengecekan lebih lanjut terkait aplikasi, Kakak dapat menghubungi Shalma melalui DM Instagram Alfagift dengan melampirkan kode #3376899 agar dibantu pengecekan. 😊^kip"",2026-02-25 04:45:04,4.46.0";
"2cc42117-5b35-4c0d-972e-bf76482eb73c,Pengguna Google,https://play-lh.googleusercontent.com/EGemoI2NTXmTsBVtJqk8jxF9rh8ApRWfsIMQSt2uE4OcpQqbFu7f7NbTK05lx80nuSijCz7sc3a277R67g,aplikasi ga guna..niat donlot biar praktis malah nyusahin. ga usah ada fitur antar pesanan kalo belum siap..berjam2 pesanan ga di antar. padahal udh chat toko tapi cuma di baca tidak dibalas apalagi langsung dikirim..di telfon ga di angkat.beli pampers newborn biar ga usah keluar tapi ujung2nya nyusulin ke toko nya sambil bawa newborn. nyusahin emang !! uninstal aja ga berguna !!,1,0,4.46.0,2026-02-08 15:07:36,""Hai, Kak. Mohon maaf atas kendala yang Kakak alami. Untuk pengecekan pesanan, Kakak dapat menghubungi Shalma melalui DM Instagram Alfagift dengan melampirkan kode #3312500 agar dibantu pengecekan.😊^kip"",2026-02-09 01:25:16,4.46.0";
"e34618fe-59d7-468f-b406-6ca430e87dde,Dinda Astri,https://play-lh.googleusercontent.com/a/ACg8ocIlkriysjs-YBCYxm_zeffoYHVYNB_WQ0lxF45TCVXE79ygUA=mo,""kok alfagift sy hari ini gak bs kebuka ya , padahal udh di update tp smpe skrg belum bs jg di buka apk ny"",3,0,4.47.1,2026-03-07 03:24:14,""Hai, Kak. Mohon maaf atas kendalanya. Kakak dapat menghubungi Shalma melalui DM Instagram Alfagift dengan melampirkan kode #3435552 agar dibantu pengecekan.😊^Ynaa"",2026-03-07 06:34:29,4.47.1";
"fcbbd4b8-4fc0-4fbd-bf56-5e8cfec70c05,Yansen,https://play-lh.googleusercontent.com/a-/ALV-UjWNeR5hoUqD1Dis-RPu0y6CbnF7pOW1AAzvi35bKW15DAxADuPu,""sekarang setiap kali pesan makin kurang memuaskan, pengirimannya kedepannya makin lama walaupun dekat aja"",1,1,4.47.1,2026-03-08 06:49:41,""Hai Kak, mohon maaf atas ketidaknyamanan yang dialami. Kami terus berupaya meningkatkan kualitas layanan agar lebih baik. Terkait dengan kendala yang Kakak alami, mohon bantu kirim nomor pesanan & detail kendala via DM ke IG @Alfamart/@Alfagift_idn atau pusat bantuan Alfagift dengan kode #3442774. Terima kasih ^raf"",2026-03-08 08:23:59,4.47.1";
"459b40f4-429f-4582-99d9-0f5a24166681,Nanda Yolanda Putri,https://play-lh.googleusercontent.com/a-/ALV-UjVMw5Zs6kfVlkTJGADC4RWIXzO-AW__WKzRWUegMdS0xvjR6oFo,kecewa banget sama respon pelayanan CS mau d aplikasi mau d dm ig sama2 slowres smpe berhari2 ga ada solusi,1,0,4.46.0,2026-01-29 00:48:05,""Hi, Kak. Maaf banget ya buat kendalanya. Biar Shalma bantu cek, mohon infokan detail kendalanya melalui DM Instagram @alfagift_idn dengan memberikan kode #3279828 ya. Kejadian ini akan Shalma jadikan evaluasi untuk lebih baik lagi Kak. Terima kasih :) ^Es"",2026-01-29 04:08:54,4.46.0";
"0a59ae74-0ca1-451f-8c8e-d3c8c4d7ccb9,Kuswati Dwi,https://play-lh.googleusercontent.com/a/ACg8ocLPX6k5przvoO6IDnmX2zV0q4MObxsF6PVG-rRP_zXT_yXqqg=mo,Aplikasi eror mulu. Mo payment gak bisa. mau pesen eh barangnya abis semua,2,0,4.46.0,2026-01-24 18:28:40,""Hi, Kak, maaf banget ya buat kendalanya. Biar Shalma bantu cek, mohon infokan detail kendalanya melalui DM Instagram @alfagift_idn dengan memberikan kode #3270282 ya. Kejadian ini akan Shalma jadikan evaluasi untuk lebih baik lagi Kak. Terima kasih :) ^rr"",2026-01-25 02:28:22,4.46.0";
"222285db-f67d-4ab0-9ccc-eda08c9989b4,Hasrul abid,https://play-lh.googleusercontent.com/a/ACg8ocJB3XallEjW3BaUl1_9nC-7dBSMArVP9LipPGSBhocrbv9Aog=mo,""kok tiba"""" aplikasinya gak bisa terbuka, cuma layar merah terus itu keluar sendiri"",1,0,4.47.1,2026-03-10 05:35:22,""Hai, Kak. Mohon maaf atas kendala ini. Untuk pengecekan lebih lanjut terkait aplikasi yang tidak bisa dibuka, Kakak dapat menghubungi Shalma melalui DM Instagram Alfagift dengan melampirkan kode #3453879 agar dibantu pengecekan.😊^Ynaa"",2026-03-10 06:36:15,4.47.1";
"2412fbf0-4fd9-40f1-b177-8e0d73e48d43,Sintia Bella,https://play-lh.googleusercontent.com/a-/ALV-UjUcygDzejghKl76gIhUlyUC0XC1YEw_YjGftX-erN83BCTvpco,ga bisa terdaftar di aplikasi pas di isi katanya ada hal mencurigakan padahal sy isi sesuai,1,1,4.46.0,2026-01-22 03:36:14,""Hai Kak, mohon maaf atas ketidaknyamanan yang dialami. Kami terus berupaya meningkatkan kualitas layanan agar lebih baik. Terkait dengan kendala yang Kakak alami, mohon bantu kirimkan detail kendala melalui DM ke IG @Alfamart/@Alfagift_idn atau pusat bantuan Alfagift dengan kode #3263793. Terima kasih😊️ ^rsf"",2026-01-22 09:28:49,4.46.0";
"bd1f2b0b-1657-48fd-9833-5cc1f855f39a,Aris Munandar,https://play-lh.googleusercontent.com/a-/ALV-UjVEg-TMea5-p5VpdB9jx2NOudeXbgHkpMRe25WauL4ILdDQ9Aw,""Aplikasi jangan update tampilan terus malah membingungkan,,, update klo lebih simple dan enak digunakan lebih baik ini malah menyusahkan"",4,0,4.47.1,2026-02-22 18:07:15,""Hai Sahabat, terima kasih telah memberikan penilaian dan ulasan yang positif ya. Shalma senang sekali Kamu merasakan manfaat dari setiap program di Alfamart, ikuti terus media sosial Alfamart untuk mendapatkan informasi terbaru ya. :) ^-KL"",2022-03-24 11:53:45,4.47.1";
"725e01c4-5b65-457a-97d4-2d2239cb2dc5,not yet,https://play-lh.googleusercontent.com/a/ACg8ocI1CTw26bxmZ7ducgoEh-1ISrJHEkYuIKlXO1E6_VrS96QTWg=mo,""alfagift lampung selatan gajelas, lama, saya mesen jam setengah 4 pagi sampai jam 10 malem ga di anter anter, di chat ga di bales, terus kemarin barang ga ada, uang saya baru di kembalikan lebih dari seminggu setelah pemesanan, dan itupun harus saya chat dulu, emang bad banget untuk alfagift lampung selatan, semoga cepet di tindak."",1,0,4.47.1,2026-03-07 14:59:59,""Hai Kak, mohon maaf atas ketidaknyamanan yang dialami. Kami terus berupaya meningkatkan kualitas layanan agar lebih baik. Terkait dengan kendala yang Kakak alami, mohon bantu kirim nomor pesanan & detail kendala via DM ke IG @Alfamart/@Alfagift_idn atau pusat bantuan Alfagift dengan kode #3439740. Terima kasih ^raf"",2026-03-08 04:05:02,4.47.1";
"131f18ab-309b-4621-8350-3bbe2506e593,Alin Sri Yuliyanti,https://play-lh.googleusercontent.com/a/ACg8ocKGIGdnzrwz22lSEceaLyEFot12E4lF69jh_ao9Uq3j8U0cVw=mo,kenapa aktifnya di ulang² aplikasi nya smpe gak bisa aktif lagi,1,0,4.47.1,2026-03-05 07:39:24,""Hai Kak, mohon maaf atas ketidaknyamanan yang dialami. Kami terus berupaya meningkatkan kualitas layanan agar lebih baik. Terkait dengan kendala yang Kakak alami, mohon bantu kirimkan detail kendala melalui DM ke IG @Alfamart/@Alfagift_idn atau pusat bantuan Alfagift dengan kode #3425197. Terima kasih😊 ^raf"",2026-03-09 08:21:45,4.47.1";
"3f5e5485-ad2f-4364-9804-2d621f4beeec,Mejii W,https://play-lh.googleusercontent.com/a-/ALV-UjUfFMjW1XLzJZCWcSfOqgh7L49ktIn7aKaw1PtihjvY1wu-ezo,""respon chat lambat, (-) tambahin fitur ganti jadwal pemesanan (max ganti 1x aja gapapa) soalnya pernah ga sengaja langsung ke co dan jadwal pengantarannya salah😔😔💔"",2,0,4.47.0,2026-02-17 10:50:40,""Hai, Kak. Kami memohon maaf atas keterlambatan respons chat yang Kakak alami. Kami sangat menghargai saran Kakak mengenai fitur ganti jadwal pemesanan (maksimal 1x) untuk mencegah kesalahan pengiriman. Masukan Kakak ini akan segera kami teruskan ke tim pengembang Alfagift untuk dipertimbangkan. Terima kasih atas pengertiannya. ✨^Yna"",2026-02-18 04:11:18,4.47.0";
"bc96558a-738b-4b7f-be2b-108f6492c0f6,Ela Nur Hafifa,https://play-lh.googleusercontent.com/a-/ALV-UjVxflyiEmzcE4T7m-tiv08XbBdZnszSv2yHN1GEua74bxjrLvXjDA,Aplikasinya sangat membantu dan banyak promonya. walaupun cuman pesen 1 barang ttp dikirim dan gratis ongkir,5,2,4.46.0,2026-02-04 10:12:56,""Hai, Kak. Wah, terima kasih banyak atas ulasannya! Semoga Alfagift terus memudahkan Kakak, ya! 😉️ ^js"",2026-02-05 04:08:52,4.46.0";
"46b52919-d327-4a47-a8c2-d27099af2d81,Kit 58,https://play-lh.googleusercontent.com/a/ACg8ocKifCexjKOl7GNzU3x0kAVMTUAFrL-bQjBkbwYXsjLOxxltfEc=mo,""mohon peningkatan kualitas layanan dan tranparasansi penanangan refund, pesanan belum diterima tapi sudah notice diterima, foto bukti pengiriman tidak ada"",1,0,4.47.1,2026-03-03 07:02:54,""Hai, Kak. Mohon maaf atas kendala yang terjadi. Untuk proses refund dan status pesanan yang belum diterima, Kakak dapat menghubungi Shalma melalui DM Instagram Alfagift dengan melampirkan kode #3413387 agar dibantu pengecekan.😊 ^ts"",2026-03-04 02:03:45,4.47.1";
"44080676-bb99-4ec1-9381-32b0c460250a,Nurul Hidayati,https://play-lh.googleusercontent.com/a-/ALV-UjWp3wybQWGd7NfXtQu04e25Igzda_rzWM10rIvki9iU9E9S4-Q,sy order selalu tiap bulan rutin tp sdh 2x selalu ada yg kurang dan gak di kirim lagi,1,1,4.46.0,2026-01-26 07:05:12,""Hai, Kak. Mohon maaf atas ketidaknyamanannya karena barang yang dipesan tidak lengkap. Kami akan bantu lakukan penelusuran lebih lanjut. Kakak dapat menghubungi Shalma melalui DM Instagram Alfagift dengan melampirkan kode #3275911 agar dibantu pengecekan. 🙏 ^ts"",2026-01-27 08:10:23,4.46.0";
"77bddb63-b6bd-451a-9519-b8c5b8bd4c4a,Purwa Bin Rawit Ngadinyo,https://play-lh.googleusercontent.com/a-/ALV-UjWZ3at6C14K6jJkhnfGi-5uNM0kTMN-DQcseHFXtUjeemGgR5x2MQ,""Haloo,.. kenapa di area luar pulau Jawa point saya tidak bisa di gunakan di Alfamidi ? sebenernya Alfagift dan Midi kring apa harus gunakan akun yg berbeda?"",5,0,4.47.1,2026-03-03 15:53:12,""Hai, Kak. Poin Alfagift seharusnya bisa digunakan di Alfamidi seluruh Indonesia. Pastikan fitur pengaman redeem poin tidak aktif ya. Jika masih terkendala, Kakak dapat menghubungi Shalma melalui DM Instagram Alfagift dengan melampirkan kode #3416412 agar dibantu pengecekan.😊^kip"",2026-03-04 03:25:13,4.47.1";
"7aec8904-1746-4664-afb4-afc47ef21418,Rahma Nafisa,https://play-lh.googleusercontent.com/a/ACg8ocJHAtFj2M1IElgYkrit3an8K-pNh3QC__U_7e_xTKV3PhrQ4Q=mo,setelah di update kok malah gk bisa ya. tiap mau buka alfagift malah lgsg mati hp ku,3,0,4.47.0,2026-02-18 07:17:49,""Hai, Kak. Kami menyesal atas ketidaknyamanan ini. Untuk membantu perbaikan aplikasi Alfagift, mohon hubungi Shalma melalui DM Instagram Alfagift dan sertakan kode #3335774 agar bisa kami bantu cek ya. 🙏 ^ts"",2026-02-18 13:43:19,4.47.0";
"c72b9bcd-9f17-462f-9675-e2c07c0329f0,Agus Widayat,https://play-lh.googleusercontent.com/a-/ALV-UjVFer9J0URnz1lXE44uwb68A9PCH01f8ppJuH6qx1v5wz7ylwRX,""aplikasi berat dan lelet,buka aja 10 menit ga kebuka buka.."",3,0,4.47.1,2026-02-21 05:30:15,""Hai, Kak. Mohon maaf atas kendala yang Kakak alami. Aplikasi yang berat dan lambat bisa disebabkan oleh beberapa faktor. Kakak dapat menghubungi Shalma melalui DM Instagram Alfagift dengan melampirkan kode #3353041 agar dibantu pengecekan.😊^kip"",2026-02-21 06:37:16,4.47.1";
"f03e2dbe-75ea-4ea9-80c0-7273eac4de47,Safitri 1990,https://play-lh.googleusercontent.com/a/ACg8ocJQPrn4DsILq3Z4zX7JbTQ2VGqfeP5NzvMSKRW-x0jfBtzLQw=mo,""respon pengembalian dana lambat pengiriman lambat, banyak alesan. bukanya mempermudah malah memperburuk suasana."",1,0,4.46.0,2026-02-18 09:12:00,""Hai, Kak. Mohon maaf banget atas kendalanya. Agar Shalma bantu cek, mohon infokan detail kendalanya melalui DM Instagram @alfagift_idn dengan memberikan kode #2751285. Kejadian ini akan Shalma jadikan evaluasi agar bisa lebih baik lagi. Terima kasih ya, Kak 😊"",2025-07-28 05:46:52,4.46.0";
"5e15bcb2-99b9-4301-bb7f-77dd8a696a81,Khenafshen Abghari,https://play-lh.googleusercontent.com/a/ACg8ocKz9FDIRt4oJ_W9hu7NnRKKvIVDTXJCia3MXiiGyLM5JHZVbA=mo,""aplikasi busuuuuuk pesen instan 3 jam nunggu kaga nyampe nyampe, gk usah ngadain aplikasi siap antar kalo emg gak sanggup"",1,0,4.47.0,2026-02-17 13:57:12,""Hai, Kak. Mohon maaf atas kendala yang terjadi. Untuk pengecekan lebih lanjut, Kakak dapat menghubungi Shalma melalui DM Instagram Alfagift dengan melampirkan kode #3336932 agar dibantu pengecekan. 🙏 ^ts"",2026-02-18 15:03:17,4.47.0";
"ff68bdff-0fb7-47a0-94ae-75cad6e860a7,Rizki andika Siahaan,https://play-lh.googleusercontent.com/a-/ALV-UjV7a2v0FzW0krEFubxUI5BZL48h9N7vOjnZGFFdj5DYPvXqIfnP,""terlalu bertele tele ,pengiriman lambat ,sesuka hati pihak toko menunda pengiriman ,masa dari jam 4 sore di kirim nya sampe jam 10 malam"",1,0,4.47.1,2026-03-14 22:08:24,""Hai, Kak. Mohon maaf atas kendala pengiriman yang dialami. Agar dibantu pengecekan lebih lanjut, Kakak dapat menghubungi Shalma melalui DM Instagram Alfagift dengan melampirkan kode #3479020 ya 😊^kip"",2026-03-14 23:37:02,4.47.1";
"ed1226b6-d888-44f4-96cb-c218c60793f2,Rafhael Bill Clinton Hutabarat,https://play-lh.googleusercontent.com/a-/ALV-UjXjPAy-dw7bLRxMirCyMEZxLwOikaAws8vbdvQyLLrUO5yMwtPn,kenapa selalu alfamart/alfamidi yg lokasinya jauh yang selalu nerima orderan... jadi keseringan lama datangnya orderannya,2,0,4.47.1,2026-03-15 07:35:56,""Hai Kak, mohon maaf atas ketidaknyamanan yang dialami. Kami terus berupaya meningkatkan kualitas layanan agar lebih baik. Terkait dengan kendala yang Kakak alami, mohon bantu kirim nomor pesanan & detail kendala via DM ke IG @Alfamart/@Alfagift_idn atau pusat bantuan Alfagift dengan kode #3481035. Terima kasih ^raf"",2026-03-15 08:20:42,4.47.1";
"f6d48939-f20e-414f-b4e0-16a9f5b8ed2d,milatina sholikhah,https://play-lh.googleusercontent.com/a/ACg8ocIeQISZgfKoyMFNarejZJ3cbf0cwEGOo8WYWtmgOdDzGN-Nmw=mo,""mohon aplikasinya di perbaiki ya kak, soalnya via chat ridernya eror dari kemarin. al hasil saya harus ngcht tokonya dan ngcht rider via wa...🙏🏻"",4,0,4.46.0,2026-02-12 11:18:52,""Hai, Kak! Mohon maaf atas kendala yang Kakak alami. Kami akan terus berupaya meningkatkan kualitas aplikasi. Kakak dapat menghubungi Shalma melalui DM Instagram Alfagift dengan melampirkan kode #3319937 agar dibantu pengecekan. 🙏^kip"",2026-02-12 12:11:11,4.46.0";
"08659a7d-4232-4601-895c-aef3e8e7dff3,Nu Sayim,https://play-lh.googleusercontent.com/a/ACg8ocIyvuCrNrNcZwb8SyVsmMN1Ea7L0fWYcyQbLM_OddeFx8AUKw=mo,kenapa sering logout sendiri sih? mana no hp ga bisa di ubah. ada solusi ga sih.,3,0,4.47.1,2026-02-22 23:04:25,""Hai, Kak! Mohon maaf atas ketidaknyamanannya. Untuk kendala log out otomatis & perubahan no. HP, Kakak dapat menghubungi Shalma melalui DM Instagram Alfagift dengan melampirkan kode #3365309 agar dibantu pengecekan.😊^kip"",2026-02-23 08:39:41,4.47.1";
"3dc2e078-35f8-4b95-8122-325384b8bf48,Firda Hanifah,https://play-lh.googleusercontent.com/a/ACg8ocKNu_gorrxLtjkyA1UKq1x6gppZFuGgda7mXWRBJKJt0ANtBg=mo,""kecewaa ga sesuai, di apk dapat bonus tapi yg dikirim gaada bonusnya.. padahal udah langganan"",1,1,4.46.0,2026-02-11 00:11:15,""Hai, Kak. Mohon maaf atas ketidaknyamanannya. Terkait bonus yang tidak sesuai, Kakak dapat menghubungi Shalma melalui DM Instagram Alfagift dengan melampirkan kode #3318673 agar dibantu pengecekan. 😊 ^ts"",2026-02-12 00:55:14,4.46.0";
bd8c64bc-3942-4f36-b391-e144c607bcaf,Ayu Lestari,https://play-lh.googleusercontent.com/a-/ALV-UjXsJcaxTjp4WsfUF7bi_jxIpZ3PUFdfr90uOTw-jz4NJocqYcR6,Terdebest yaa cuma 1 kekurangannya kita ga bisa tracking driver udah sampe mana kaya aplikasi Astro,5,0,4.46.0,2026-01-25 05:29:13,,,4.46.0;
"c878345c-5a41-491e-9bbf-b90394f8ad0c,Jack Johnson,https://play-lh.googleusercontent.com/a-/ALV-UjWD6q8paKOreu8mD7Ya---cK2T4Y1BUaH9T0vwswROckovs8fHM,""tolong diberikan harga termurah dan tertinggi dong seperti ini <> tapi susunan nya atas bawah, kayak gini ini buat Harga termurah v nah harga tertinggi v ke atas ⤴"",3,0,4.46.0,2026-01-22 09:13:48,""Hai, Kak Fadli Sai. Shalma selalu berusaha melakukan peningkatan kualitas layanan dan kepuasan pelanggan hingga layanan kami menjadi lebih baik dari sebelumnya. Jika ada kendala silahkan hubungi kami melalui DM ke @Alfamart atau @Alfagift_idn. Terima kasih ^kip"",2026-01-22 09:24:57,4.46.0";
"95ca25bd-bf88-4e7d-bea2-30e505d720f5,Reyhan Daffa Zein,https://play-lh.googleusercontent.com/a-/ALV-UjUj9k5a-YW7m9bxZGF23IJCeDMvwEFFq_Yt3bbrg2AWpn9Pw2uA,ini gimana si pelayanan nya ??? saya sudah nunggu lebih dari 2 jam loh ga diantar? kalau emang belum jelas dan gabisa bilang dripada nunggu 2 jam seperti ini,1,0,4.47.1,2026-03-14 06:23:16,""Hai, Kak. Mohon maaf atas kendala yang terjadi. Agar dapat dibantu pengecekan status pesanannya, Kakak dapat menghubungi Shalma melalui DM Instagram Alfagift dengan melampirkan kode #3476025 ya 😊^kip"",2026-03-14 09:28:52,4.47.1";
"fd86d585-b8c0-412f-9579-5cd647451742,Lilis Kurniati,https://play-lh.googleusercontent.com/a-/ALV-UjXDAdYPJXhMhAauF0_-x3M2w1OBPHlll7FBuiW5HnLBCLz1BGc,""ngebantu sih, voucher jg banyak.. cmn buat pengiriman gilaa sihhh lamaaaa bgt g sekali 2 kali... bli estimasi tiba jam 8-10 ini jam tengah 1 aja blm dateng .. semoga bisa lebih baik.."",3,0,4.47.1,2026-03-07 05:30:30,""Hai, Kak. Terima kasih atas masukannya. Kami mohon maaf atas keterlambatan pengiriman yang Kakak alami. Kami akan terus berupaya meningkatkan pelayanan dan kecepatan pengiriman agar lebih baik lagi. 🙏^yna"",2026-03-07 06:37:06,4.47.1";
"611ebf15-2928-4c3f-b84a-589740536052,rickyferdi 01,https://play-lh.googleusercontent.com/a/ACg8ocLvgaOo-iUS8u4lPutnaCSIWDQ7VwbP1Wo8Hva556cWvTBr6A=mo,bug apa gimana si??? mau top up saldo aja gabisa sama sekali heran,1,1,4.47.0,2026-02-18 19:30:07,""Hai, Kak. Mohon maaf banget atas kendalanya. Agar Shalma bantu cek, mohon infokan detail kendalanya melalui DM Instagram @alfagift_idn dengan memberikan kode #3337478. Kejadian ini akan Shalma jadikan evaluasi agar bisa lebih baik lagi. Terima kasih ya, Kak 😊 ^mz"",2026-02-19 16:20:16,4.47.0";
"cbe1123c-bf2d-4490-85f0-7942313c3512,ZANNS FAR,https://play-lh.googleusercontent.com/a-/ALV-UjVgX1n-miAx6kG1jpBUW190UXv482S2OY5Tu3L3_VnN_kvE1oe-,""beri notifikasi kalau pesanan sudah tiba, jangan tiba tiba tidak ketemu pembeli lalu pesanan ditunda, untuk admin yang pegang pesan ga ada respon"",1,1,4.46.0,2026-02-14 05:27:54,""Hai, Kak. Mohon maaf atas ketidaknyamanan terkait pengiriman dan admin yang tidak responsif. Hal ini akan kami evaluasi agar tidak terulang. Kakak dapat menghubungi Shalma melalui DM Instagram Alfagift dengan melampirkan kode #3324480 agar dibantu pengecekan. 🙏 ^ts"",2026-02-14 06:06:09,4.46.0";
"08bde9c0-77cc-4c75-9f89-a9dda63c7a41,Tsafila Ara,https://play-lh.googleusercontent.com/a-/ALV-UjUXJkayit7p6x9F7Xy2rV597Zy9sx2GkRylru1yCRFvBr86Lj0W,""baru kali ini barang kosong diinfoin pas waktu pengambilan, alhasil kecewa pulang gk bawa apa2...."",1,1,4.47.1,2026-03-05 05:41:03,""Hai, Kak. Mohon maaf atas ketidaknyamanannya terkait stok barang yang kosong saat pengambilan. Kami akan jadikan ini evaluasi agar layanan lebih baik. Kakak dapat menghubungi Shalma melalui DM Instagram Alfagift dengan melampirkan kode #3424515 agar dibantu pengecekan. 🙏^rsf"",2026-03-05 07:52:18,4.47.1";
"97aabb7e-6a1c-45ff-b67f-73632fc1f2a0,Jajang Aklun Naza,https://play-lh.googleusercontent.com/a-/ALV-UjX4QlG1KzA6Kn37WVT3FKMFHJwUCOkNjQEQOaz4fkdu23XQH_U,""Aplikasi gak jelas, batal cekout mau cekout lagi stok langaung kosong !!!"",1,1,4.46.0,2026-01-20 12:25:55,""Hai, Kak. Mohon maaf atas ketidaknyamanan yang Kakak alami saat berbelanja. Stok produk di aplikasi memang dapat berubah dengan cepat karena tingginya minat. Kakak bisa coba cek kembali secara berkala atau mencari produk di toko lain yang tersedia di aplikasi. ^Yna"",2026-01-21 02:10:51,4.46.0";
"85083587-e9e4-4e5d-a8be-2c083ce84229,Jeizcha Zefanya,https://play-lh.googleusercontent.com/a-/ALV-UjWDzUJr_vs4BIWGW2zOkgJG4MWB3aNfGHXVaCKI9KJ5Qbxz0cu7,""slowrepons banget yahhh. mau komplain lewat cs chat malah kaga jelas balesan itu itu doang ga membantu. udh coba contact gmail, lama banget nunggu balesan nya udh kaya nunggu 19 juta lapangan pekerjaan😹"",1,0,4.47.1,2026-02-27 13:54:16,""Hai, Kak. Mohon maaf atas ketidaknyamanan terkait respon yang lambat. Kami akan terus berusaha meningkatkan kualitas layanan komunikasi kami. Agar kendala Kakak segera ditangani, Kakak dapat menghubungi Shalma melalui DM Instagram Alfagift dengan melampirkan kode #3391938 agar dibantu pengecekan. 🙏 ^ts"",2026-02-28 04:16:14,4.47.1";
"69c342c4-3a5f-437b-8f5e-ce07d3e36c1e,liangtae,https://play-lh.googleusercontent.com/a-/ALV-UjWRnV2P7P6pySjvupPdefsEzOtSNKWZfPVZBxr_wpod14stQJCL,""Pelayanan baik, Komunikasi baik, produk baik, rekomendasi ⭐⭐⭐⭐⭐ - dana refund karena kesalahan sistem sudah di terima - ⭐⭐⭐⭐⭐"",5,0,4.47.1,2026-03-02 17:09:43,""Hai, Kak. Kami memohon maaf atas kendala pengembalian dana e-wallet yang dialami. Kami akan berupaya mempercepat prosesnya agar saldo Kakak segera kembali ke akun. Kakak dapat menghubungi Shalma melalui DM Instagram Alfagift dengan melampirkan kode #3397319 agar dibantu pengecekan. 😊"",2026-03-01 03:06:11,4.47.1";
"dbb7bca1-91c9-447c-9440-336eb9ad3036,Fitra Rahim,https://play-lh.googleusercontent.com/a-/ALV-UjVsfoDqJ3YmKxi0ka01m_i7BNYWwRaBBZDQijBLLlOZHq3zT-iv,""aplikasi bego, daftar akun saja tidak bisa. masa ia gak bisa load halaman syarat dan ketentuan"",1,1,4.46.0,2026-01-22 23:10:48,""Hi, Kak. Biar Shalma bantu cek, mohon infokan detail kendalanya melalui DM Instagram @alfagift_idn dengan memberikan kode #3265891 ya. Kejadian ini akan Shalma jadikan evaluasi untuk lebih baik lagi Kak. Terima kasih :) ^Es"",2026-01-23 02:26:11,4.46.0";
"4dcd0a84-21e5-4192-810b-08c0665faf7d,Kiki Haryanto,https://play-lh.googleusercontent.com/a/ACg8ocKkRuyGdoZzxQJAhXHN6xw0_sz71XqORGswS6Dhf6wh25VXDg=mo,""ga bsa mnggunakan aplikasi alfagift,ga bsa di tukar jg"",1,0,4.46.0,2026-01-25 13:13:27,""Hai, Kak. Mohon maaf atas kendala yang terjadi. Terkait aplikasi Alfagift yang tidak bisa digunakan, Kakak dapat menghubungi Shalma melalui DM Instagram Alfagift dengan melampirkan kode #3274716 agar dibantu pengecekan.😊^kip"",2026-01-26 15:16:01,4.46.0";
"e6530f92-9bd7-44fb-8757-b2ba250705ae,Laila Marlia Sari,https://play-lh.googleusercontent.com/a-/ALV-UjV51wNfsIdaOTO2XDvLIRmIYhXyiegi3dmDhtk_XZ1g9Xv4SIUyyg,""pelayanannya lama pilihan maksimal 1 jam tapi dikirim 1 hari, banyak alasan"",1,0,4.47.0,2026-02-17 05:08:28,""Hai Kak, mohon maaf atas ketidaknyamanan yang dialami. Kami terus berupaya meningkatkan kualitas layanan agar lebih baik. Jika kakak masih terkendala, mohon bantu kirimkan detail kendala melalui DM ke IG @Alfamart/@Alfagift_idn atau pusat bantuan Alfagift dengan kode #3332820. Terima kasih😊️ ^rsf"",2026-02-17 06:56:23,4.47.0";
"cd213304-36af-48cb-9a75-6c73563a9b24,Zahrotus Sa'adah,https://play-lh.googleusercontent.com/a-/ALV-UjWQ7HjWYZb19fqbsryOq9DHpaJmirNh-V8LeZ3rbg3UhwIMEf7e,""banyak promo dan selalu gratis ongkir, harganya lebih murah dari sebelah"",5,0,4.47.1,2026-03-02 08:26:24,""Hai, Kak. Terima kasih atas ulasan positifnya terkait promo menarik, gratis ongkir, dan harga bersaing di Alfamart atau Alfagift. Kami senang Kakak puas dengan pelayanan kami. Nantikan terus penawaran terbaik dari kami ya!✨^Yna"",2026-03-02 09:23:11,4.47.1";
"342242a8-7807-4022-85c0-9c4964d0369c,Asus zenfone Max pro m1,https://play-lh.googleusercontent.com/a/ACg8ocJ3CdQrF5dnDbsFN4r1uYqlE9c6FkWpCeQX0LLzE4JovOjAVA=mo,""brosur """"promo"""" seringkali tdk berlaku. misalnya popok merries M32 tercantum sebagai promo di harga 55.900, di toko ternyata harga 76.900 EMG plg bener belanja popok di shopee, 53.000 udh nyampek rumah."",1,0,4.46.0,2026-02-06 21:53:56,""Hai, Kak. Maaf banget atas kendala yang dialami, tolong kirimkan detail kendala dan data lainnya melalui DM IG Alfamart/Alfagift agar Shalma bantu cek ya, Kak. 😊^Yna"",2026-02-07 03:28:39,4.46.0";
"4a743eb4-a4bf-49aa-aaa2-761a3f164821,Tasya Annissa,https://play-lh.googleusercontent.com/a-/ALV-UjWsNEm2rQGNACL64sx4NXRBu8r9ZSzcSWtXPlJ7JNoQGYDbyyk,""lama sekali pengirimannya, padahal saya selalu pakai aplikasi ini, di chat tidak di respon!!"",1,1,4.47.0,2026-02-16 10:13:29,""Hai, Kak. Mohon maaf atas kendala pengiriman dan respon chat yang lambat. Kami mengerti kekecewaan Kakak sebagai pengguna setia. Kakak dapat menghubungi Shalma melalui DM Instagram Alfagift dengan melampirkan kode #3330988 agar dibantu pengecekan. 🙏^kip"",2026-02-16 15:50:15,4.47.0";
"cae0e987-a4c5-4a14-b114-6d6e933f2dd6,Siti Asiah,https://play-lh.googleusercontent.com/a/ACg8ocIloh7QCuURDgyBFhvxgFJmLmoHh_jdTqBXLgTeLpFsvK_Lag=mo,Mau daftar koq syarat banyak ya. Kirain cukup nama dan nomer hape aja. Jadi mundur lagi.,3,0,4.47.1,2026-02-22 04:36:27,""Hai, Kak. Kami mengerti kendala Kakak. Syarat pendaftaran tersebut diperlukan demi keamanan akun member Kakak di masa mendatang. Hal ini juga memastikan poin dan voucher Kakak tersimpan dengan aman. Yuk, coba daftar kembali untuk rasakan kemudahan belanja. 🙏^rsf"",2026-02-22 06:44:20,4.47.1";
"ea6444b1-6047-4476-8e6c-5634090f690c,M. adi. pratama - (Mashaghi),https://play-lh.googleusercontent.com/a-/ALV-UjUI2JW01LyqhbTWPc8s9-IBlAkaki_Rs_Nj0lGMXec86xp-Kq8,""aplikasi ini membantu, untuk belanja terutama untuk menghindari dari jukir liar, saran dari saya tolong hapus atau larang jukir liar apa apaan coba minta uang lima ribu buat parkir doang ngotot lagi mintanya, masih mending dikasi tolong direspon untuk penghapusan jukir liar!!!"",5,0,4.47.0,2026-02-15 11:37:13,,,4.47.0";
"6cef7a12-c2a3-4296-8d00-43a065bf09c2,sulthan dan kanaya,https://play-lh.googleusercontent.com/a-/ALV-UjV72ShtOUAdyrV2hSm3B8TEftj8JmxNK9x8Wm-crafKeNQSGPe9,""harga nya berubah2 gak jelas, di gerai promo di kasir gak ada."",1,1,4.47.0,2026-02-16 13:06:22,""Hai, Kak. Mohon maaf atas ketidaknyamanan terkait selisih harga promo tersebut. Kami akan bantu telusuri kendala di gerai terkait agar hal ini tidak terulang. Kakak dapat menghubungi Shalma melalui DM Instagram Alfagift dengan melampirkan kode #3331570 agar dibantu pengecekan. 🙏 ^kip"",2026-02-16 15:49:45,4.47.0";
"aad6c6f8-580a-4cb6-8fdf-2e7fb245567e,Nando Wijaya,https://play-lh.googleusercontent.com/a-/ALV-UjUfadY4HrQUhOjykESZ8W5ZSECEYlAPPILHpe4_a_is0uCEOS0V,""Aplikasinya aman, tapi pelayanannya lemot. lelet."",1,0,4.46.0,2026-02-07 05:31:29,""Hai, Kak. Terima kasih sudah menyampaikan keluhan terkait kecepatan layanan Alfagift dan Alfamart. Kami menyadari hal ini dan sedang aktif mengoptimalkan performa aplikasi serta sistem kami. Kami harap Kakak dapat merasakan peningkatannya segera. 😊^Yna"",2026-02-07 06:23:39,4.46.0";
"7b9840a2-0dac-4fef-8976-18cb6f7a96da,Syefif Alma abdillah,https://play-lh.googleusercontent.com/a-/ALV-UjUodiuJIYpjnBE4_9ku2eXZH4OEjyNZ0E3Iyy-LsonYXE6L1xQd,""bagus banget,kalau bisa ditambahin fitur buat pelacaknya kayak di grab,atau shopefood gitu biar kita tau udah sampe mana si drivernya ke tempat yang di tuju"",5,0,4.47.0,2026-02-16 08:19:39,,,4.47.0";
"24493e77-9a9f-4589-a0a5-d10f4b7d1e9b,dinny a,https://play-lh.googleusercontent.com/a-/ALV-UjXKc0MqIvhVhSPHFujVQ7_Rll99r2AlCDrPJGwTU-kp7gwXlORB,""pesen dari jam 8 sampe jam 10 malem gini belum ada kabar sama sekali,di chat di apk sama lewat wa ga ada balesan sama sekali"",1,0,4.46.0,2026-02-15 15:14:20,""Hai, Kak. Kami selalu berusaha melakukan peningkatan kualitas layanan. Terkait kendala pesanan Alfagift, silakan hubungi kami melalui DM ke IG @Alfamart, @Alfagift_idn atau pusat bantuan aplikasi Alfagift dengan melampirkan kode #3328883. Terima kasih ^ts"",2026-02-15 15:24:14,4.46.0";
"a2e97090-42df-4fb3-ac2f-aa790577dbad,Amelia Okta,https://play-lh.googleusercontent.com/a-/ALV-UjWUVk7qZPlU04EKdMP2Riw1GVW6RvixzgsOYhISskSKcj3v1xhjYw,tiap mau checkout gangguan terus jadi gabisa pake sama sekali,1,0,4.47.1,2026-03-05 04:01:06,""Hai Kak, mohon maaf atas ketidaknyamanan yang dialami. Kami terus berupaya meningkatkan kualitas layanan agar lebih baik. Terkait dengan kendala yang Kakak alami, mohon bantu kirimkan detail kendala melalui DM ke IG @Alfamart/@Alfagift_idn atau pusat bantuan Alfagift dengan kode #3423904. Terima kasih😊️ ^rsf"",2026-03-05 07:57:57,4.47.1";
f638f9c9-505c-4a3b-96d2-116900e56ceb,Liyana,https://play-lh.googleusercontent.com/a-/ALV-UjVy-gdeTuHXr_j2dTknMaOSOCzsyDqmEHwvagRCRy-4kTTu0kUm,aplikasi nya sangat membantu jadi kalo butuh apa apa ga harus ke alfamart langsung,5,1,4.47.1,2026-02-26 08:53:45,,,4.47.1;
"460a87b8-6ee1-476e-812e-774122bf7d4b,Chendolz Dawet,https://play-lh.googleusercontent.com/a-/ALV-UjVpoDRG2C50aF36b8bXPvyG1mpejMobb1qZMLzHqtInYgdVC353,beli e wallet saldo udah ke potong tapi saldo dana nya gk masuk... lapor CS cuma di tanggapi robot.. apk gagal ini gk bakal belanja disini lagi.. !!!,1,0,4.46.0,2026-02-01 00:29:17,""Hi, Kak, maaf banget ya buat kendalanya. Biar Shalma bantu cek, mohon infokan detail kendalanya melalui DM Instagram @alfagift_idn dengan memberikan kode #3293321 ya. Kejadian ini akan Shalma jadikan evaluasi untuk lebih baik lagi Kak. Terima kasih :) ^rr"",2026-02-02 02:26:40,4.46.0";
"ccc00be9-7219-43cb-a0e2-2c063e113863,Erlinda nursylvia,https://play-lh.googleusercontent.com/a-/ALV-UjVCjlc-ZeTWegCmgi8BYu56cH3HUkaemtNL6sFAJACjcdbXg98Z,""tolong dong ini kurir nya kadang ngasih barang yang mau exp, cacat, rusak jadi males pake nya."",2,0,4.47.0,2026-02-20 05:53:03,""Hai, Kak. Mohon maaf atas ketidaknyamanan terkait kondisi barang yang diterima. Kami akan melakukan evaluasi kurir agar hal ini tidak terulang. Kakak dapat menghubungi Shalma melalui DM Instagram Alfagift dengan melampirkan kode #3345558 agar dibantu pengecekan. 🙏 ^ts"",2026-02-20 08:36:38,4.47.0";
"b0a36adb-e312-487f-afba-105cc4a0e776,ujank anwar.,https://play-lh.googleusercontent.com/a-/ALV-UjVo_W_gBmOQlNl4cJfpP5inF6fJbNQ2bF5fXX_H33MEzVo_zCxVDA,pengalaman pribadi aja ya kenapa kalau belanja di alfagift selalu ada masalah ada masalahnya barangnya yang kurang dikirim ada juga pengirimannya yang lambat sampai lewat 26 jam.. sudah nelpon Cs nya mahal kalau ada komplain,1,9,4.45.1,2026-01-01 01:36:55,""Hai Kak, mohon maaf atas ketidaknyamanan yang dialami. Kami terus berupaya meningkatkan kualitas layanan agar lebih baik. Terkait dengan kendala yang Kakak alami, mohon bantu kirimkan detail kendala melalui DM ke IG @Alfamart/@Alfagift_idn atau pusat bantuan Alfagift dengan kode #3202781. Terima kasih😊️ ^rsf"",2026-01-01 03:16:18,4.45.1";
"91f49726-25cf-45b7-8101-af09ed188ce0,ASEP IRAMA,https://play-lh.googleusercontent.com/a/ACg8ocKSuZRX0BMVsPyotwYJBZyT-SDDUYkAenD3OVjWl66eQEw5Zw=mo,""Alfagift Keren banget aplikasinya! Promo selalu update, ngumpulin poin juga gampang banget. Belanja iadi lebih simple, tinggal cek aplikasi, bayar, selesai. Pokoknya ngebantu banget buat kebutuhan harian."",5,2,4.44.1,2025-11-24 03:10:14,,,4.44.1";
"d81a3b0f-4923-4237-8bb9-17d220de13af,Fika Halaniah,https://play-lh.googleusercontent.com/a-/ALV-UjVEh6nAZ_7SZDcmGR-U9l2XJh6NqcRpDH2ayEaj3eyuMnyXYM0,""PARAH SISTEM APLIKASI DAN KARYAWAN KASIR KASIR PARAH , tolong dong habis uodate tuh jangan minta kata sandi or password lagi soalnya sering lupa dan pasti ngulang lagi ganti password lagi,terus pas penukaran poin dimintain pin dri kasir kita udh kasih gak bisa mulu udh sampe 3x dihilngnya gak bisa tapi dri aplikasi tau""""nya pin kita udh berkurang,utg cek aplikasi klo gak kita suruh byar sdgkan point kita udh berkurang ."",2,4,4.45.0,2025-12-24 15:28:30,""Hi, Kak, maaf banget ya buat kendalanya. Biar Shalma bantu cek, mohon infokan detail kendalanya melalui DM Instagram @alfagift_idn dengan memberikan kode #3180321 ya. Kejadian ini akan Shalma jadikan evaluasi untuk lebih baik lagi Kak. Terima kasih :) ^rr"",2025-12-25 02:12:28,4.45.0";
"0753d4bc-5c87-47db-a54f-f865378d5b84,iris youl,https://play-lh.googleusercontent.com/a/ACg8ocJSOGf6DYPQbKh6j44oiijYLm_yLSNPj0gXWIA3E32WJDkBsg=mo,""Saranku, di riwayat pesanan kasih keterangan pengembaliannya, Kak. Kalau yang lainnya, sih. udah oke banget, terus juga ada bintang buat si kurirnya. Itu buat tipnya, kalau bintang lima kan bisa di rupiahkan buat si kurirnya."",4,7,4.45.1,2026-01-10 22:03:33,,,4.45.1";
"a9ac6d11-0dec-4dc3-994a-652db5cbe2a6,Nisa,https://play-lh.googleusercontent.com/a-/ALV-UjVc3Qkqd_wgfHcgzbjmmWeX7tESi88dj_kGBfCQDwV5N_Y8MoXG,Pengirimannya terlalu lama. Ada opsi buat milih jam berapa di pilih tapi kayak nggak berfungsi :( ditulis 'maksimal 1 jam setelah pembayaran' siang di pesan malamnya baru sampai.,3,10,4.45.0,2025-12-24 10:03:43,""Hi, Kak. Mohon maaf atas ketidaknyamanannya. Mohon infokan nomor pesanan Alfagift Kakak melalui DM Instagram @alfagift_idn dengan memberikan kode #3179662 agar dapat Shalma bantu cek ya. Terima kasih 😊️ ^ad"",2025-12-24 16:56:54,4.45.0";
"36dd7c87-5c66-4635-8363-c705fa25a28b,Ade Erviana,https://play-lh.googleusercontent.com/a/ACg8ocI-S1T46m10zsN7d5-iuAUctTCqnuViAWOnZGlVczV1CdJirw=mo,""Aku kasih bintang 5 untuk aplikasi alfagift, karena belanja untung dengan program tebus murah, JSM, dan harga spesial di alfagift. membantu banget buat saya yang mempunyai bayi dirumah. belanja tidak repot. beli lewat alfagift.. dianter plus gratis ongkir.semoga Alfagift lebih banyak lagi diskon produknya. saat ini sudah terbaik menurut saya. 😍"",5,1,4.44.1,2025-12-07 03:36:34,,,4.44.1";
834284cf-2eb8-4635-8f25-0f5c4a7f6d98,Delli Ayu Rizka,https://play-lh.googleusercontent.com/a-/ALV-UjWwtVGlMdFN9BwVtA84qmLihZMPsCCBbDGi3nFvzEWdX2syC-jI,Aplikasinya sangat membantu! Belanja jadi lebih cepat dan praktis tanpa harus antre di toko. Banyak promo menarik dan poin juga cepat terkumpul. Pengiriman selalu tepat waktu. Mantap Alfagift!🔥,5,2,4.44.1,2025-11-21 10:22:50,,,4.44.1;
"f88a5b6f-791d-49ce-ba6c-c78d11840537,Muhamad Fajri,https://play-lh.googleusercontent.com/a-/ALV-UjWOWfzIgcU6ARVDZctquTKBBVirsc8binCwDdcA6jOb_nS1OWeFsw,""halo min mau tanya, saya kan liat² update stok hot wheels terbaru di apk, nah kebetulan yg seri terbaru udah bisa dicek out (kirim ke rumah/pickup di toko) tapi begitu saya cek langsung ke toko nanya stok hot wheels yg baru pegawai nya bilang barangnya belum datang, kok bikin bingung gini ya jadinya? padahal pas hari minggu kemarin sempet liat tumpukan box kuning yg artinya barang² baru dateng tapi belum sempet dibongkar sama pegawainya, masa iya ga sinkron antara pegawai sama aplikasinya?"",3,0,4.44.1,2025-12-10 10:47:24,""Hi, Kak. Mohon maaf atas ketidaknyamanannya. Mohon infokan nomor pesanan Alfagift Kakak melalui DM Instagram @alfagift_idn dengan memberikan kode #3145425 ya. Terima kasih 😊️ ^ad"",2025-12-10 16:49:11,4.44.1";
"9f5680aa-7c9d-44d0-8c07-33adb81b8a1f,Grace Juliana,https://play-lh.googleusercontent.com/a/ACg8ocJG0H_5B7feqEjnJksaHEz2TJzv7s9vBzdXJuFg6-dJAkTO1A=mo,""Belanja di Alfa gift sekarang sudah banyak kemajuan. bisa belanja diantar langsung gak harus bayar ongkir, Belanja dapat poin, dapat cashback, dapat potongan harga produk tertentu apalagi produk yang kita butuhkan, ad misi nya juga serta games nya yang berhadiah. Mau isi pulsa juga bisa. kayaknya Alfa gift ini merangkap semua nya. bisa isi pulsa juga. pokok nya saya suka pakai Alfagift. banyak hadiahnya."",5,5,4.44.1,2025-11-21 13:15:26,,,4.44.1";
"d76599ca-ce15-4603-a671-784c4b816ddc,My,https://play-lh.googleusercontent.com/a-/ALV-UjWye2CJShXa0Y306SmpZ9GoyKdoq0A2mzRJotSl0DaUi8xePhh7oQ,habis diupdate aplikasi nya malah ngebug. tidak bisa dibuka,5,0,4.47.1,2026-03-20 02:27:25,""Hai, Kak. Mohon maaf atas kendala yang terjadi. Kakak dapat menghubungi Shalma melalui DM Instagram Alfagift dengan melampirkan kode #3505166 agar dibantu pengecekan. 😊^Ynaa"",2026-03-20 05:09:36,4.47.1";
"82816886-8ce1-4cde-a75d-aea7ef9f88b8,daniel eka luckily,https://play-lh.googleusercontent.com/a-/ALV-UjWt2kL9tzOYeDvaGLCwkIl5TXjMDuuYqpx4wkjeguo-C4SsJH-x,""kecewa sama pelayanannya coba pesan lewat aplikasi, pesannya kapan kirimnya kapan, di aplikasi statusnya di terima tapi kenyataannya barangnya gak ada, pas di tanya ternyata barang masih di toko, bikin kecewa sama pengalamannya semoga bisa berbenah buat kasik pelayanan ke konsumen"",1,2,4.44.1,2025-12-11 09:47:48,""Hi, Kak. Mohon maaf atas ketidaknyamanannya. Mohon infokan nomor pesanan Alfagift Kakak melalui DM Instagram @alfagift_idn dengan memberikan kode #3147035 ya. Terima kasih 😊️ ^ad"",2025-12-11 10:22:34,4.44.1";
"b221bc5a-a1e1-4294-94a4-5ad502ec9522,Rey Rey,https://play-lh.googleusercontent.com/a-/ALV-UjU91H07nSME49YjqeNNazIMbeEXAn7Bfc6UTetcQFwAblIzDAoN,""Alfagift Benar-benar Solusi Belanja Modern! Sangat membantu dan efisien. Fitur promo, poin reward, dan tampilan yang user-friendly bikin pengalaman belanja jadi hemat dan menyenangkan. Proses checkout dan pengiriman selalu mulus. Wajib coba, sangat direkomendasikan!"",5,0,4.44.1,2025-11-24 04:08:28,,,4.44.1";
"4dec0775-13d1-4cdc-9ae7-4e6fbfb544d4,mayessi lestari,https://play-lh.googleusercontent.com/a/ACg8ocIM6mM_HI3vwASj0xLMKondCp1OjYuMp-0vJ-9xx21XrSq_og=mo,""Aplikasi bagus promo lengkap, dan pengantaran selalu tepat waktu. Pengalaman belanja jadi jauh lebih praktis dan nyaman. Semua barang yang dibeli di Alfagift tidak dikenai biaya pengiriman karena dikirim dari toko Alfamart terdekat."",5,0,4.44.1,2025-11-21 11:26:08,,,4.44.1";
"a037aeb9-aa92-40df-8b8f-d4fe81284520,Ayunda Fatiha,https://play-lh.googleusercontent.com/a-/ALV-UjUfZZE64gviCRDpzhDXj_BkuTXQ0axdboDT93o3EHnlnCLUv9dcqQ,""Senang sekali rasanya sekarang ketika perlu kebutuhan mendadak dan kondisi lagi tidak bisa keluar rumah ataupun mager, sudah tidak perlu repot"""" cukup belanja melalui alfagift aja, pasti nya gratis ongkir"",5,4,4.44.1,2025-11-24 05:49:04,,,4.44.1";
"36054161-5dfd-4930-8462-5eeba2f55579,Niken Ambarranti,https://play-lh.googleusercontent.com/a/ACg8ocLRiMDjeryiL8iJp_0ukNhyw5xfWyJvkbXNzBsb0OdrhT0UMQ=mo,point 75.000 gak bisa di gunakan di beberapa gerai alfa. kasir selalu beralasan gangguan. untuk apa ini jadi nya. tolong dong kejelasan nya.,1,0,4.45.1,2026-01-15 02:29:08,""Hai, Kak Niken Ambarranti. Maaf banget atas kendala yang terjadi. Jika masih terjadi kendala, Kakak dapat menghubungi Shalma melalui DM Instagram Alfagift dengan melampirkan kode #3245735 agar dibantu pengecekan. Kejadian ini akan Shalma jadikan evaluasi untuk lebih baik lagi. Terima kasih :) ^kip"",2026-01-15 03:16:37,4.45.1";
"11fe4cd3-a8a6-4a4c-80c0-d9d5264aca63,Hana vt9,https://play-lh.googleusercontent.com/a-/ALV-UjUiyQo2CS3Y1jpYHe8Jk0bZwXieLvciJ3BMI0SqfZtJIb3D8AA,Mimin ini kenapa Aku g bisa ngehubungin ke gopay padahal Aaaaaaaaaaaaakkkk tinggal masukin pin aj 😭 TPI g bisa aku udah ngoba 10 kali tapi selalu g bisa aku udah up aplikasi juga TPI g bisa,1,0,4.47.1,2026-02-28 08:39:22,""Hai Kak, mohon maaf atas ketidaknyamanan yang dialami. Kami terus berupaya meningkatkan kualitas layanan agar lebih baik. Terkait dengan kendala yang Kakak alami, mohon bantu kirimkan detail kendala melalui DM ke IG @Alfamart/@Alfagift_idn atau pusat bantuan Alfagift dengan kode #3395868. Terima kasih😊️ ^rsf"",2026-02-28 09:37:39,4.47.1";
"51ea6565-ea85-40fc-ba18-18302e4bba76,Yandi Saputra,https://play-lh.googleusercontent.com/a-/ALV-UjUpO2GtbGtXF2D3wIZIZG9xFe2MpJ1IPPCOOY6F86qyS3CXc7yY,""Belanja di Alfagift seru banget. Belanja kebutuhan sehari-hari, sembako, personal care, baby care hingga snack dan makanan semuanya lengkap. gak cuma itu bisa gratis ongkir dan pengiriman yang cepat sampai. Promo-promo yang diberikan juga sangat menarik, banyak diskon sama cashbacknya. senang banget belanja pakai Alfagift..."",5,0,4.44.1,2025-11-24 02:56:07,,,4.44.1";
"fe96b026-3576-438f-a74a-50dbdaf57f55,zaki Rizaldi,https://play-lh.googleusercontent.com/a-/ALV-UjVLRdtKw7Q-arDOODMrLdU3G_ZDbk0PYgHgI3w-FUoFPQAH4FA,""Aplikasi alfagify sangat membantu dan memudahkan saya berbelanja tanpa harus memilih barang ke toko, kita juga bisa mengecek barang lewat aplikasi alfagify, bisa lihat harga lagi diskon besar besaran, Terima kasih alfagify telah mempermudah pesanan online sangat menbantu"",5,5,4.44.1,2025-11-24 07:31:44,,,4.44.1";
"8645d1d3-55ca-4a6e-9032-d0ca5828b088,Tri Cipta,https://play-lh.googleusercontent.com/a-/ALV-UjX8XetLC5yvTfRmG7rl6ehAHj5o9jgG-uKLqNGWlMn2A7y4br8E,pengembalian dana apabila mau cancel 3-7 hari. sedangkan tombol pembatalan transaksi di applikasi tidak ada.,1,0,4.47.1,2026-03-07 11:37:21,""Hai Kak, mohon maaf atas ketidaknyamanan yang dialami. Kami terus berupaya meningkatkan kualitas layanan agar lebih baik. Terkait dengan kendala yang Kakak alami, mohon bantu kirim nomor pesanan & detail kendala via DM ke IG @Alfamart/@Alfagift_idn atau pusat bantuan Alfagift dengan kode #3438717. Terima kasih ^raf"",2026-03-08 04:59:57,4.47.1";
"2f386967-4fa5-4ebf-adb0-4cc6c3d280c6,FK rull,https://play-lh.googleusercontent.com/a/ACg8ocKAhYpKRQhRV3rCS6J02eDZKQllyJ61c42jWEERfS9Z44B6iQ=mo,""Saya merasa terbantu sekali karena aplikasi ini, semua yang saya butuhkan mulai dari kebutuhan sehari hari hingga kebutuhan lainnya tersedia langsung dalam genggaman ponsel. Dari segi tampilan antar muka aplikasi ini juga sangat mudah di gunakan bagi kalangan mana pun sehingga kita tidak perlu bingung ketika berbelanja Informasi yang disampaikan di dalam aplikasi juga sangat jelas sehingga kita bisa paham mengenai produk yang akan kita beli."",5,1,4.44.1,2025-11-17 05:34:53,,,4.44.1";
"eabb56b7-5886-4a8d-b29c-90cfc990a996,Ifa Fauzi,https://play-lh.googleusercontent.com/a-/ALV-UjUAzCgrVTWKtjHHc62p8Q9LIgL2C8WAbq3yq4xVAGZqV1omoig,""Aku kasih bintang 5 untuk Alfagift. Suka banget belanja di Alfagift karena praktis dan banyak untungnya. Ada Program BKUA Star yang bikin belanja makin hemat, harganya juga sering lebih murah. Pesanan diantar langsung ke rumah dan gratis ongkir, jadi benar-benar ngebantu kebutuhan sehari-hari. Semoga Alfagift ke depannya makin berkembang, banyak promo biar bisa belanja untung terus ⭐⭐⭐⭐⭐"",5,3,4.44.1,2025-12-14 08:46:32,,,4.44.1";
"3521e028-a9ad-4798-9719-5b725c392410,Julian Ramdani,https://play-lh.googleusercontent.com/a/ACg8ocI9-J-Qm9Du9PBExMTs_32hGp4VCsK0PbGd5SQnRWT0qnagvg=mo,""belanja bulanan skrng jadi lebih mudah, g perlu lgi keluar rumah. tinggal pesan, tunggu, barang sampe, udh gitu g ad ongkirny lagi. jdi enk bngt, trs ada bnyk voucher"""" cashback yg bisa di dapet, jdi makin enk. terimakasih Alfamart"",5,5,4.44.1,2025-11-24 05:43:35,,,4.44.1";
08599af0-d022-4d1c-bd5d-ab487f268d0e,SERLI SERLI,https://play-lh.googleusercontent.com/a-/ALV-UjV20QYWAS7AQcftuy7JBHHI7GcScMSKKCOJVCGWaT9qNr01VbH7,Dengan aplikasi alfagift kita dapat mngcek promo2 ap sja yg sdang berlansung dan KTA jga bisa mendapatkan bnyak reward belanjanya. Dan yg paling menariknya kita bisa lakukan delivery ( pick up ) saja. Dengan alfagift smuanya menjadi lbih mudah. thanks alfagift 😇,5,2,4.44.1,2025-11-19 01:38:30,,,4.44.1;
"9cbe9e8c-61bb-47d8-98c2-08177f30f796,Ninna Lingga Sari,https://play-lh.googleusercontent.com/a-/ALV-UjXzDzhE45cewQFFWWBjXTflpwwCKEbiI8REy7g-IO0hgJIKEIs,""aku kasih bintang 5 nih soalnya untung banyak belanja di Alfagift, apalagi pas ada promo gantung buat akhir bulan kayak gini... ngebantu banget deh aplikasinya buat yang ngga bisa motoran kayak aku, bisa delivery tanpa minimal belanja dan gratis ongkir, mau hujan badai pun tetep diantar sama kurirnya. ada promo gantung (Gajian Untung) yang banyak banget diskonnya, tebus murah, beli 1 gratis 1, jadi kk sama adek ngga rebutan jajanan. semoga Alfagift bisa bebas belanja untung terus ke depannya."",5,27,4.45.1,2025-12-29 18:20:17,,,4.45.1";
"99aaf4b4-37a3-4e1f-9337-4c09eb9b92b6,Destia Ulandari,https://play-lh.googleusercontent.com/a-/ALV-UjXPcMShX3tgx0-bbTfsn16XmycZHkuODkTNfL5bZz4Qy-sWGf-p,""Gw terbantu banget sih dengan adanya Alfagift. Ga perlu keluar rumah kalo lagi sibuk atau males pergi ke Alfa, banyak promo juga dan tebus murah yang worth it. Tentunya gw sangat berterima kasih sama pegawai Alfa yang nganterin belanjaan dengan aman. Kalo ada barang yang kurang pun mereka responsif buat dikabari dan diantar lagi barang yg kurang. Gw rasa ga mudah kerja untuk memberikan jasa pelayanan begini. Big W buat para pegawainya."",5,2,4.44.1,2025-12-07 05:13:19,,,4.44.1";
"0208a811-1c59-4f21-99a6-0cd223479d31,Entin Wartini,https://play-lh.googleusercontent.com/a/ACg8ocLyi0jZqG0sP2YHuGg2kF22w0JupwpcznSP6XG0ACaErIyFjQ=mo,aneh banget aplikasi terutama itu nya si pengiriman nya yg aneh masa coba pesen dari jam 10.40 sampai jam 13.45 kaya parah banget padahal kan di sana ada tertera ya kaya waktu yg di inginkan datang kapan saya pencet yg maksimal 1 jam eh ini udah 3 jam beberapa menit masi aja gak Dateng bego emang terus bukan cuma sekali dua kali kali dan yg paling parah juga kan di aplikasi tertekan kalo kita bayar cash mau di kasih kembali ada yg uang kita 100 RB saya pencet yg 100 RB ternyata gak bwa duit kem,1,9,4.44.1,2025-11-30 06:47:45,""Hai Kak, mohon maaf atas ketidaknyamanan yang dialami. Kami terus berupaya meningkatkan kualitas layanan agar lebih baik. Terkait dengan kendala yang Kakak alami, mohon bantu kirim nomor pesanan & detail kendala via DM ke IG @Alfamart/@Alfagift_idn atau pusat bantuan Alfagift dengan kode #3100055. Terima kasih ^raf"",2025-12-01 03:53:45,4.44.1";
"e3d3afa7-619a-45ca-aac9-a6e9b7d148e7,Arianty Lediana,https://play-lh.googleusercontent.com/a/ACg8ocJAdxqrkFw7OCQRRAgg_5AjlICyH7kHKO4RmQtZahbi7Q0CpA=mo,Duduk santai sambil menikmati beanspot Alfamart eh belanjaan nya datang diantar smaapi depan rumah....gk perlu instal aplikasi banyak.. dalam 1 aplikasi semua ada.. belanja mudah... belanja gak repot.poin masuk..belanja gk ruwet... alfagift jossss gurih gurih nyoiiii #semuapastidapet,5,4,4.44.1,2025-11-21 01:42:30,""Terima kasih atas ulasan baiknya, Sahabat :)"",2019-08-08 08:14:43,4.44.1";
"3e11195e-deab-4acb-b6b1-aeb22e98c6d8,Yulis Pratama,https://play-lh.googleusercontent.com/a-/ALV-UjVW--ASZ9YxFrcWuj1e5krfcjkQOXOvKik9QBTx9_6XcYvJy0s,""pengiriman barang cepat, barangnya lengkap, promonya selalu murah terus belanja di alfagiftnya, promonya ada lagi jadi bisa dapat lebih banyak promo, di alfagift juga gratis ongkir jadi bisa lebih hemat"",5,4,4.44.1,2025-11-24 02:31:45,,,4.44.1";
"a6e64236-3614-4bdd-a500-f78b861259de,Katnissa Everdeen,https://play-lh.googleusercontent.com/a-/ALV-UjVreOoTbLoUn-4RH3DpFT8IF0jS9jlXtrq8wT2kwUGkGTdvoP0s5g,""Alfagift membantuku berbelanja dengan lebih mudah, praktis dan hemat, hemat waktu, hemat tenaga dan biaya juga. Produk kebutuhan dapur sehari-hari, toiletries, cemilan anak, itu yang sering kubeli. Terima kasih telah hadir dan memberikan manfaat baik ibu rumah tangga yg tinggal cukup jauh dari pasar dan minimarket offline. Sangat terbantu sekali 👍🏻"",5,2,4.44.1,2025-12-15 01:28:18,,,4.44.1";
"8a853abe-e133-4539-9174-6e9cee93a753,Ronald Tumengkol,https://play-lh.googleusercontent.com/a/ACg8ocIevksBeDdrVnoafinJJNMU5PikaNpXe5qhjiVkxHdRh7n6bg=mo,""aplikasi cukup membantu dan mudah digunakan, respons terhadap pesanan bagus, hanya sayang saat chat dgn toko masalah pesanan ternyata mayoritas stafnya tidak bs berkomunikasi dgn baik dan cenderung kasar... dan ternyata jawaban yg saya dapat setelah complain secara baik2 malah direspon dengan jawaban AI/robot yg hanya merespon tanpa empati👎👎"",1,13,4.45.1,2025-12-27 03:21:59,""Hai, Kak. Senang aplikasi kami membantu dan pesanan Kakak responsif. Kami sungguh menyesal mendengar pengalaman kurang baik dengan komunikasi staf toko dan tanggapan yang terkesan kaku. Masukan Kakak sangat berharga dan akan kami gunakan untuk perbaikan pelatihan staf serta kualitas respon layanan kami. ✨^Yna"",2025-12-28 01:35:45,4.45.1";
"7440f2d1-0905-47ed-9b56-9373eb56a122,Lia Double77,https://play-lh.googleusercontent.com/a/ACg8ocIgnH_kzHqOo9MSblwK0j7JB72EhT0NPLDgQ6vD_h-EsA2Wg6pu=mo,""aplikasi termudah dan terpercaya,belanja mudah dan gak ribet gak capek2 keluar langsung antar ditempat tanpa biaya lagi,suka banget belanja lewat alfagift,sukses terus ya."",5,3,4.44.1,2025-12-04 00:01:07,,,4.44.1";
"09ffc7be-01fa-478d-a643-ae3b0c5f0920,Gusti Muhammad Khairinur,https://play-lh.googleusercontent.com/a-/ALV-UjVgIim91ieF9igu8k_J5ZPPwafJ4brZRdIvkSHyQpB3ikXu1B6T,""Pesanan Produk Online yang pengiriman maks 1-3 hari belum diterima saya, padahal sudah lebih dari 3 hari, struck belanja ada, tapi barang belum ada. Lacak pesanan hanya sampai lunas. Komplain lewat email lama walau sudah dapat tiketnya, soalnya chat CS pun diarahkan lewat email. jika pesanan saya sudah sampai, saya akan ubah rating jdi *3."",1,7,4.44.1,2025-11-17 12:24:11,""Hai, Kak. Kami selalu berusaha melakukan peningkatan kualitas layanan dan kepuasan pelanggan. Soal kendala pengiriman pesanan Alfagift, silakan hubungi kami melalui DM ke IG @Alfamart, @Alfagift_idn atau pusat bantuan aplikasi Alfagift dengan melampirkan kode #3060649. Terima kasih ^rd"",2025-11-18 02:37:26,4.44.1";
"acec3ec9-31a5-455c-aeec-f2b5334d69ad,Muhammad Husin,https://play-lh.googleusercontent.com/a/ACg8ocLGw6rFAT3Np2EPnIzNP5ClsUG0UME64Km5WqZeFu9T2gidzQ=mo,""Alfagift bener bener ngebantu bangget buat belanja harian . tinggal klik praktis &gratis ongkir sepuasnya , pengirimanya ngercep( gerak cepat) sangat puas dengan layanannya . barang sampai dengan aman dan jauh lebih cepat dari estimasi, terimakasih alfagift."",5,1,4.44.1,2025-11-24 20:20:33,,,4.44.1";
"2c1c4388-5016-4091-897e-baae11872a78,faqihah hamim,https://play-lh.googleusercontent.com/a-/ALV-UjWqlJVPtyBt5Cxghlh4yHyj_E9N71_7sxAgfevnRNRcTyM5wGvw,langganan sejak lama. bisa diandelin karena beneran dikirm 1jm setelah pembayaran. sejak ganti toko yang ngirim lelet banget bisa 3-5 jm g dikirm2 g bisa diandalkan.. kalo yang lain pelayanan semakin oke. ini malah semakin buruk.. gak like samasekali,1,18,4.45.0,2025-12-22 07:23:43,""Hai, Kak Faqihah. Maaf banget atas kendala yang terjadi. Jika masih terjadi kendala, Kakak dapat menghubungi Shalma melalui DM Instagram Alfagift dengan melampirkan kode #3174700 agar dibantu pengecekan. Kejadian ini akan Shalma jadikan evaluasi untuk lebih baik lagi. Terima kasih :) ^ds"",2025-12-22 11:34:56,4.45.0";
"2e1f9e61-7a6b-456e-8a05-d667385b4614,Kasma Wati,https://play-lh.googleusercontent.com/a/ACg8ocKgGDpY0IXA69IKw1J-HAp6EtFB7MlDjKjusHYBGpbPxLEPcQ=mo,""aplikasi nya sangat bagus. promo selalu promo selalu update ngumpulin poin juga gampang banget. belanja jadi jadi lebih simpel, tinggal cek aplikasi, bayar, selesai. pkoknya ngebantu banget buat kebutuhan harian. mantap."",5,3,4.44.1,2025-11-19 03:00:07,,,4.44.1";
"3e2f1b85-a6eb-41df-b98b-0f2930a15883,mama Ummar,https://play-lh.googleusercontent.com/a-/ALV-UjW-u52sNisojIGjBQSU7XcPKmTDjJ7aaus_gJw1Pp_SvebE0Msolg,""Aku selalu kasih bintang 5 untuk aplikasi Alfagift 😘 suka promo cashback JSM & SPayLater karena pasti cashbacknya! Setiap pesan di Alfagift selalu cepet bgt nganternya,produknya lengkap,komunikatif banget misal ada produk yang ga tersedia . Ga pernah kecewa dengan pelayanan dan kualitasnya ❤️ Harga bener2 murah dan banyak promonya! Semoga kedepannya lebih banyak lagi pengguna Alfagift ,karena ini praktis dan menghemat dompet+waktu bgt 👍😊 #AlfagiftGratisOngkir"",5,6,4.44.1,2025-12-13 22:21:01,,,4.44.1";
"1460dc4c-fd72-4a99-9ddb-ab3df8426f86,Aryo Wicaksono,https://play-lh.googleusercontent.com/a/ACg8ocJ0SuSwFj1EZb8m2OC6KsS9MC8IrlOTgRU-eEndxjApmyB7Gg=mo,""banyak promo nya ketika memasang di alfagift,dan poin nya juga bisa di tukarkan di toko mana pun.adanya alfagif memudahkan saya berbelanja yang ketika lagi mager dan sudah free ongkir lagi."",5,1,4.44.1,2025-11-17 03:01:29,,,4.44.1";
"26cdf641-160d-40e4-8bc0-d1fea83911d6,Khairatun Nisa,https://play-lh.googleusercontent.com/a-/ALV-UjXDGphR5bbTK5Ie3tPvlGDaKKJU77NtiX287apv-n-iCJiwS1o,""aplikasinya sangat membantu, kita bisa melihat berbagai macam promo di aplikasi alfagift tanpa perlu datang ke toko alfamartnya langsung. aplikasi alfagift menurut saya sangat membantu saya dalam memilih berbagai macam produk dan promo promo menarik lainnya🥰🥰"",5,1,4.44.1,2025-11-21 02:43:34,,,4.44.1";
"bc9b8d44-537d-4413-8621-19fb72dcd09f,Paing Manteman,https://play-lh.googleusercontent.com/a-/ALV-UjVK2sYqReK-TKNXQK8dv4DTKyZm27MiPcoLwG_U01JOPDT9Br-m,kenapa sekarang buat top up ke dana gak bisa padahal sudah terverifikasi. giliran klik bayar kendala jaringan erorr. di coba beberapa kali tetap sama. padahal sinyal buat nonton YouTube aja lancar. cuma transaksi jaringan tidak stabil. parahhh,1,3,4.45.1,2026-01-12 18:20:14,""Hi, Kak Paing, maaf banget ya buat kendalanya. Biar Shalma bantu cek, mohon infokan detail kendalanya melalui DM Instagram @alfagift_idn dengan memberikan kode #3239167 ya. Kejadian ini akan Shalma jadikan evaluasi untuk lebih baik lagi Kak. Terima kasih :) ^rr"",2026-01-13 02:57:25,4.45.1";
"790c8234-2e74-454a-b42d-60946cea3dde,Rina Novita Sari,https://play-lh.googleusercontent.com/a/ACg8ocLpKnb4q6UwllvC8QympwW5eXMOk-G90fh2KU2QeIedIRVfAg=mo,""Aplikasi yang sangat memenuhi kebutuhan dan membantu sekali saat kita lagi sibuk karna ga bisa keluar jadi tinggal tunggu dirumah pesanan kita sampai, diskon nya ga main main lo Selalu memberi yang terbaik untuk pelanggan, Mantap ALFAGIFT😘"",5,1,4.44.1,2025-11-17 01:30:33,""Hai sahabat, terima kasih telah menggunakan aplikasi Alfagift. Shalma akan terus meningkatkan pelayanan demi pelanggan setia, sehat selalu sahabat :) ";") ^-KL"",2022-04-19 14:41:05,4.44.1"
"3e9ce11b-404d-46ad-94c8-5732468e4388,Mamak Rosy,https://play-lh.googleusercontent.com/a/ACg8ocKWtvLPcahKmRwv7trKEFNaslHsqe7AYsSuT7SxY5NXhTXx0g=mo,""Aku kasi bintang 5 untuk Aplikasi Alfagift, karena belanja beneran untung dgn program harga specialnya, alfagift app belanja favoritku yang paling kupercaya & paling cepat prosesnya. Sebagai ibu rumah tangga yang punya toddler, Alfagift sangat membantu aku kalau pengen belanja dari rumah tanpa harus ninggalin rumah dan ninggalin anak. Asyiknya Belanjaan diantar sampai depan pintu rumah tanpa biaya ongkos kirim. Semoga Alfagift terus ngasi harga spesial, biar belanja terus untung & lebih hemat."",5,1,4.44.1,2025-12-17 07:11:10,,,4.44.1";
"8525fce4-cea2-48e2-841b-eee1150b6c55,Nova Sibarani,https://play-lh.googleusercontent.com/a/ACg8ocKLrvYLcDlZaTLrxnVCG79j-wa5tfoXimCxx0CizoLqfIcBXg=mo,""dimana y buat kotak saran di Alfamart? kecewa dgn pelayanan Alfa Tigarunggu (Simalungun). scan barcode kasirnya bilang tidak bisa, melalui no.hp saja, print struk belanja tidak ada ,masuk ke alfa. sudah 2 hari ditunggu,tidak ada juga masuk riwayat nya di alfagift. sudah di update pun tetap gak ada. lain kali enggak lagi lah belanja di alfa. sangat kecewa."",1,3,4.44.1,2025-11-19 00:16:51,""Hi, Kak. Mohon maaf atas ketidaknyamanannya. Mohon infokan nama toko dan detail kendalanya melalui DM Instagram @alfagift_idn dengan memberikan kode #3065216 ya. Terima kasih 😊️ ^ad"",2025-11-19 03:03:17,4.44.1";
"f20014ac-980c-48c0-b288-57ac2536794e,Siska Purnama,https://play-lh.googleusercontent.com/a/ACg8ocKkBskyC6Wf1Hcvxn9VcRBN5Ezw3oZHxUSs6sdWA4P2r7wLhQ=mo,""Aku kasih bintang 5* Untuk aplikasi Alfagift karena belanja untung dengan harga spesial, paling murah di promo Alfagift. Banyak reward dan bisa belanja hemat terus karena harganya sangat terjangkau. Produk lengkap dan selalu datang tepat waktu dan Gratis ongkir pula semoga Alfagift makin banyak promonya biar aku bisa belanja untung terus"",5,8,4.44.1,2025-11-17 07:04:41,,,4.44.1";
"b826cb1a-18b0-4602-920e-93fcbe315909,Ayu Nurvitasari,https://play-lh.googleusercontent.com/a-/ALV-UjW8JEueq4bnL_0sM6x19Vf-mdZ779p2FQZaqiXBR4iUY7Fc9RrOoQ,""Aku kasih bintang 5 untuk aplikasi Alfagift karena aku selalu untung kalo belanja lewat alfagift. Mau tau gak kenapa? karena cuma di aplikasi alfagift kita bisa dapetin produk dengan harga 1 rupiah apabila kita belanja minimal 20k. bukan hanya itu. Aku juga selalu dapet gratis produk/beli satu gratis satu. Sumpah, cuma lewat aplikasi alfagift aku bisa dapetin manfaat itu. Ditambah kurir alfagift gak pernah ngaret, makanya aku ketagihan belanja di alfagift. makasih alfagift, sukses terus yaa.."",5,0,4.44.1,2025-12-03 03:37:54,,,4.44.1";
"9b76fd5e-eba1-4957-a62e-ca5efd9e05cc,rahmad akbar,https://play-lh.googleusercontent.com/a-/ALV-UjWLzQNP_-mt1a-NeqWSgjOZNQdrBVOYLvioh5H3IoRAD80Iuojz,""aplikasi ini sangat praktis di saat kita ingin melihat harga dan memesan pesanan dari aplikasi, pengantaran nya sangat cepat tidak perlu menunggu lama pesanan langsung sampai di depan rumah, the best alfagif 🥳"",5,1,4.44.1,2025-11-21 04:13:44,,,4.44.1";
25430a95-949f-4a15-a5e5-fb8704b8c4f4,Ayu Wandira,https://play-lh.googleusercontent.com/a-/ALV-UjWXZLYtMcAh6p2vhlSmE5GZGh_6Xl8TDnSVsWJ4mp59jcC2BR7Xcg,Aplikasi belanja dan mudah di gunakan nya banyak promo2 yang manarik dan mempermudah kita untuk berbelanja dimana saja dan kapan saja. pokoknya mempermudah kaum mageran kaya saya ini cocok bgt pakai alfagift.,5,4,4.44.1,2025-11-24 04:36:55,,,4.44.1;
"63a41198-f6a1-4de6-a89d-27992ea48209,Arif Rahman,https://play-lh.googleusercontent.com/a-/ALV-UjXKw7zwzlJ5SXPy3Cg3ZAI4QpboX3Da7UTedN81UfG9-KIBuhVx,""Senang sekali rasanya sekarang ketika perlu kebutuhan mendadak dan kondisi lagi tidak bisa keluar rumah ataupun mager hhe, sudah tidak perlu repot"""" cukup belanja melalui alfagift aja"",5,0,4.44.1,2025-11-17 09:42:23,,,4.44.1";
6a94b8ec-45ab-48e0-8275-997f0074eb6a,Muhammad Haris,https://play-lh.googleusercontent.com/a/ACg8ocJ1lJQuqIhATKDfB3VkpTcEtpliyUeysiNUmQ26MM-V-ihBfQ=mo,aplikasi alfagift sangat membantu! belanja jadi lebih cepat dan praktis tanpa harus antre ditoko. banyak promo menarik dan poin juga cepat terkumpul. pengiriman selalu tepat waktu. Mantap Alfagift!,5,1,4.44.1,2025-11-22 06:43:26,,,4.44.1;
"26830f65-2476-4fd4-8db5-7f1fbce9575f,amila agnes,https://play-lh.googleusercontent.com/a-/ALV-UjW5pnbBM4cleVukf4ore4w3rP2bh14wLI3tCtx1zT3wnzjj1lDh,""“Ku beri bintang 5 spesial Alfagift itu andalan banget untuk belanja kebutuhan harian. Aplikasinya gampang dipakai, promo melimpah, dan pengiriman selalu cepat serta tepat. Belanja jadi lebih hemat waktu dan tenaga, cocok buat ibu menyusui yang harus sering di rumah. Terima kasih Alfagift, semoga layanannya selalu terjaga dan makin banyak promo.”"",5,0,4.44.1,2025-12-03 21:45:02,,,4.44.1";
"6cf3caab-07ef-43e0-b293-2b6dc51edcb8,Djaya Media Channel,https://play-lh.googleusercontent.com/a-/ALV-UjWgImkWJu_14qqtlXtNOb3EMQvnHcj9xKbChruB_85dLTj_QqU,""Tolong dong, aplikasinya lebih ramah lagi dengan penyandang tunanetra. sayang aplikasi ini berat sekali dan terlalu dinamis untuk bisa dibaca aplikasi TalkBack Kami sangat membutuhkan aplikasi ini untuk berbelanja, kalau begini terus kami tidak bisa lagi berbelanja dan ribuan tunanetra di sana tidak bisa lagi berbelanja di alfagift"",1,29,4.45.0,2025-12-15 09:45:51,""Hai, Kak. Terima kasih atas kritik dan sarannya. Kami mengerti kendala yang Kakak alami. Kami akan berupaya meningkatkan aksesibilitas dan performa aplikasi Alfagift agar lebih ramah bagi semua pengguna. 👍^ad"",2025-12-17 08:06:00,4.45.0";
"e597c097-36a1-4874-ac6b-2265b4914470,Dini Royani,https://play-lh.googleusercontent.com/a/ACg8ocIbmaoQv4c_J4tmfcORb_8s5lGaFcjL4hKJqy2OpG8o_0CYWw=mo,""belanja di Alfagift lebih mudah bagi IRT seperti saya , harga murah dan kumplit, orang orang nya pun ramah ramah. Selain bisa beli barang di toko bisa juga beli produk online nya loh tinggal pesen di aplikasi tunggu sampe barang datang ke rumah kita deh dan itu ga lama sekitar 1-2 hari biasanya."",5,5,4.45.0,2025-12-21 22:00:46,,,4.45.0";
"663d97bf-42e0-4d93-b965-624fa3834b3b,Hardiansyah Official,https://play-lh.googleusercontent.com/a-/ALV-UjWkqIZyQ41WAkObM6iVjyOglBm_Qdt1AIPcFQmHIA_1fQlZbCg,""tolong di perbaiki layanan customer care, kalau memang banyak aduan berarti ada yang salah disana. barang tidak ada kejelasan untuk produk online padahal sudah lunas, kadang liat barang di toko masih banyak tapi di aplikasi stok kosong"",2,1,4.45.1,2025-12-26 11:02:13,""Hai, Kak. Terima kasih atas masukan berharga mengenai customer care, kejelasan pesanan, dan perbedaan stok di aplikasi. Kami sangat menyesal atas kendala yang Kakak alami. Tim kami akan segera menindaklanjuti untuk memastikan perbaikan menyeluruh pada sistem dan pelayanan. Kami selalu ingin memberikan yang terbaik untuk Kakak. 😊^Yna"",2025-12-27 03:03:53,4.45.1";
"edaac710-e87a-4443-9116-6f086bf77a70,Suryani Yani,https://play-lh.googleusercontent.com/a/ACg8ocK8L4wCTERxy11N0V7GgQ5H6oHJU7gVAhZmo4VUW3hPwTI44w=mo,""Aku kasih bintang 5 untuk aplikasi Alfagift, karena belanja untung dengan program Harga Spesial di Alfagift. Bagiku, dengan adanya program spesial aku jadi lebih hemat, belanja makin gampang, dan lebih untung •• Harapan ku untuk Alfagift semoga makin banyak promo, makin sering kasih harga spesial, dan aplikasinya makin lancar biar belanja jadi tambah nyaman setiap hari"",5,2,4.44.1,2025-12-04 10:17:15,,,4.44.1";
"d26502e1-1644-4a1c-9501-c58eb0621461,Nazar Kamal,https://play-lh.googleusercontent.com/a-/ALV-UjU4_QOf_q8vuzY1Sn8obRFvdVqRUi2RPCEkcTRtkevkAOthIcvV,""Pengguna setia Alfagift, tapi dengan sistem yg baru aneh. Ga ada opsi 1 jam sampai, dapat toko jauh dari lokasi (beda toko yg biasanya), jam9 malam pesanan belum sampai juga padahal pesan dari jam3."",2,17,4.45.1,2026-01-02 13:52:13,""Hai, Kak. Mohon maaf atas kendala yang Kakak alami. Kami memahami ketidaknyamanan ini. Mohon pastikan kembali lokasi Kakak sudah akurat di aplikasi dan coba perbarui aplikasi Kakak. Jika masih mengalami kendala, mohon bantu kirimkan detail kendala melalui DM ke IG @Alfamart/@Alfagift_idn dengan kode #3209096. Terima kasih😊️ ^rsf"",2026-01-04 11:24:38,4.45.1";
"00e87dea-edbe-4084-80ba-462d8c67f9c1,Ryan Kharisma Putri,https://play-lh.googleusercontent.com/a-/ALV-UjWN4IqOXlObmkBDkcNpMl2fPnYpYZIU359Mjyg13qjL31xbaV88,""Tidak dapat melakukan aktivasi, nomor hp sudah member tapi belum bisa aktivasi. Mau aktivasi malah ditemukan aktivitas mencurigakan. Mau kirim email pengaduan juga form email, no hp, dan nama tidak dapat diisi, jadinya gabisa ngapa-ngapain buat membetulkan dan nyari solusi."",1,3,4.44.1,2025-11-19 02:25:28,""Hi, Kak. Mohon maaf atas ketidaknyamanannya. Mohon infokan screenshot kendala aktibvasi dan detail kendalanya melalui DM Instagram @alfagift_idn dengan memberikan kode #3065809 ya. Kejadian ini akan Shalma jadikan evaluasi untuk menjadi lebih baik lagi. Terima kasih 😊️ ^ad"",2025-11-19 03:00:52,4.44.1";
"a13cef62-41b9-4b30-bda0-ee8c66d319c9,Mega Puspita lestari,https://play-lh.googleusercontent.com/a/ACg8ocIdryytolknXA4H8rN2Cd-_DQeOAK7UQTKiZ85GbEkSVx24_g=mo,""belanja jadi lebih mudah dan praktis. selain gratis ongkir, promonya juga lebih banyak, pengantarannya juga cepat😍😍. solusi andalan saat lagi mager keluar buat jajan atau belanja👍👍"",5,2,4.44.1,2025-11-21 06:56:28,,,4.44.1";
"86d24af7-ca2f-4d61-ad14-9228c3777fa3,Novia Gina Gea,https://play-lh.googleusercontent.com/a-/ALV-UjUwfqEbWLkPcCYF67W4tXVVOwBrycmiI8kXZfv-q0Do_BHzwOg,""saya mau tanya, sekarang kan aplikasi ponta sudah gak ada, saya sudah lama member ponta, mau daftar ke alfagift jadi gak bisa.. sayang banget point saya hangus terus, mau diredem juga gak bisa"",5,1,4.45.1,2025-12-31 13:36:21,,,4.45.1";
"c91fdb97-be7e-459d-aa37-3226ad4734a7,Xinna Kidna,https://play-lh.googleusercontent.com/a-/ALV-UjVe9CKdo9SdeI5tWFgGzAVfepkoSA8G63Xno2c46Pw59XlBulo,""apknya sih ok, belanja juga lengkap tp knp kalau ada promo star lama banget masuknya, contoh itu si biru begitu transaksi selesai poin lngsung cringg instan masuk, kalau di alfa hrs nunggu berjam2 baru star masuk, tolong lah kalau bikin progam promo star system e diperbaiki juga."",5,20,4.45.1,2026-01-09 11:21:04,,,4.45.1";
"234381ce-7e19-429e-94f3-6e6dfa58be22,wilda farida,https://play-lh.googleusercontent.com/a/ACg8ocI6vrgdXVnPfTahKRR_LcvVNIkwNflz4xzA4PM0vyUdnbyV9hE=mo,""aku kasih bintang 5 karena aku sangat suka dengan alfagift. Pertama memudahkan aku dalam berbelanja jadi tidak perlu keluar rumah, banyak promonya, dan gratis ongkir pastinya. Tiap belanja banyak diskonnya, dan bisa tebus murah minuman, makanan, dll. Kemarin beli facial wash pun harganya murah aku dpt harga spesial hanya 12.900 dari 20.900 semoga alfagift makin sukses, menjangkau pelosok negeri, dan selalu gratis ongkir 😊"",5,1,4.44.1,2025-12-03 03:34:58,,,4.44.1";
"5f60f5ab-5c7d-462d-9824-1989829eb24e,Husna Rahmazani,https://play-lh.googleusercontent.com/a-/ALV-UjUeKhf5HSoQfsjvlbRGwmbRdphsRs37XhQw2h1lu8mA1i13Ju6q,""aplikasi alfagift sangat membantu memudahkan kita dalam melihat harga,bahkan bisa berbelanja di aplikasi tanpa harus langsung ke toko, dengan aplikasi alfagift semua serba mudah dan cepat"",5,0,4.44.1,2025-11-21 00:09:40,,,4.44.1";
"d56094b5-ac11-4238-b293-3fb817e7b2fc,M saroji Jang jaya,https://play-lh.googleusercontent.com/a/ACg8ocKqt_N259z9k64ynl2JXP7FRw4Zarb43xmtiwDDXLgMnwDK_w=mo,""keren bgt aplikasinya, promonya selalu update, ngumpulin koin juga gampang banget.belanja jadi lebih simpel,tinggal cek aplikasinya,bayar, selesai.pokoknya ngebantu bgt deh untuk kebutuhan sehari hari"""""",5,1,4.44.1,2025-11-25 07:24:06,,,4.44.1";
"417a8080-0e90-4995-b0db-a499342f32ba,Sahudi,https://play-lh.googleusercontent.com/a-/ALV-UjWzktZg2VAxAZQLzeMuanTA7rHaqOZqZJtWeO0WhMSHWI0jR9kf,""Bagus banget, Aplikasinya makin gendut, fitur tampilan promo makin banyak, langkah pembelian dari masukan item sampai pembayaran banyakan step, tampilan promo dimana-mana, tiap klik ada saja keluar promo, tiap buka aplikasi langsung pop up promo, cari barang langsung keluar Promo, masukin ke keranjang langsung keluar Promo, checkout masih ada promo, pilih pembayaran keluar promo, mau finish Transaksi keluar lagi promo. Mantul"",5,2,4.44.1,2025-11-27 03:07:29,,,4.44.1";
"549d768a-b692-452e-b287-0f616213feb2,Luqman karima,https://play-lh.googleusercontent.com/a-/ALV-UjVeko_Dg8WW4rcswkYztAGg-kKzU5vvtyEGdetltRyaLymkqdjYgA,""Aplikasinya keren! Promo banyak, poinnya jelas, belanja juga gampang dan pengirimannya cepet. Tampilan simpel dan nggak bikin ribet. Semoga makin banyak promo menarik ya. Makasih Alfagift!"",5,1,4.44.1,2025-11-24 13:37:56,,,4.44.1";
"bb7008d0-7068-48bf-b928-a40d3b452316,Habil Padilah,https://play-lh.googleusercontent.com/a-/ALV-UjUa6-bmzjowZGKO3WrkbtF1gu5ovae_cziBhN7RNxUdDxC3V9T3,""Suka banget sama Alfagift! Harga jelas, promo tiap hari, dan barang selalu lengkap. Pengiriman cepat, driver-nya juga ramah. Bikin belanja jadi hemat dan gampang"",5,0,4.44.1,2025-11-24 04:01:16,,,4.44.1";
"56d45729-edf6-466f-9b84-5d185dc2cc40,Mira,https://play-lh.googleusercontent.com/a-/ALV-UjWmM70qSEMhuO-Hd3raWOfPTdjtltcLOe6KtZkpmXAQjW0x3El9,""Belanja lewat alfagift emang dpt hrga promo yg murah tp ternyata produknya udh expired, untung pick up ditoko jd bsa langsung komplain. Akhirnya ditukar produk yg sesuai harga, tapi jadinya ngga sesuai kebutuhan karna biasa pakai pasta gigi pepsodent sensitive expert treatment, malah dapet penggantian nya yg pepsodent whitening biasa. Tolong disurvey dulu, kalo ada produk mahal tp susah laku, tolong diperhatikan apakah expired date nya masih aman, jgn diturunin jadi murah tp trnyata udh expired."",2,4,4.44.0,2025-11-17 07:23:32,""Hai, Kak. Mohon maaf atas kendala produk yang diterima ternyata sudah kedaluwarsa 🙏 Terima kasih sudah mengingatkan. Mohon bantu DM @Alfamart / @Alfagift_idn foto produk & tanggal expired, detail pesanan, serta nomor member dengan kode #3059205 agar bisa kami cek dan tindaklanjuti ke toko terkait. Terima kasih atas masukannya, Kak 💙 ^Raf"",2025-11-17 10:24:34,4.44.0";
"41ebb4e4-66dd-4f75-b702-e5b4129efb94,De Ri,https://play-lh.googleusercontent.com/a/ACg8ocI0oI62tzdA3gyT_s7mepB4nm6Ix3eJoETsZnKb0ld7rRKLWw=mo,""Kereeen banget aku baru aja berbelanja di Alfagift ! 🛍️ Aku pakai program tebus point buat dapetin diskon, jadi hemat banget 💸. Aku beli beberapa barang kebutuhan sehari-hari, kayak sabun, shampoo, dan snack favorit aku 🤤. Total belanjaan aku sekitar 200 ribu,bisa dpt poin 😍. Seru banget! 😆 Aku juga bisa ikutan tebus point 🎁 untuk dapetin hadiah menarik. Alfagift emang the best 👍.Semoga Alfagift jaya selalu,menjadi kesayangan para pelanggan nya, sukses dan terus berkembang."",5,5,4.45.1,2025-12-31 01:06:32,,,4.45.1";
"3aa258f6-52cb-472f-81a6-98aca08d462d,Wawan Alfarizi,https://play-lh.googleusercontent.com/a-/ALV-UjWgCJ_sNqQJ8bpNlQUy12Uq3ivzIq3cjkyqAqSMksfcaRvYThoL,""Belanja di alfagift sudah banyak kemajuan, sudah bisa belanja langsung dan gratis ongkir , dapat poin dan cashback juga dan bisa belanja apa aja. Alfagift emang luar biasa."",5,0,4.44.1,2025-11-24 12:25:21,,,4.44.1";
"17077f32-a44c-4c2b-ad5b-f34abddf6416,Hendri Hendri,https://play-lh.googleusercontent.com/a/ACg8ocLBlEAk407WQkI5McgxDEQWBJvQWEF_V8oOj6JCBOnVGpePoQ=mo,""Dengan ada nya aplikasi ini sangat membantu saya dalam membeli sesuatu, pesanan selalu di anter tepat waktu, kurir nya juga baik dan ramah yang pasti Gratis Ongkir, dan juga banyak promo nya, saya tiap hari selalu belanja lewat aplikasi 😊"",5,1,4.44.1,2025-11-25 08:00:34,,,4.44.1";
"1ad2acd8-3c44-46d6-903e-0b70f0e215c0,Hardi Julianto,https://play-lh.googleusercontent.com/a/ACg8ocLqxXqvqIN5iOK9_Ji1PPSyA9WszMpKPIEsXLCS4O0c1BdEJw=mo,""aplikasinya bagus, jadi kita bisa melihat barang barang yg promo di alfamart tanpa langsung datang ketokonya dan juga aplikasinya sangat membantu saya sebagai konsumen dikarenakan ada fitur antar barang pesanan langsung kerumah tanpa ongkirrr terimakasih alfagift, terus berikan yang terbaik untuk konsumen alfamart ✨️✨️"",5,1,4.44.1,2025-11-17 02:48:08,""Hai Sahabat, terima kasih telah memberikan penilaian dan ulasan yang positif ya. Shalma senang sekali Kamu merasakan manfaat dari setiap program di Alfamart, ikuti terus media sosial Alfamart untuk mendapatkan informasi terbaru ya. :) ^-FJ"",2022-04-26 09:24:30,4.44.1";
"981a8b27-8120-415e-9682-d516bbe22944,Anggit Permana,https://play-lh.googleusercontent.com/a-/ALV-UjWpCkpVfhB2RfzkIH5_meQJA2EVycVj9-XW3nsEA2B7tnDGpQLK,""Aplikasinya sangat membantu! Belanja jadi lebih mudah dan banyak promo menarik. Pengiriman cepat, barang selalu sesuai pesanan. Alfagift benar-benar memudahkan kebutuhan sehari-hari. Terima kasih!"",5,1,4.44.1,2025-11-24 05:28:28,,,4.44.1";
"71235802-d595-49a1-aeeb-ab6704f6f17d,Linawaty Caisar,https://play-lh.googleusercontent.com/a/ACg8ocL0QxEHeniFaS4hDykm2qIflRjgGJZfn_6mS--UW_F9atwbuQ=mo,""sejak 12 Oktober 2020 aku sudah langganan menggunakan Alfagift, paling senang dengan adanya Promo JSM dan banyak bonusnya 😄. Tapi tidak semua toko Alfamart yang ada pelayanan pesan antar di daerahku, it's OK, dan aku lebih suka ambil di toko karena suka di beri bocoran dengan promo yang akan datang, jadi lebih hemat dan bisa stock kebutuhan sehari-hari 😄🫰, dan aku suka dapat tambahan A-Poin, Alfa star, Stamp dan voucher yang masuk di Aplikasi Alfagift ku 😘 Semoga semakin sukses 🙏☺️🫰"",5,1,4.45.1,2025-12-30 23:20:15,,,4.45.1";
"19715cfc-5f00-4aa6-b7d5-2d8f8abc7cf3,Nanika Alluka,https://play-lh.googleusercontent.com/a-/ALV-UjXR9YhXGofe_FCiqhuyekzJXCLuqrJYpIcA9A1z8TZk7LTJTKau,""nganternya lama, dan ngga jelas perjalanan kurirnya. beda dulu ada estimasi mau dikirim kapan, skrng boro. tau gtu pake apk yg lain belanja tmpt lain drpd nunggu2 taunya dikirim besok. ngga guna betul 😂 dan kalian semua harus lihat rating maps di Alfamart MANDALA 37 BAD RATING WOI !!!"",1,6,4.45.1,2026-01-03 16:15:06,""Hai, Kak. Kami mohon maaf atas ketidaknyamanan pengiriman yang lama dan kurangnya informasi estimasi. Terkait kendala yang dialami, kami akan segera meneruskan masukan Kakak agar dapat ditindaklanjuti. Kami terus berupaya meningkatkan layanan pengiriman dan informasi agar pengalaman belanja Kakak lebih baik. 🙏^rsf"",2026-01-05 06:37:17,4.45.1";
"caaa7e7f-04cc-4602-9f20-8806592a0b4a,My Account,https://play-lh.googleusercontent.com/a/ACg8ocJgUVIXb-54AUkiCuD6oaRWfnXCVqVQ0Y_jdrKJnYWR49BbIg=mo,""KECEWA,sudah sering belanja,hampir setiap hari malah dan sudah jadi member sejak September 2022 ,eh akun keluar sendiri.masuk kembali dngn password yg sudah benar malah tidak bisa.paksa ganti password,bisa masuk lagi tapi turun level jadi newbie.padahal sudah JD besti.apa ini yg namanya Besti???tidak konsisten,Sangat MENGECEWAKAN😥😥😥"",1,3,4.45.0,2025-12-26 22:30:41,""Hi, Kak. Mohon maaf atas ketidaknyamanannya. Mohon kirimkan screenshot kendala Log in Alfagift Kakak melalui DM Instagram @alfagift_idn dengan memberikan kode #3185944 agar dapat Shalma bantu cek ya. Terima kasih 😊️ ^ad"",2025-12-27 11:15:54,4.45.0";
"67981f60-e567-47ad-a86a-bf599e7b119d,Nessa Laynora Suci,https://play-lh.googleusercontent.com/a-/ALV-UjX9VwWVPu2yhKHt-rO0SrxIK-XdIVvR-eTgheiIzXARZ_Zi0U0,""Aku kasih bintang 5 untuk aplikasi Alfagift , karena belanja untung dengan program member fair di Alfagift . Aku suka bangget belanja tebus murah banyak produk produk yg murah dan BKIN kantong hemat bangget dan ga BKIN kantong jebol dan pastinya belanja dirumah bisa Aman tidak perlu repot barang habis . Tinggal klik langsung diantar tepat waktu . Itu yang BKIN aku suka belanja di Alfagift dan ga repot repot harus keluar rumah . Semoga Alfagift selalu memberikan promo promo yg menarik."",5,2,4.44.1,2025-12-02 10:29:41,,,4.44.1";
"31aca65c-1415-43ee-b3d9-594e4daa7db3,lutfi fathoni,https://play-lh.googleusercontent.com/a-/ALV-UjVjYu4fiQwP4FOweVKNIVkHDgazodnqnE0tdhE9bw7VoxUxfLAq,""pesan lewat aplikasi ada tapi gak bisa milih series klo 1barang banyak serinya, liat stok di aplikasi ada walapun random gak masalah tp pas di datangin ke tempat bilangnya kosong gak sesuai stok di aplikasi 👍"",4,3,4.44.1,2025-11-17 06:09:29,,,4.44.1";
"a6db5053-3eab-46f5-a4ae-4ff7372d19e9,21O200OO5_Kamelia Tamara Matondang,https://play-lh.googleusercontent.com/a-/ALV-UjVj2clwy3nrhMUkUSkh1S34D1gaeh3e3rfFWwzWSsfo9JCDY-KK,""dulu suka sama aplikasi ini. tapi baru aja kejadian dimana alfamartnya chat untuk pembatalan tanpa menjelaskan gmn pengembalian dana. Saya tanya bagaimana caranya pengembalian dana, karena bru prtama kali pesanan saya di tolak di alfamart. udh 1 jam lebih ga ada dibaca dan dijawab. menurutku pihak alfamart sama sekali ga ada profesionalnya. main lepas tanggung jawab. aku bisa terima alasan pesanan ditolak, tapi setidaknya jawab chat saya untuk pengembalian dana bagaimana caranya."",1,6,4.45.1,2026-01-01 12:27:05,""Hai Kak, mohon maaf atas ketidaknyamanan yang dialami. Terkait dengan kendala yang Kakak alami, pastikan nomor HP adalah nomor aktif dan terdaftar di aplikasi Alfagift. Jika masih mengalami kendala mohon bantu kirimkan detailnya melalui DM ke IG @Alfamart/@Alfagift_idn atau pusat bantuan Alfagift dengan kode #3205608. Terima kasih😊 ^raf"",2026-01-04 01:50:18,4.45.1";
"b21b0c52-9637-4e02-bb5a-e146f206788e,arini widiharti,https://play-lh.googleusercontent.com/a-/ALV-UjWiAMLguauu1IrhdoDyf3L2pSI0G-IJ-woYeqcu68jHX0DErO4,""Semenjak kenal aplikasi Alfagift belanja jadi semakin mudah. Pertama kali nyoba order dengan nominal sedikit, ternyata langsung diantar hari itu juga dan tanpa ongkir. Wah disitulah saya jadi ketagihan belanja di Alfagift, apalagi banyak promonya, salah satunya promo tebus murah. Pembayarannya pun mudah, bisa COD juga. Cocok bagi tim mageran gak perlu repot repot ke outlet, cukup dengan satu aplikasi barang yang kita butuhkan sudah sampai depan pintu rumah. #AlfagiftGratisOngkir"",5,15,4.45.1,2025-12-30 00:43:36,,,4.45.1";
"004ba71b-52de-4fbe-b5c5-a040f920e72d,Rohani Nurhasanah,https://play-lh.googleusercontent.com/a-/ALV-UjXx2w-s6UNe65dCI4HtVqi0xZcAUx2OjvKl18Vjyy6VH4qx_WA,""kesel bngt baru pertama kali dwonload dan pesen dan langsung dibikin kecewa,, harus nya kalau ada kendala itu langsung gercep kabarin costumer nya jangan sampai nunggu berjam-jam..... karena aku pikir belanja disini itu ga ribet, instan malah bikin nunggu dan tambah menghambat aktivitas saya..."",3,4,4.44.1,2025-12-01 14:47:01,""Hai, Kak. Kami selalu berusaha melakukan peningkatan kualitas layanan dan kepuasan pelanggan hingga layanan kami menjadi lebih baik dari sebelumnya. Soal kendala pengiriman pesanan Alfagift, silakan hubungi kami melalui DM ke IG @Alfamart, @Alfagift_idn atau pusat bantuan aplikasi Alfagift dengan melampirkan kode #3111099. Terima kasih ^rd"",2025-12-02 00:52:36,4.44.1";
"2c9cc0fc-a8b6-459b-9b6d-9674e765f672,Rendy Anugrah,https://play-lh.googleusercontent.com/a/ACg8ocJ-R9nzdkLHyG8LYQrSG-yRSyThQ1-BXtVunAHG4TsTOB-tjf8=mo,""aplikasi sangat membantu dan bermanfaat untuk semua, serta memberikan berbelanja yang mudah, serta banyak promo, barang lengkap, pengiriman cepat, belanja gratis ongkir pastinya di alfagift, jangan lupa di alfagift semua Terimakasih"",5,2,4.44.1,2025-11-19 04:45:08,,,4.44.1";
"17d1e517-30ae-42cb-8bd8-9d06818f0368,arif rahman,https://play-lh.googleusercontent.com/a-/ALV-UjX3-fi2cI7fig3ZBNVcwyehb-AFTIcLKYNrUOLxpWpAtzmYvA4,""Awalnya nyaman berbelanja online melalui alfagift,, namun semenjak ada fitur pengembalian dana jika pesanan tidak sesuai maka pihak toko yang sewenang-wenang cancel pesanan dengan sepihak. padahal pembayaran sudah dilakukan dengan cash melalui payment. ini membuat konsumen tidak nyaman."",1,27,4.44.0,2025-11-11 14:42:17,""Hai, Kak. Mohon maaf atas kendala pesanan yang dibatalkan sepihak oleh toko 🙏 Mohon bantu lampirkan nomor pesanan dan kode #3042835 melalui DM IG @Alfamart / @Alfagift_idn atau pusat bantuan Alfagift agar dapat kami bantu cek dan tindak lanjuti lebih lanjut ya, Kak. Terima kasih ^Raf"",2025-11-12 03:33:32,4.44.0";
"03a213f1-4ffe-47b9-8cba-8b6175f42514,Shintia,https://play-lh.googleusercontent.com/a-/ALV-UjVrQmABHAQrB8BE_eTqWF3IGDmKBSovwryE4Yxa-YBJHD_Qeqie,""sebenarnya aplikasi alfagift ini sangat bagus ,memudahkan dalam belanja tapi sekarang agak kecewa karena dari akhir november sampai dengan sekarang tidak bisa pesan pakai delivery, l alasannya alamat tidak tercover , padahal sudah biasa pakai delivery , mohon dibantu solusinya 🙏🙏"",3,0,4.45.1,2025-12-29 09:46:48,""Hai, Kak. Maaf banget ya. Soal kendala tersebut Shalma sarankan untuk coba berkala dahulu ya, Kak. Khawatir sedang ada pengembangan fitur SAPA di lokasi terdekat Kakak yang bersifat sementara ya. Terima kasih. ^rd"",2025-12-30 01:07:51,4.45.1";
"2ecef6d8-83b2-464a-8dee-771cd47702b8,Sitisuci Rahmawati,https://play-lh.googleusercontent.com/a-/ALV-UjXtN4K4mgwwtwpAPHwZ2YFbdxCL6yAPw-TjTZHEozDwKVrNOA1a,""alfagift sangat mempermudah saya,banyak promo promo yang menariknya juga,Selain bisa beli produk Alfamart, saya juga suka karena ada produk eksklusif yang hanya ada di aplikasi Alfagift."",5,2,4.44.1,2025-11-19 03:59:24,,,4.44.1";
"b9d1b141-e4be-44d1-92a7-f5aa5da9450a,Indah Khairani,https://play-lh.googleusercontent.com/a-/ALV-UjWDPVBp8bR59y79SPJ8P9DXezzDkDvucS0FCFcyi9KSNw-c1bBA,""Alfa Gift aplikasi yg sangat membantu! Dengan banyak promo menarik, pengiriman cepat, dan pelayanan yang baik, pengalaman belanja jadi lebih menyenangkan dan hemat. Pokoknya rekomended banget!🔥"",5,2,4.44.1,2025-11-21 04:44:00,,,4.44.1";
"2e2ae008-7a64-416e-807d-8bddf1d7b928,Kolifa Aprillia,https://play-lh.googleusercontent.com/a-/ALV-UjVoxoVX3whn1wtXqh_QGqPJmr68ATRf2ocplVGO2z2vP_f8C6Wv,pengiriman lama bahkan tidak diproses padahal tercatat maks 1 jam setelah pembayaran ini hampir 2 jam dan tidak ada info sama.sekali...ajukan pengembalian juga tidak segera diproses ...,1,0,4.44.1,2025-12-19 04:55:49,""Hai, Kak. Kami selalu berusaha melakukan peningkatan kualitas layanan dan kepuasan pelanggan hingga layanan kami menjadi lebih baik dari sebelumnya. Soal kendala pengiriman pesanan Alfagift, silakan hubungi kami melalui DM ke IG @Alfamart, @Alfagift_idn atau pusat bantuan aplikasi Alfagift dengan melampirkan kode #3166502. Terima kasih ^rd"",2025-12-19 11:43:23,4.44.1";
"58e16300-1231-456f-b9eb-da6e086e5159,Karmin M,https://play-lh.googleusercontent.com/a-/ALV-UjUJdT5mxZ3VJuigC6NkOkVx27V6OR_W-zYsUQJXcy22Yr5eYw0k,""belanja di alfagift lebih mudah dan terjangkau, fitur² aplikasinya bermanfaat di gunakan di toko maupun di aplikasi. selain mempermudah dan bagus², alfagift juga memberikan tiap hari voucher diskon bagus deh pokok nya, makin nyaman deh belanja di alfagift atau ditoko karena voucher alfagift nya berlimpah dan uang gk gampang habis dan uang nya bisa deh dipake belanja tiap hari nya🫶🏻😍. (tolong yah mimin voucher ny di banyakin lagi🤫🤭)"",5,1,4.44.1,2025-11-19 04:27:06,,,4.44.1";
"8a27e48b-c8d1-4023-831a-03c17e913859,Bazta Rezky,https://play-lh.googleusercontent.com/a-/ALV-UjV0V114KhWlpaJPlhMJMWQdkPW79LP2XZDDq_3pgI7tQ2LT3uU,aplikasi cacat. sudah order tapi tokonya menolak dengan alasan kejauhan. padahal aplikasi yg menentukan tokonya. di dekat rumah ada Alfamart tapi aplikasi sendiri yg pilih toko yg jauh. lalu secara sepihak aplikasi saya dibuat mengajuan pembatalan seolah2 saya yang mengajukan batal. sungguh diluar Nurul.,1,6,4.45.0,2025-12-20 05:24:20,""Hai, Kak. Kami selalu berusaha melakukan peningkatan kualitas layanan dan kepuasan pelanggan hingga layanan kami menjadi lebih baik dari sebelumnya.Soal kendala pembatalan pesanan Alfagift, silakan hubungi kami melalui DM ke IG @Alfamart, @Alfagift_idn atau pusat bantuan aplikasi Alfagift dengan melampirkan kode #3168470. Terima kasih ^rd"",2025-12-20 09:55:05,4.45.0";
0a0cc103-1660-44eb-8012-218fe0655c76,reza aditya,https://play-lh.googleusercontent.com/a/ACg8ocK9PHHM2GGMh0KH0hV_UqnTXVZYwSZfLGpnATDZFnCb35112Q=mo,Aplikasi alfa gift memberikan banyak keuntungan dan kemudahan bagi pengguna yang sering berbelanja atau yang ingin mendapatkan lebih banyak nilai dari pembelian mereka.Aplikasinya sangat bagus dan bermanfaat,5,0,4.44.1,2025-11-19 13:24:04,,,4.44.1;
"50502a3b-bddc-4ced-b514-28fb45e170d2,Indah Antie,https://play-lh.googleusercontent.com/a/ACg8ocJ7ET8pBzBBcy6GE8JEDSyiSDn-K4C43idR5nloM9BrYKVvLw=mo,""Aku kasih bintang 5 untuk aplikasi Alfagift, karena belanja untung dengan program Harga Spesial, Gratis Produk di Alfagift. Senang banget karena kemarin saya beli Kecap di aplikasi Alfagift dapat Promo Harga Spesial, Murah banget dari dari harga biasanya. Saya juga beli Deterjen Cair di Alfagift dapat Promo Gratis Produk, jadi beli 1 gratis 1 deh. Harapan saya untuk Alfagift, semoga Alfagift semakin sukses, juga semakin di tambah lagi promo-promo nya Supaya Bebas belanja untung terus kedepannya"",5,0,4.44.1,2025-12-17 13:18:15,,,4.44.1";
"77f70383-e517-4da3-bbcb-6f7770b56fdd,Romi Rusdiana,https://play-lh.googleusercontent.com/a/ACg8ocJs1tza2ML_B6LD61-Z-kHAxFU1yLk8RaGFSxhpm20BpiyHcQ=mo,""aplikasinya sangat membantu dan banyak diskonnya , sekarang belanja ngk ribet lagi soalnya udah ada aplikasi alfagift, pokoknya terbaik lah aplikasinya, semakin maju lah buat alfagift"",5,3,4.44.1,2025-11-17 06:27:50,,,4.44.1";
"f920d3a3-c869-4411-9e6e-0685adc5263f,Rifqi Anshari,https://play-lh.googleusercontent.com/a/ACg8ocLzXzBt8HmI_JHGaltcPqyN2boJejqmrLK5Tg5hXAbN2y1DjQ=mo,""Aplikasi yang sangat membantu kebutuhan dirumah tanpa harus keluar rumah, dan pada saat sibuk pada saat kerja diluar jadi keperluan untuk dirumah langsung sat set diantar oleh karyawannya sangat membantu sekali , tq alfagift you the best."",5,1,4.44.1,2025-11-21 12:30:30,,,4.44.1";
"32228be5-48e1-46c2-a4a4-80930fd7d419,Aly Bin Soeparto,https://play-lh.googleusercontent.com/a-/ALV-UjUTzcmXbJebLfS3TdZn3JNvZB5Rqcw0d-PKFC1ubpZ5B6zyMrc,""bisa gak kasih pilihan retail e dulu yang terdekat kalo pesan antar? kalo nyangkut yang jauh kasian yang nganterin, waktu nunggune juga lama jadinya. sama apk ne jadi agak lemot sekarang."",1,2,4.45.1,2026-01-03 13:23:19,""Hai, Kak. Terima kasih atas masukan berharga mengenai pilihan retail terdekat untuk pesan antar dan keluhan performa aplikasi Alfagift yang lemot. Kami akan sampaikan hal ini ke tim terkait sebagai bahan evaluasi dan pengembangan agar pengalaman Kakak semakin nyaman. Mohon maaf atas ketidaknyamanannya. 🙏^rsf"",2026-01-05 06:43:09,4.45.1";
"d1badf2b-c4f8-4924-8d52-21c1d0fc2e9e,Novia Fenofa,https://play-lh.googleusercontent.com/a-/ALV-UjU_DryOQGBytFX6pP61J4dbNlHsEtfKk8xPzlohn_-FOgBsAVh6,""ga ada baiknya nih aplikasi, dari pertama kalo pesan barang, dikasihnya barang yang jelek. pernah dikasih tissue baby yg robek, auto berdebu itu tissue. komplain langsung ke store, langsung diganti. begitu pula beli susu ultra mimi dan Indomie goreng. dikasih nya yg kotak nya penyok dan mie nya udah banyak remahan ancur nya. komplain lewat aplikasi ditukar dengan yg lebih bagus. tp kok begitu mulu. sampai harus diingatkan dichat kasih yg bagus. blm selesai skr pengiriman amburadul jadi lama bgt."",1,3,4.45.0,2025-12-18 13:52:47,""Hai, Kak. Mohon maaf untuk kendala yang dialami. Mohon dibantu DM IG Alfamart untuk Shalma bantu pengecekan dan tindaklanjut kembali ya, Kak.^Yna"",2025-12-19 10:22:02,4.45.0";
"7f18c41b-f09e-4608-b661-d80545571ebd,Putrii Wulan Lestari Parhusip,https://play-lh.googleusercontent.com/a-/ALV-UjWKF1IlxYIVjQk6lWy6P9SALNgyQ66gCKsb5JeoBHPTJoo637PO,""aplikasinya sangat membantu untuk cari barang yg kita mau, prosesnya mudah, cepat dan banyak promo juga. selain itu, ada fitur tukar poin jadi lebih semangat buat belanja di Alfamart."",5,2,4.44.1,2025-11-21 02:59:36,,,4.44.1";
"b53b468a-c780-44f9-9e39-39568a9ff57e,Pramita Sely Agustian,https://play-lh.googleusercontent.com/a-/ALV-UjVqqm5R9PuZQwPlSSYGfdQWUezneRPupAcIAKUbpPPFIqSppCFZzQ,""Aku kasih semua bintang untuk aplikasi alfagift,karena kelewat untungnya dengan program harga special,cashback,potongan langsung,gratis produk,dan misinya.alfagift suka tiba tiba bagi voucher gratis produk dan voucher potongan harga jadi makin untung deh.tanggal yg saya tunggu tunggu itu 1,16 dan double date.karena alfagift promonya besar besaran jadi saya takut kehabisan stok jika lewat di tanggal itu.selain itu promo tebus murahnya juga bikin hemat max.terus bikin misi misi serunya ya alfagift"",5,1,4.44.1,2025-12-14 12:28:54,,,4.44.1";
"76e0631e-eb32-47b5-90c4-6311c9b791f1,Muhson Husin,https://play-lh.googleusercontent.com/a-/ALV-UjUxSP4c0hyXCLTC9r009r1ERQUFQhTD5F-931CrU4KHpvW7lvph,""Semua Pasti Dapat.... Aplikasi ini sangat membantu kita agar bisa mendapatkan berbagai keuntungan berbelanja di Alfamart Aplikasi Alfagift makin lengkap dan mudah, sangat membantu konsumen dalam berbelanja, apalagi belanja onlinenya bebas ongkir tanpa minimal belanja. Alfamart the Best 👍 Alfamart makin dihati 💖"",5,4,4.44.1,2025-11-17 05:01:04,""Terima kasih atas ulasan baiknya, Sahabat :)"",2019-08-08 07:57:07,4.44.1";
"4aa9c488-bd30-42fd-8724-7187ec0225d4,Muhammad Faisal,https://play-lh.googleusercontent.com/a-/ALV-UjVikQMEF3eznkjZ4bwMnWzwPLATCxV1AzYmG8UlXmz_SfFLgBjU,""Aplikasi Alfagift ini andalan banget kalau mau stok barang. Bisa diambil dari toko terdekat, jadi pengirimannya instan. Selain itu, banyak produk lengkap dengan harga menarik 🤗"",5,2,4.44.1,2025-11-21 10:59:22,,,4.44.1";
"056db984-9994-4537-941b-c0120fc52cd1,Nabilla Agatha,https://play-lh.googleusercontent.com/a/ACg8ocIbIgmWrY7H0eYa3N2HUWgKROn4qTwYUnECyGu_VI40vO-vWg=mo,""Alfamart timbangan Indralaya sumsel ngaret bangett minta ampun, pesan dari jam 5 belum dikirim-kirim sampe jam 10 MALAM. alasannya numpuk, lah? jadi dalam waktu 5 jam it ngapain aja? emg numpuk orderan salah saya? pesen galon kirain datengnya bkl cepet, mana pintu kos udah dikunci. baru pertama kali order alfagift tapi udah kecewa parah. bintang 0 sih."",1,1,4.45.1,2026-01-10 14:56:46,""Hai, Kak Nabilla Agatha. Maaf banget atas kendala yang terjadi. Jika produk pesanan belum diterima, Kakak dapat menghubungi Shalma melalui DM Instagram Alfagift dengan melampirkan kode #3231693 agar dibantu pengiriman produk pesanannya lebih cepat. Kejadian ini akan Shalma jadikan evaluasi untuk lebih baik lagi. Terima kasih :) ^kip"",2026-01-11 01:18:47,4.45.1";
8b88e417-0609-4e02-928b-a1564e2673ee,Harry Setiawan,https://play-lh.googleusercontent.com/a/ACg8ocKePvJtHFGZHLZnXj1ClyjcYgSocvzV-6TFWNgbsvcxpIV6pA=mo,Masukkan aja alangkah baiknya aplikasi Alfa gift ditambahi fitur barang favorit (seperti di aplikasi market place). Jadi kalo ada yang memfavoritkan barang bisa disimpan di situ. Karena bisa jadi barang yang difavoritkan itu jadi dibeli.,5,5,4.45.1,2025-12-30 02:44:42,,,4.45.1;
"4f12a8db-2b81-419b-ba49-7e51141dcd9b,Erwin Utama Putra,https://play-lh.googleusercontent.com/a-/ALV-UjUsputVyueBjtG8FaDnqDF3_N-jcFMLW_kfRtmwek-hA2T3LKfauQ,""Lengkapnya kebangetan! Saya bisa menemukan berbagai macam deterjen, kopi favorit, sampai popok bayi dalam satu kali checkout. Benar-benar toko dalam genggaman. Antarmukanya ramah pengguna. Diskon Gila, Kalau cari promo terbaik, ya di sini tempatnya. Selalu ada kejutan cashback atau pot harga yang bikin kaget. Dan pengiriman gratis. The best shopping app! 👍 Sekarang, belanja bulanan yang tadinya menghabiskan waktu 3 jam di supermarket, selesai dalam 15 menit sambil rebahan. tks Alfagift🔥"",5,2,4.44.1,2025-11-17 06:01:03,""Wah. Terima kasih atas review baiknya Sahabat.";
"Jangan lupa ajak juga Keluarga, teman terdekat untuk Download serta berbelanja juga melalui aplikasi #Alfagift ya. ^-FJ"",2022-03-22 01:18:02,4.44.1";
"3284c89d-1159-4cb2-b1fb-c5ea6e3d0657,telssa,https://play-lh.googleusercontent.com/a/ACg8ocKgHGW8HqcVf_nvoaeSDXtu1UUZVwvB50xYzFrxIggLK7QCUA=mo,""layanan pengantaran lama bgt jdi lucu, ada fitur pengiriman 1 jam setelah melakukan pembayaran eh tapi pengiriman Berjam"""", klo kyk gitu gaush ada fitur pengiriman setelah melakukan pembayaran ga konsisten bgt sm fiturnya"",1,5,4.45.1,2025-12-27 12:14:15,""Hai, Kak. Kami selalu berusaha melakukan peningkatan kualitas layanan dan kepuasan pelanggan hingga layanan kami menjadi lebih baik dari sebelumnya. Soal kendala pengiriman pesanan Alfagift, silakan hubungi kami melalui DM ke IG @Alfamart, @Alfagift_idn atau pusat bantuan aplikasi Alfagift dengan melampirkan kode #3188347. Terima kasih ^rd"",2025-12-29 03:02:56,4.45.1";
"a1914a79-714f-4d8c-a721-13865ab93a83,ardi yanto,https://play-lh.googleusercontent.com/a-/ALV-UjWdyTBtJ7kBBEFG7FbLN5KjeHCqds3bQyDcM6KkiB-6NbZRETd8,bagaimana mau belanja baru di daftar langsung tidak bisa di pakai padahal poin saya ada dan tiba tiba Nomor tidak bisa di gunakan da saya sudah lapor ke call center Alfamart tapi di putar balikkan ke email dan sama saja tidak bisa di gunakan sama sekali sangat kecewa,1,1,4.45.0,2025-12-23 06:51:26,""Hai, Kak Ardi. Maaf banget atas kendala yang terjadi. Jika masih terjadi kendala, Kakak dapat menghubungi Shalma melalui DM Instagram Alfagift dengan melampirkan kode #3177088 agar dibantu pengecekan. Kejadian ini akan Shalma jadikan evaluasi untuk lebih baik lagi. Terima kasih :) ^ds"",2025-12-23 08:32:29,4.45.0";
"8735ee7d-fdd3-4f19-ae84-ed91ab708d3c,Naura Salwa,https://play-lh.googleusercontent.com/a/ACg8ocIxncLxdFm1h_hsq84m6HoKRNXSeao5zly_gYB9_2z6x0C3yA=mo,pengiriman lama sekali padahal diaplikasi estimasi max 1 jam tapi nyatanya hampir 4 jam. tolong ditambah lah kurir antar nya yg order banyak tapi kurirnya ga ada gimana??!!,1,0,4.45.0,2025-12-27 12:42:47,""Hai, Kak. Kami selalu berusaha melakukan peningkatan kualitas layanan dan kepuasan pelanggan hingga layanan kami menjadi lebih baik dari sebelumnya. Soal kendala pengiriman pesanan Alfagift, silakan hubungi kami melalui DM ke IG @Alfamart, @Alfagift_idn atau pusat bantuan aplikasi Alfagift dengan melampirkan kode #3188415. Terima kasih ^rd"",2025-12-29 02:56:28,4.45.0";
"05c01b75-3391-4edd-8b64-d0db918b03ce,Iqbal Riza Firmansyah,https://play-lh.googleusercontent.com/a-/ALV-UjVS0yXoKNKlKNRFdD_UPRfLOrv-Cgi1cBi4_shbv1FtoXmctHgs,""Enak bgt kalo lagi hujan gabisa ke alfa tinggal klik klik klik dateng hahah, mudah mudahan dipertahanin gratis ongkir tanpa minimal pembelian nya, karena itu senjata mematikan Alfa bikin customer makin nyaman belanja, banyakin lagi promo nya yaaaa"",5,4,4.44.1,2025-12-01 01:38:43,,,4.44.1";
"0ed51e0e-83f6-429b-b931-f4b96494cc60,WRD Kifly,https://play-lh.googleusercontent.com/a/ACg8ocJffJ9L4b__zcoKwFDNVKgbod7ddDBKueiE7cbGsSrd52yruQ=mo,""keren bangett aplikasinya! promo selalu update, ngumpulin poin jga gampang bangett, belanja jadi lebih simpel tinggal cek aplikasi,bayar, selesai mantapp."",5,2,4.44.1,2025-11-19 00:52:46,,,4.44.1";
"2ac2c00e-9d14-4dd2-a480-ef0c5cd1f744,Ama Simanjuntak,https://play-lh.googleusercontent.com/a-/ALV-UjVMpbWz78gJVSvh-TUoEXb7UcuBDdFm42nnUqcjLCVOINUend7c,""Alafagit benar-benar memenuhi ekspektasi saya! Kualitasnya sangat baik, finishing rapi, dan bahan yang digunakan terasa premium. Pengemasannya aman sehingga produk sampai tanpa cacat. Pengiriman juga cepat dan sesuai dengan estimasi."",5,0,4.44.1,2025-11-21 15:39:00,,,4.44.1";
"0c094f5f-6165-453b-b9a6-224e3ec9609d,Irma S,https://play-lh.googleusercontent.com/a-/ALV-UjVFk_HxXgK1erRahAuFzVKGCDcBLcuTmEH1eJ5zabMOfuKsZRo,""Aku kasih bintang 5 untuk aplikasi Alfgift, karena Belanja Untung dengan program Harga Spesial dan Tebus Murah di Alfgift, belanja jadi praktis dan hemat karena banyak produk bisa ditebus dengan harga super terjangkau, semoga ke depannya Alfgift terus menghadirkan promo menarik dan tetap kasih program Tebus Murah serta bebas ongkir agar belanja makin menguntungkan.😍"",5,11,4.45.0,2025-12-21 23:49:32,,,4.45.0";
"707660b0-743c-4745-a347-2f9df19b0950,hendri priadi,https://play-lh.googleusercontent.com/a-/ALV-UjVK4jZX6k59xla7LDoeL4m7AIbYmEipnXqG5XG8c7puDViw3Sws,""baru make, trus sy punya koin 250rb, mau d belanjakan tdk bisa semua, belanja pertama 333000,tdk PP kekurangannya cash, tetap nda bisa juga... belanja ke alfamart lain, katanya bisa d tukarkan semua coin, okelah... pas ngambil barang, taro d kasir habis 135000,sudah d scan, d tolak, d coba belanja 10.500,d tolak juga... coin kita nda berguna kyanya d apk.."",1,1,4.45.1,2025-12-30 04:16:16,""Hai, Kak. Kami selalu berusaha melakukan peningkatan kualitas layanan dan kepuasan pelanggan hingga layanan kami menjadi lebih baik dari sebelumnya. Soal kendala penggunaan poin, silakan hubungi kami melalui DM ke IG @Alfamart, @Alfagift_idn atau pusat bantuan aplikasi Alfagift dengan melampirkan kode #3197394. Terima kasih ^rd"",2025-12-30 06:50:51,4.45.1";
"1806d928-cc8a-4136-ba58-fbc2811eaebe,Nabila Arahma,https://play-lh.googleusercontent.com/a/ACg8ocLViq7tIPBi9cZ_x9UxL_H4t5jlbVE6AtoBHDNvR-1vjwc4Ag=mo,""Fitur di aplikasi ini lengkap banget. Bisa cari toko Alfamart terdekat dan dapat informasi promo terkini. Saya juga sering tukar poin jadi diskon belanja, jadi makin untung.""""."",5,2,4.44.1,2025-11-21 13:02:48,,,4.44.1";
"14d65fdb-776a-493f-bd04-0ff527f03322,Iqrada Zaitun,https://play-lh.googleusercontent.com/a-/ALV-UjUlb_DbtQxqs4g1OxpVJiO0-pKLfpZuePJh25f-5rnAwtdQV70H,""sudah sekian kalinya diantarin sampai rumah, eh sekarang udah ga bisa, tulisannya alamat tidak tecover, jadi harus pick sendiri ya ribet mana banyak lah? kan udah dr tahun 2024 beli belanja bulanan, aku belinya langsung banyak dan sering, kenapa sekarang udah ga bisa, aneh banget ni aplikasi, ku pindah aja dah klo kaya gini"",1,4,4.45.1,2025-12-28 00:50:52,""Hai, Kak . Maaf banget ya. Soal kendala tersebut Shalma sarankan untuk coba berkala dahulu ya, Kak. Khawatir sedang ada pengembangan fitur SAPA di lokasi terdekat Kakak yang bersifat sementara ya. Terima kasih. ^rd"",2025-12-29 02:57:55,4.45.1";
"9f855a80-bb97-47fa-a588-240595ace1b4,Fakhrul Razi,https://play-lh.googleusercontent.com/a/ACg8ocJ62oMNWV0OAM6KwE-oluCYUIUY84MM__vBaJU9nGFdtdDQ72OS=mo,""not recommendation app shop, pertama tidak ada nya penanganan yang cepat untuk kendala, cs tidak respon cepat, tidak ada kolom komplain di pesanan, lebih bagus indomaret aplikasi dan pelayanan nya"",1,1,4.45.1,2025-12-29 13:50:44,""Hai, Kak. Kami selalu berusaha melakukan peningkatan kualitas layanan dan kepuasan pelanggan hingga layanan kami menjadi lebih baik dari sebelumnya. Jika ada kendala silakan hubungi kami melalui DM ke IG @Alfamart, @Alfagift_idn atau pusat bantuan aplikasi Alfagift dengan melampirkan kode #3196108. Terima kasih ^rd"",2025-12-30 01:07:11,4.45.1";
"47b2dac4-671f-4d1c-b66c-fd642a4a096f,andi triyanto,https://play-lh.googleusercontent.com/a-/ALV-UjX-VDSh8oYh8WMvJaXwFfcu5L5rGzkhm9roWXbWSLKB2ddd3JEH,""Pengalaman berbelanja menggunakan alfagift sangat menyenangkan sekali , berbelanja hanya dengan sentuhan jari saja, tinggal pilih produk yang dibutuhkan apalagi ada promo dan cashback bisa tambah hemat, kiriman cepat dan bebasa ongkir. Terima Kasih alfagift, harapannya di tahun 2026 alfagift dan memberikan produk-produk yang berkualitas dengan harga hemat. #alfagiftbebasongkir"",5,5,4.44.1,2025-12-02 12:22:00,,,4.44.1";
"01dfc0eb-6d07-45df-98e2-157d3c74fcdc,Andi Dinda18,https://play-lh.googleusercontent.com/a-/ALV-UjXI_AzBgne-6d8eemVwYYShWqRIWagWqq5TiRB_DMeP7i_ZwWw1,""baru pertama x pke apk ini, awalnya senang memudahkan klo mw beli apa² dan transaksi apa², eh tpi ini kecewa, top up saldo tpi gk masuk², dan lama bgt pengembaliannya, ini nominal kecil, gmn klo nominal besar coba. jngn suka mandang remeh masalah saldo, biar di kata nominal kecil juga itu uang."",2,3,4.45.0,2025-12-20 16:56:00,""Hai, Kak. Kami selalu berusaha melakukan peningkatan kualitas layanan dan kepuasan pelanggan hingga layanan kami menjadi lebih baik dari sebelumnya. Soal kendala pengembalian dana, silakan hubungi kami melalui DM ke IG @Alfamart, @Alfagift_idn atau pusat bantuan aplikasi Alfagift dengan melampirkan kode #3170301. Terima kasih ^rd"",2025-12-21 06:09:31,4.45.0";
"39c1e412-4576-49b9-8739-a5bc0612b413,Fefi daniati,https://play-lh.googleusercontent.com/a-/ALV-UjWD2D7k4OmcTfjmdivejaSjF-nyDBe_TFGfxnfDLrqZXICrldI,""kalau ada bintang 10 maybe q kasih bintang 10. sudah pelayanan nya top, g ngecewakan... sayangnya disini banyak yg udah tutup ya Alfamart nya.. padahal dr segi pelayanan antar oke banget ... udah dpt disc.. eh dpt voucher 10rb pula pas pakai layanan pesan antar .. moga kedepan nya tambah banyak promo lagi, . sip buat Alfa ...."",5,1,4.44.1,2025-12-06 16:00:12,,,4.44.1";
"7966b288-f4fd-4042-b559-3ec33c5cecc2,Anisa simanungkait Anisa,https://play-lh.googleusercontent.com/a/ACg8ocJUFqj_f8R1fBuu6790G41hlp4FeDCvUDAvBdlt31u16WBGKg=mo,""Aplikasi belanja terbaik. Banyak promonya, poin member langsung terintegrasi, dan yang paling penting bebas ongkir tanpa syarat. Sukses terus Alfagift"",5,2,4.44.1,2025-11-21 01:43:39,,,4.44.1";
"39c389a7-c253-489d-bcfa-3fafbeca54e5,Ayi Syariah,https://play-lh.googleusercontent.com/a/ACg8ocJKUmJkTOlLLXfwCqyYs2N0AzdpxB5NPP3Nf1lnWlJY3JfrSg=mo,""bintang 5 untuk alfagift, karena memudahkan belanja untuk ibu² macam saya yang mager buat belanja, pelayanan yg cepat, pilihan pembayaran yg byk, harga dong pastinya murah, banyak promo, slalu belanja pake promo special price hehe.. kedepannya harus ttp mempertahankan kualitasnya, sudah sangat memuaskan dan terbantu dgn aplikasi alfagift ini.. love sekebon.."",5,11,4.45.0,2025-12-20 13:23:23,,,4.45.0";
"2515f28d-760c-4d1c-a1b9-ec6f4a819604,ar. wilnd,https://play-lh.googleusercontent.com/a-/ALV-UjXUR0l_qTyfnwsGlk7xPLOUiOP2gjC0UoZ2nieLkvD3daPY1nnkLQ,Saran untuk Alfagift kalo bikin program affiliate kalo orang udah pernah klik link meski pun belanja dimenu lain komisi seharusnya tetap masuk atau kalo udah pakai kode karena diundang seharusnya bisa langsung dapet bonus dan otomatis masuk affiliate bukan harus belanja dulu 50rb mana ada batas waktu:) Alfagift mau jadi aplikasi populer harus bisa saling menguntungkan ya kaya toko oren,4,6,4.45.1,2025-12-26 11:07:39,""Hai, Kak. Terima kasih banyak atas saran dan masukan berharga terkait program afiliasi Alfagift. Kami sangat menghargai ide Kakak agar program lebih menguntungkan dan mudah diakses. Setiap masukan akan menjadi pertimbangan utama bagi tim kami untuk pengembangan fitur di masa mendatang. Semoga Alfagift semakin baik untuk Kakak semua! ✨^Yna"",2025-12-27 03:04:58,4.45.1";
"8298af0d-3d2b-497b-a278-e99761e181f1,chrussita monicasari,https://play-lh.googleusercontent.com/a-/ALV-UjXwBr8v28emPRue-cu3ggCnfCotTAvoNUI9ceWNdyuQlQWKKf7n,""aku kasih Bintang 5 karena belanja menyenangkan, semenjak aku menjadi Ibu 2 anak Aplikasi Alfagift sangat membantu aku untuk belanja Bulanan ataupun Mingguan,banyak banget Keuntungan yg aku dapat belanja di Alfagift Bisa dapat Harga Spesial dan tebus Murah , dapat A-Point juga setiap kali selesai belanja. Harapan agar Alfagift terus memberikan pelayanan yg baik dan memberikan Promo 😍"",5,1,4.44.1,2025-12-10 10:33:58,,,4.44.1";
"a45c85e8-204c-4b06-8795-7a7f1312a7bf,Rizka Widyastuti,https://play-lh.googleusercontent.com/a/ACg8ocKXp-aCSrzuyUeo8YIa0Egyg3EbSxZHpqqy_7D4NWdONKrsZQ=mo,""Aku kasih bintang 5 buat alfagift ini karena belanjatuh pasti untung apalagi ada program buy 2 get 1 free di alfagift. Semenjak ada aplikasi Alfagift ini tuh membantu aku utk order kebutuhan mulai dari cemilan, kebutuhan rumah tangga dan masih banyak lagi tanpa harus keluar rumah. Selain praktis, mudah digunakan, ada freeong, produk gratis, tebus murah, cashback juga. Recommended bgt sih. Makasih banget alfagift, semoga kedepannya terus berikan yg terbaik utk belanja dan promonya:)"",5,3,4.45.0,2025-12-17 00:27:20,""Hai, Kak. Terima kasih untuk kepercayaannya. Semoga kami selalu bisa meningkatkan kualitas pelayanan kepada semua pelanggan dan selalu berguna untuk banyak orang.😉️^rd"",2025-12-17 01:45:25,4.45.0";
"9bbeb223-ea20-4e43-9e52-b39728ec2218,Eliakim Tangke Allo,https://play-lh.googleusercontent.com/a-/ALV-UjUcncsUU_ExMrP_jYbM4dQ2EfByQyIYQAlvOQy4fCOpaxm6dGiX,""1. pengiriman cepat 2. barang lengkap 3. banyak promo 4. happy bangat belanja di alfagift, banyak promonya 5. belanja gratis ongkir pastinya di alfagift. 6. aman terkendali. 7. pokonya belanja di alfa gift banyak promo, pengantaran cepat, barang aman dan kurir ramah sabar."",5,4,4.44.0,2025-11-13 10:01:37,,,4.44.0";
"838f2e87-31a5-4488-9cc8-7cc6d60bb56d,Saumi Utami,https://play-lh.googleusercontent.com/a/ACg8ocJ7uTpZj2efTYyeq_cbOQ182sYtQYuBpEMOoNGdOIvz5BwqvQ=mo,""awalny bgs selalu langganan d alfagif tpi kmrn mengalami pembatalan sepihak padahal kami byr alasan pembayaran hny menerima biaya admin tertera Rp.6.500 dan tdk menggunakan biaya admin dg nominal yg berbeda. seharusnya sitem bsa segera medeteksi msh tsb dgn menggagalkan pembayaran, bkn malah ttp menerima pembayaran dr konsumen krna Setelah tenggang waktu pembayaran hbs uang tdk dikembalikan secara otomatis sehingga kmi merasa di rugikan. Rugi uang dan rugi waktu, ngurus pengembalian uang ribet"",1,2,4.44.1,2025-12-14 04:20:57,""Hai, Kak. maaf Kami turut prihatin atas kendala pembatalan pesanan dan proses pengembalian dana. Kami memahami kekecewaan Kakak terkait sistem deteksi biaya admin. Mohon pantau mutasi rekening Kakak untuk informasi terbaru mengenai proses pengembalian dananya. 🙏 ^Raf"",2025-12-14 07:03:08,4.44.1";
"c71c96aa-f6e4-4b83-be9b-be8867be497f,Raditya Pamungkas,https://play-lh.googleusercontent.com/a-/ALV-UjVSBRhisL1njkJaog_JS2AMcNZBJPF1jNPbEwlQwnXdhTpsTCXH,""baru mau coba pake buat kebutuhan rumah, dichat hanya dibaca karena sudah centang 2 berwarna biru, order jam 17.39, sampai saya tulis ulasan ini jam 19.40 masih belum ada pengiriman alfamart patimura ungaran H-301 kecewa sih, minimal ada konfirmasi kalau status pesana tertunda karena apa, ini nggak ada konfirmasi sama sekali, chat dan telepon tidak.ada respon"",1,2,4.44.1,2025-11-26 12:41:10,""Hai, Kak. Kami selalu berusaha melakukan peningkatan kualitas layanan dan kepuasan pelanggan hingga layanan kami menjadi lebih baik dari sebelumnya. Soal kendala pengriman pesanan Alfagift, silakan hubungi kami melalui DM ke IG @Alfamart, @Alfagift_idn atau pusat bantuan aplikasi Alfagift dengan melampirkan kode #3090934. Terima kasih ^rd"",2025-11-27 00:22:20,4.44.1";
"a42ee252-8114-4303-81d6-a54bb6a74542,Desti Wulandari,https://play-lh.googleusercontent.com/a/ACg8ocLmIOPk2HBs7FkLYu8OrVfnglA844iCs3DeM85CAs_EUnS7Mw=mo,""sangat memuaskan aplikasi nya mudah digunakan,. Belanja di Alfamart lebih mudah,,.via metode pembayaran lengkap,Gratis Ongkir jga puas banget bisa belanja di Alfamart lewat aplikasi ini,promo nya lengkap."",5,0,4.44.1,2025-11-24 03:52:43,,,4.44.1";
"4b524608-cd56-4a4e-bc30-c84700b7fca7,Nahla Azkya,https://play-lh.googleusercontent.com/a-/ALV-UjVSOZh-AWwHwd9IQaGMJ48J546D4BzvjKopjYzKbHcmLnY4tSbI,""duh mending jangan di download, jangan di pake aplikasi begini, REAL TESTIMONI : pesen instan dari jam 8 malem, petugasnya melintir aja janjiin jam 7 pagi, masih melintir nyalah2in pembeli sampe jam 10pagi nggak dikirim juga, mau di batalin ga bisa, mau hubungin cs juga ga bisa , layanan AI DOANG, TELP CS GA BISA JUGA, DAHLAAH IKLASIN, padahal baru mau coba, klo cocok pake terus kalo nggak ya mau ga mau hapus lagi aplikasinya"",1,2,4.45.0,2025-12-23 02:52:02,""Hai, Kak. Kami turut prihatin atas pengalaman tidak menyenangkan terkait pesanan instan dan kesulitan menghubungi layanan pelanggan. Kami memahami kekecewaan Kakak dan akan segera menindaklanjuti secara internal agar kejadian serupa tidak terulang. Alfamart & Alfagift berkomitmen memberikan pelayanan terbaik bagi Kakak. ^Yna"",2025-12-23 03:01:49,4.45.0";
"0115ed9c-4402-4343-bf21-1d8010eec1b3,Josiah Chavez,https://play-lh.googleusercontent.com/a/ACg8ocImYvTML97z4jTcZlFKqAnEydVEoxd923VXP1ZDEnehzCrw9A=mo,""jumjur app Alfagift ini worth it, tapi makin lama pembayaran ga bisa lagi dtambah pake Sp*y Koin, OV* Points dan G*p*y Koin. tolong dong dikembalikan lagi, karena itu membantu bgt sih buat ku. itu aja sih keluh kesah dari ku, selebihnya dah oke, harga nya pun murce²."",5,1,4.45.0,2025-12-21 13:46:50,,,4.45.0";
"41d4be50-f91d-4c9c-9cbe-4460bc088256,Fernandes Pratama,https://play-lh.googleusercontent.com/a/ACg8ocJ5w5_rmlTH2Ep2X6QiropYFt8mEYr5uGXMK93r7EPJ1pVJRA=mo,""Dengan adanya aplikasi Alfagift ini, sangat memudahkan penggunanya dalam berbelanja, terutama untuk melihat promo-promo yang diadakan oleh alfamat terutama PSM, jadi secara langsung bisa melihat harganya serta dapat membeli produk tidak mesti harus databg langsung ke toko. menurut saya aplikasi ini sangat membantu sih."",5,0,4.44.1,2025-11-24 03:35:06,,,4.44.1";
"aba2d807-17da-46e8-9b3c-af53dc946b57,Muhammad Tamjidillah,https://play-lh.googleusercontent.com/a-/ALV-UjUxS7RrXqU910h_57y4FPZm4V9UqjIcuOnBZllfI95sIGRYSMFy,""aplikasi bagus banget mempermudah saat kita belanja , gak perlu ribet ketoko lagi , pengiriman cepat dan aman disertai banyak banget promonya sukses selalu Alfamart ♥️"",5,0,4.44.1,2025-12-03 09:24:57,,,4.44.1";
"d9725919-9c81-437d-8b98-3447e49cc157,Tri Dinda Setiawati,https://play-lh.googleusercontent.com/a/ACg8ocJhNtcn1R1A13VSo1ks_WHh0ism2aCOcE1Orz2hTI19wuKKQA=mo,""buruk banget untuk alfagift dc Rawa Buaya pesanan ada yg kurang tapi tidak ada itikad baik untuk mengantarkan barang yg kurang. Sudah di chat lewat apk alfagift sama sekali ga ada respon, chat admin alfagift juga respon nya gajelas. Sudah ajukan pengembalian dana lewat alfagift & proses nya 3 hari belum ada kemajuan sama sekali benar² buruk memakai apk ini sangat disayangkan ada oknum yg mengambil keuntungan saya KECEWA MAAF BINTANG SATU"",1,3,4.45.0,2025-12-22 05:38:59,""Hai, Kak. Maaf banget atas kendala yang dialami, tolong kirimkan detail kendala dan data lainnya melalui DM IG Alfamart/Alfagift agar Shalma bantu cek ya, Kak. 😊^Yna"",2025-12-22 08:54:45,4.45.0";
"970c0e29-617f-4b59-b41f-b947d43b87c6,BELLAGIO 29,https://play-lh.googleusercontent.com/a-/ALV-UjVTsmWF9o3M0dziOAmbRXQJC8PfijvXCLy3BWu7l9tRYH07cweg,""aku kasih Bintang 5 untuk Aplikasi alfagift, karena belanja untung dengan program gratis ongkir belanja berapapun, apalagi setiap belanja selalu cashback point, semalam aku belanja sosis beli 1 gratis 1 dan potong point 25rb, trus bisa tebus murah 1 rupiah, jika stok masih ada, harapan ku semoga alfagift selalu menyediakan yg banyak tebus murah 1 rupiahnya dan tetap BEBAS BELANJA UNTUNG TERUS KEDEPAN NYA AMIN"",5,2,4.44.1,2025-12-02 14:00:29,,,4.44.1";
"44616886-5d4a-4c9d-934b-5eaec679807e,Fatimah hasan,https://play-lh.googleusercontent.com/a-/ALV-UjVo5QTp_0sP3XPhs-kabE5_w1FbU8Smrz3CmWC2PMFInOFWyvUw,""tolong dong upgrade lagi sistem aplikasinya, gak bisa belanja di toko Alfamidi/mart terdekat dengan alamat pengiriman harus belanja di lokasi tempat saya merantau jauh, padahal Alfamidi disana banyak."",1,2,4.44.1,2025-11-22 02:41:42,""Hai, Kak. Sehubungan dengan keluhan tersebut, mohon kesediaan Kak Fatimah untuk mengirimkan laporannya melalui email Alfamidi di alfacare@mu.co.id ya 😊️^ad"",2025-11-22 11:25:09,4.44.1";
"9a889bf0-51b7-4b20-840b-461733045a0f,agung suprobo,https://play-lh.googleusercontent.com/a/ACg8ocLKpqLK6WN7cj1WZvOkB7I-MOHyfIDHC-ZtLAQNXWoXXV9dRQ=mo,""mau belanja dan bayar memakai kartu kredit cimb, tapi otp tidak masuk ke SMS, sudah dicoba ganti Device atau clear chace sama aja.. padahal pakai midikring atau klikindomaret tidak ada masalah."",2,1,4.44.1,2025-11-17 11:10:28,""Hai Kak, mohon maaf atas ketidaknyamanan yang dialami. Kami terus berupaya meningkatkan kualitas layanan agar lebih baik. Terkait dengan kendala yang Kakak alami, mohon bantu kirimkan detail kendala melalui DM ke IG @Alfamart/@Alfagift_idn atau pusat bantuan Alfagift dengan kode #3037440. Terima kasih😊️ ^rsf"",2025-11-11 07:37:02,4.44.1";
"5896f28c-ca32-4b54-93ae-4606d24e4f38,Micco Zantomi,https://play-lh.googleusercontent.com/a-/ALV-UjVNfRMni7SdlXDCBRq5-HDCvue8oAEzjOek5UHthl_RZ7DGFium,""payment 18:48, estimasi tiba 20:00-21:00. tapi kenyataanya di kirim di hari berikutnya tanpa konfirmasi dari store atau notifikasi dari aplikasi, sehingga harus kita sendiri yg chat store nya buat minta konfirmasi. kalo gak sanggup nampung lonjakan pembeli di alfa gift, jgn di paksain, buat pelanggan jadi kapok."",1,4,4.44.1,2025-11-25 17:24:41,""Hai, Kak. Kami sangat menyesal atas pengalaman kurang menyenangkan ini. Masukan Kakak sangat berharga untuk meningkatkan kualitas layanan Alfagift. Terkait dengan kendala yang Kakak alami, mohon bantu kirim nomor pesanan & detail kendala via DM ke IG @Alfamart/@Alfagift_idn atau pusat bantuan Alfagift dengan kode #3088985. Terima kasih. 🙏 ^Raf"",2025-11-26 04:53:03,4.44.1";
"11186431-2c1b-4276-903a-b842be794c36,Wira Gora,https://play-lh.googleusercontent.com/a-/ALV-UjW6B5w0NhqS3p1xQaHIPUodQJwm9yxy66cDtk-bmOd7XxA-aeQ,""buka aplikasi diarahkan update, diarahkan ke playstore, di play store hanya ada uninstal dan buka, di klik buka, balik lagi ke awal diarahkan update, seterusnya berulang-ulang.."",1,5,4.44.1,2025-11-18 05:56:35,""Hai Kak, mohon maaf atas ketidaknyamanan yang dialami. Kami terus berupaya meningkatkan kualitas layanan agar lebih baik. Terkait dengan kendala yang Kakak alami, mohon bantu kirimkan detail kendala melalui DM ke IG @Alfamart/@Alfagift_idn atau pusat bantuan Alfagift dengan kode #3062664. Terima kasih😊️ ^rsf"",2025-11-18 09:30:19,4.44.1";
"8ba79f40-aaa1-4971-8737-dade0729f608,Kornelius Ricard alfon,https://play-lh.googleusercontent.com/a/ACg8ocKezdxQUzk6fZiOB1j2RuETYtfwEiYCGryPJHa7F8H_Z0v_LA=mo,""aplikasi yang selalu memberikan kemudahan dalam berbelanja kalau lagi gak bisa keluar rumah tetap tenang karena masih bisa berbelanja lewat aplikasi alfagift, gratis ongkir dan pengiriman yang cepat"",5,3,4.44.1,2025-11-21 04:56:50,,,4.44.1";
"74188b7e-6339-4b57-87a1-d6100a5c727b,Ayu Wulandari,https://play-lh.googleusercontent.com/a/ACg8ocKFNw9K8XVJ6Vwt7tejSKsuFlLH_N6nl-hyr60OfOrLBA71wg=mo,""Alfagift sangat memudahkan belanja, apalagi untuk ibu rumah tangga. Banyak promo, bisa pilih ambil di toko atau diantar ke rumah. Aplikasinya user friendly dan sering ada voucher menarik. Saran ke depannya: Mohon ditingkatkan lagi performa aplikasi agar tidak lemot dan menambahkan fitur chat dengan toko jika ada kendala pesanan. Promo yang bagus: Paket hemat mingguan Flash sale jam tertentu Voucher ulang tahun pengguna Promo khusus member baru & member lama bismillahirrahmanirrahim semakin maju"",5,1,4.45.1,2025-12-29 13:04:57,,,4.45.1";
"989e02d3-5c61-4874-82fd-5e41819d7e6f,Ray San Rezky,https://play-lh.googleusercontent.com/a-/ALV-UjXoRblccAAisDfQtXTC9luGh3oSQXrFAeR6r8yeTvhQth5T2qMM,""Aplikasi AlfaGift sangat memberikan pengalaman yang terbaik,dimulai dari diskon yang tiada akhirnya,belanja mudah dari rumah dan bahkan cashback belanja yang tiada akhirnya.Alfagift selalu menjadi yang terbaik👍"",5,2,4.44.1,2025-11-21 11:35:22,,,4.44.1";
"77d2fa62-a90d-423f-963e-ab0860189f47,Dhanu Dwianto,https://play-lh.googleusercontent.com/a-/ALV-UjVytW8SGKzTwO5cQO9KNhbhjfaAhgl1tlnoA_reA1Y0JrKG3D4K,""Sangat membantu kalau lagi butuh mendadak, harganya juga murah & terjangkau, tolong promonya ditambah agar banyak yang belanja, sukses untuk alfagift..... 😊😊😊"",5,2,4.44.1,2025-11-24 06:32:24,,,4.44.1";
"8d7bd9d5-7e16-4a2e-bdd1-951391294219,H_ahm,https://play-lh.googleusercontent.com/a-/ALV-UjVW4cBIG23E24gfWT7XMtNYqzLYIjg50brwBISbJ5LyqgtEDNu9ig,""ini gimana sih?????????, udah daftar di kasir, skrg mau masuk aplikasi disuruh verifikasi, lalu masuk isi data lagi terus tombol buat password gak bisa, terus balik lagi..... klo buat aplikasi mbok di test dulu hasilnya kayak apa, ini mau masuk gak bisa, aktivasi malah balik2 lagiiii!!!, gimanaaaaa???????!!!"",1,1,4.45.1,2026-01-14 08:09:55,""Hai, Kak. Kami selalu berusaha melakukan peningkatan kualitas layanan. Soal kendala aplikasi Alfagift, silakan hubungi kami melalui DM ke IG @Alfamart, @Alfagift_idn atau pusat bantuan aplikasi Alfagift dengan melampirkan kode #3243011. Terima kasih ^ts"",2026-01-14 11:29:04,4.45.1";
"2d75394e-4f4f-4706-8288-b9188b0478c1,Eksan Hidayat,https://play-lh.googleusercontent.com/a-/ALV-UjXH0DCHKqa1YoQUknZlnGWCqFlkVo0S54LPg_UvhcK2HM-MKydK,""aplikasi egois di HP punya aplikasi http costum suruh uninstall, ada termux juga suruh uninstall & aplikasi sejenisnya tujuannya apa sih kaya gitu. lama² lu yg ku uninstall ribet amat padahal aku juga gak main aneh² lagian aplikasinya dibuka nge close terus."",1,1,4.44.1,2025-12-18 14:51:01,""Hai, Kak. Kami selalu berusaha melakukan peningkatan kualitas layanan dan kepuasan pelanggan hingga layanan kami menjadi lebih baik dari sebelumnya. Soal kendala pada aplikasi Alfagift, silakan hubungi kami melalui DM ke IG @Alfamart, @Alfagift_idn atau pusat bantuan aplikasi Alfagift dengan melampirkan kode #3165666. Terima kasih ^rd"",2025-12-20 01:22:18,4.44.1";
"2f4a8758-5679-4265-98c4-42f348b8b675,Rifka Zahera,https://play-lh.googleusercontent.com/a-/ALV-UjUjZ75GxNt6h-dxD-XkiZjHynZYBSZjySoL_RuWfUPTDbeW_wzx,""pertama kali nyoba alfagiftnya langsung suka,pengirimannya cepat,barang yang diantarnya juga lengkap,banyak promonya juga,gratis ongkir lagi,belanja disini juga lebih mudah"",5,1,4.44.1,2025-11-17 05:21:42,,,4.44.1";
"c4c5f0cb-b7b2-415c-af74-d337fd071aba,Ahmadiansyah,https://play-lh.googleusercontent.com/a-/ALV-UjUhhNZwtgOhLuOWyt96tUprzKqCWSejpjeokH5K-FbSw2exU00L,""aplikasi terkece memng ini dehhh... Terima kasih alfagift dengan Adanya aplikasi ini sangat mengefisienkan waktu saya, dan jangan lupa yang mager....kita juga bisa pesan online lewat alfa gift Terima kasih alfagift...😘😘😘"",5,0,4.44.1,2025-11-19 04:25:20,,,4.44.1";
"8e65c39b-9753-4121-9932-5d24049b976b,Choirun Nisa' Ramadhani,https://play-lh.googleusercontent.com/a/ACg8ocIck20OCUBpnSpq5ltYhr2N_AjscDJeOanJIN3qZx4cIV-O0w=mo,""udah bbrp kali order di daerah kota dan pengirimannya lambat, adminya nggk responsif. saran aja ya klo orderan mlm di arahin cabang yang 24 jam aja jgn yang terdekat karna yang terdekat belum tentu cepat, saran juga klo emng cabangnya nggk 24 jam di off kan aja biar gk masuk orderannya"",2,0,4.45.1,2025-12-31 17:58:56,""Hai Kak, mohon maaf atas ketidaknyamanan yang dialami. Kami terus berupaya meningkatkan kualitas layanan agar lebih baik. Terkait dengan kendala yang Kakak alami, mohon bantu kirimkan nomor member & detail kendala melalui DM ke IG @Alfamart/@Alfagift_idn atau pusat bantuan Alfagift dengan kode #3202388. Terima kasih ^raf"",2026-01-01 09:09:28,4.45.1";
"1b330ca9-c943-44d5-8b34-a6e91e3d83bd,RIVAL,https://play-lh.googleusercontent.com/a-/ALV-UjX6NU-giuTji4tUAnpXnVRo68RQQITMBfb94UVk67OpnYIxXlGM,""Alfagift merupakan aplikasi yang sangat direkomendasikan bagi pengguna yang ingin belanja dengan praktis, hemat, dan tanpa ribet. Cocok untuk kebutuhan mendadak maupun belanja bulanan"",5,0,4.44.1,2025-11-19 01:47:43,,,4.44.1";
"a90638d7-c449-4c26-9a81-900c3ec72af1,Syarif Hidayatullah,https://play-lh.googleusercontent.com/a/ACg8ocLEOrPJcWyV9C0ouj_j2PpIYtU5fgGONwPJPWVDBFQ3u1RS-A=mo,""setiap belanja online, pas mau di ambil ke tokonya selalu aja belom di siapin,pdhal pesen sejam sesudah pesan.pdhal karyawan nya ada 3 atau 4 masa gk ada 1 pun yg nyiapin.percuma dong pesen dr rumah pas mau di ambil lom siap.mending langsung aja ke tokonya klu kyk gitu..ujung2nya nunggu barang di ambilin belom di scan 1 satu barangnya.sama aja dtng trus ke kasir antri bayar.percuma ada apl ini..saya dah sering belanja dr rumah pasti kyk gini mulu pas mau ambil barang belom siap."",1,4,4.45.0,2025-12-22 06:17:15,""Hai, Kak Syarif. Maaf banget atas kendala yang terjadi. Jika masih terjadi kendala, Kakak dapat menghubungi Shalma melalui DM Instagram Alfagift dengan melampirkan kode #3174518 agar dibantu pengecekan. Kejadian ini akan Shalma jadikan evaluasi untuk lebih baik lagi. Terima kasih :) ^ds"",2025-12-22 11:37:27,4.45.0";
"d6d2daf0-2722-4e54-a01e-df36567c535e,ekklesia simatupang,https://play-lh.googleusercontent.com/a/ACg8ocJg5NUz6ecoGHz8c4g8oXEjK5UrtO0Xo73qi861CCquDO3sVg=mo,""Tolong kalau pengiriman masih belum bisa 1 jam tidak usah dibuat maksimal 1 jam karna konsumen lama banget nunggu pesanan. konsumen tau biaya pengiriman gratis tapi jgn karna gratis kami harus menunggu berjam-jam. Seharusnya alfamart menanggung konsekuensi, jika memang kami bisa memilih waktu maksimal 1 jam, maka kami berharap itu sesuai dengan pilihan yg tertera di pesanan kami terimakasih"",4,1,4.45.1,2026-01-13 13:13:05,""Hai, Kak. Kami mohon maaf atas ketidaknyamanan yang Kakak alami terkait waktu pengiriman pesanan. Kami memahami harapan Kakak untuk pengiriman sesuai janji maksimal 1 jam, dan masukan ini sangat berharga untuk perbaikan layanan kami. Kami akan terus berupaya meningkatkan efisiensi agar pengalaman berbelanja Kakak semakin memuaskan. 🙏^rsf"",2026-01-14 02:12:56,4.45.1";
"3f9ba0ee-7904-4d88-9188-9bf2578fd80f,Rian Syah,https://play-lh.googleusercontent.com/a/ACg8ocJWPiaWtrSg3-kG4AzVkhU96wZ049yggJUrALrF8ftSVb2tuw=mo,""aplikasi alfagift sangat membantu untuk belanja dari rumah,gak report2 untuk keluar rumah dan bisa langsung liat toko yg paling dekat serta bisa liat promo2 yg berjalan"",5,0,4.44.1,2025-11-24 03:02:00,,,4.44.1";
cd7ee36c-62db-45c3-9b40-44e5e3755ac1,Riki Bayu,https://play-lh.googleusercontent.com/a/ACg8ocKODTYew_VwB3-hvdt1qpJCTvbTx4KphPiUFaqJriHPJZ5IgQ=mo,belanja dialfagift lebih mudah dan praktis. buat yg mageran cocok banget karena belanja dialfagift bisa diantar sampe depan rumah dan tentunya gratis ongkir. khusus member alfagift tentunya banyak diskon dan voucer yang bikin belanjaan kmu makin hemaatttt.,5,1,4.44.1,2025-11-24 06:32:49,,,4.44.1;
"9fa81a30-febf-4323-b41a-16453b74e46a,daman doank,https://play-lh.googleusercontent.com/a-/ALV-UjXedpB0cw6DGjin9lSfYL0N4ZiJ4dJLNrO4Wm8PwtAj3_fVD9A9,""Sumpah,,, aplikasi ini recomended banget, kenapa? Karena memudahkan saya untuk mengirim belanjaan ke temen, sodara atau keluarga yg jauh, beda pulau atau beda lokasi jauh,,, beneran lho,,, saya dr medan biasa belanjain keluarga di bekasi,,, sangat memudahkan kita, apalagi ketika mager di kost, tapi pengen jajan. Online ajah. Tiba2 abang alfa dateng, keren Khan??? Yuk cobain yuk,,, banyak cash back lho!!! belanja yu!!!"",5,6,4.44.1,2025-11-21 01:25:29,,,4.44.1";
"f756fa2f-8fc0-4ff7-8945-b3aa080b8b11,Sondang Manalu,https://play-lh.googleusercontent.com/a-/ALV-UjWIKUhoRtoYOKCyYgEyO52I_-UYCTzmafgJuK5Dw5-TpVytOqZgAg,""di Alfagift pengiriman cepat,barangnya lengkap,banyak x promonya di Alfagift ini,pasti happy lah belanja di Alfamart dan bisa liat promo langsung dri aplikasi ini,ga nyesal ga rugi juga.belanja di Alamart betul”terbaik,sangat rekomen buat instal aplikasi ini,karna mempermudah kita berbelanja.makin happy deh buat belanja,kalau mau belanja gratis ongkir, solusinya ada di Alfagift😍"",5,2,4.44.1,2025-11-20 17:13:07,,,4.44.1";
"8cc73348-e991-435f-8812-c1a0a3cd8ecd,Windie Yna,https://play-lh.googleusercontent.com/a/ACg8ocJKyy5jFkI8nwrqe853QfoWml5u5-rUjzY7LbT3YBzkGTmyFQ=mo,""Di daerah saya pelayananya sangat buruk masa pegawainya ngatur2 klo pesen alfagift hrs jm segini dll. (dengan alasan agar saya tidak keburu2) lah kita kan customer pesen di alfagift ya memang lagi butuh trs klo customer lgi urgent gimna posisi saya di kampung jarak ke minimarket 4km , minimal klo ga mau nganterin bahasanya yang baik bicara yang baik."",1,0,4.44.1,2025-12-13 19:41:55,""Hai, Kak. Kami selalu berusaha melakukan peningkatan kualitas layanan. Soal kendala pelayanan tim toko tidak sesuai SOP, silakan hubungi kami melalui DM ke IG @Alfamart, @Alfagift_idn atau pusat bantuan aplikasi Alfagift dengan melampirkan kode #3153897. Terima kasih ^rd"",2025-12-13 22:12:17,4.44.1";
"3caf71c1-48e8-47dd-a389-bcc6fd5743ea,Citra Ningrum,https://play-lh.googleusercontent.com/a-/ALV-UjW_MCnHH8nhhWl_Wihmp1Srm3i-H4lFzOfMJ2hFDJ3SqGtv4BE,saya 2x top up e-wallet pemberitahuannya berhasil namun saldo e-wallet saya tidak bertambah. sudah mengajukan komplain dan melampirkan berkas komplain tidak kunjung ada kejelasan.,1,2,4.44.1,2025-11-27 01:13:28,""Hi, Kak. Mohon maaf atas ketidaknyamanannya. Mohon infokan detail kendalanya melalui DM Instagram @alfagift_idn dengan memberikan kode #3091579 ya. Kejadian ini akan Shalma jadikan evaluasi untuk menjadi lebih baik lagi. Terima kasih 😊️ ^ad"",2025-11-27 12:02:46,4.44.1";
aefb7141-749e-410f-b94a-1aae65530642,Rifai Regar,https://play-lh.googleusercontent.com/a/ACg8ocKTewuA-l5DeC-K5fK9yqnQ35cc3JAeH91RQcOoYCXhQ8si5g=mo,aplikasi yang sangat bagus dan sangat membantu. bisa melihat daftar barang² promo dan bisa pesan online melalui aplikasi ini. bisa juga untuk ngumpulin poin dan bisa lihat jumlah poin yang sudah di dapat selama berbelanja..,5,2,4.44.1,2025-11-22 07:15:44,,,4.44.1;
"76d7ebc1-8121-4822-ad14-4b6df70dedb5,Defitriana Mamonto,https://play-lh.googleusercontent.com/a/ACg8ocJBpikLORSGOjNBGMrmHQqowlNJ4AF-WIq5So0VnWFqiXFOrII=mo,""banyak promo, barang lengkap dan pastinya kalo pas mager kalian bisa scroll dan pilih terus langsung di antar sampai depan pintu apalagi pas musim hujan, sangat recommended banget untuk kita kalo ad kebutuhan apa apa mendadak"",5,2,4.44.0,2025-11-13 16:08:19,,,4.44.0";
"cfc726e8-53ef-43a6-8700-ffcbf05d534b,misel gulo,https://play-lh.googleusercontent.com/a/ACg8ocIk0ReDiWft5tOlWcD4s_pOg0583ntwQXS54c09qTkvV4V7jQ=mo,pengiriman barang kadang ga jelas. diminta satu jam setelah pemesanan malah sampe 3jam kemudian. terus kenapa penuh terus yang 1 jam setelah pemesanan? dikira orang sabar nunggu kali. antar ya antar jangan pake pake waktu segala,1,2,4.44.1,2025-11-28 02:51:00,""Hai, Kak. Kami selalu berusaha melakukan peningkatan kualitas layanan. Soal kendala seputar pengiriman pesanan Alfagift, silakan hubungi kami melalui DM ke IG @Alfamart, @Alfagift_idn atau pusat bantuan aplikasi Alfagift dengan melampirkan kode #3094243. Terima kasih ^rd"",2025-11-28 06:14:19,4.44.1";
"e1e76532-1907-465a-b497-dcd420a893f6,Putri Lestari,https://play-lh.googleusercontent.com/a/ACg8ocIDDXzjXkE_9pDveZZC14i6b_RVVc949nWsXgIxKqoiOsXzWw=mo,""Semenjak ga boleh antar ke lantai 2,saya & semua tetangga saya stop belanja di alfagift. Sebelumnya semua rutin belanja bulanan disini karena membantu, terutama untuk ibu yang sedang hamil atau repot punya anak kecil, jadi ga perlu angkat barang berat keatas terutama galon. Sorry alfa, kami pindah ke aplikasi sebelah"",1,2,4.45.1,2025-12-27 04:20:06,,,4.45.1";
"171c8701-0845-4fb2-b513-33b2fe2506d4,Supriyadii_,https://play-lh.googleusercontent.com/a-/ALV-UjV0dIZ0BUKRk0lyY6DFN_p4eewUmAL8hkgHnj6QcnQpC6ra9ige,""Aplikasinya sangat bagus, saya jadi lebih mudah untuk melihat produk maupun berbelanja secara online melalui alfagift, selain itu, Alfamart juga sering mengadakan banyak promo, mulai dari diapers, susu, sampai promo Jumat, Sabtu, Minggu pokoknya the besttt Alfagift"",5,2,4.44.1,2025-11-21 06:59:00,,,4.44.1";
"23530248-1a9f-49ac-9213-507bea8927fa,Adeeb Wafa,https://play-lh.googleusercontent.com/a-/ALV-UjX1qws5pOo5UxG1QrQdQKFE4dil2Ordec22M1JkFPOC7AcbNlSp,""Pembayaran sukses tapi tiba² ada notif Transaksi gagal, Uangnya juga tidak kembali RUGI setelahnya langsung di respon dan setelah beberapa hari saldonya bisa kembali. Terima kasih."",5,2,4.45.1,2025-12-29 02:14:38,""Hai, Kak. Maaf banget ya. Soal kendala transaksi yang dibatalkan memang membutuhkan estimasi 3 hari kerja (sabtu, minggu & hari libur nasional tidak terhitung) untuk proses refund dana. Jika kedepannya Kamu mengalami kendala serupa. Silakan hubungi kami melalui DM ke IG @Alfamart, @Alfagift_idn dengan melampirkan kode #3193057. ^rd"",2025-12-29 03:30:51,4.45.1";
"c944ff6f-14c4-4f32-9753-f48d94d7206a,Nur Rokhim_blitar,https://play-lh.googleusercontent.com/a/ACg8ocKL-RnevBsBDNaP42xyDtPchhk65q-jQ6sMSeeuadlol50wOg=mo,kenapa aplikasinya tidak seperti dulu? saya seorang tunanetra yg sering pakai aplikasi ini dg dibantu aplikasi pembaca layar. namun untuk sekarang susah digunakan krna tidak akses LG.. harapanya bisa seperti dulu agar mudah terakses bagi pelanggan tunanetra!!!,3,1,4.45.0,2025-12-22 09:05:13,""Hai, Kak. Maaf banget atas kendala yang terjadi. Jika masih terjadi kendala, Kakak dapat menghubungi Shalma melalui DM Instagram Alfagift dengan melampirkan kode #3174976 agar dibantu pengecekan. Kejadian ini akan Shalma jadikan evaluasi untuk lebih baik lagi. Terima kasih :) ^ds"",2025-12-22 11:33:21,4.45.0";
"cfc0889d-5812-4fa7-a98a-0595d0fa8ad9,Nurul Santi Afifah,https://play-lh.googleusercontent.com/a-/ALV-UjUAhBMK5E9VFhQ6A_P1LFcGkahsMgz0h58gMrw5xco6k0F9DVC0,""Mantap bgt pelayanan alfagift ini, butuh apa2 tinggal pencet, bayar, & bahkan bisa ditentukan sendiri mau dianter jam berapanya, alhamdulillah selama pakai selalu on time. Mantap alfagift, semoga kedepannya selalu lebih baik"",5,1,4.44.1,2025-11-26 12:33:19,,,4.44.1";
"39bf62fe-59c7-4fc3-b69c-7bd11b30f8dc,Kinan Amir,https://play-lh.googleusercontent.com/a-/ALV-UjUpQmq8TulZCPF7a55HRM42h0n3DAXdASB9aut1k_mqlWFWMeQi,""sangat membantu sebagai konsumen yang mempunyai anak kecil dirumah yg tdk bisa ditinggalin apapun kebutuhan rumah dpat terpenuhi dgn adanya alfagift. pengiriman cepat, promonya juga banyk, barang2nya juga lengkap banget, dan gratis ongkir pastinya"",5,0,4.44.1,2025-11-19 00:10:32,,,4.44.1";
24bce826-8610-48a6-8221-a0213efa38f8,Selfi Fatmala,https://play-lh.googleusercontent.com/a-/ALV-UjXKk0KsCXBSqDgelVPdm9Kwj6SqIoCgglheaDFrms10OQW2jfI,aplikasi yang sangat membantu pengiriman instan gratis dan cepat pula. produk nya sangat lengkap tentunya banyak promo yang harganya pas dikantong. alfagift keren mantul sukses terus tentunya ⭐ 1000000/10,5,1,4.45.1,2026-01-01 04:16:03,,,4.45.1;
"4df4a9b5-8577-425d-a37f-e26a505c5cc2,pipit andiyani,https://play-lh.googleusercontent.com/a-/ALV-UjX3a_AdMP97OBg5h9ok7ATcnVmaaxFUA-VDcihSCJ6b-RJzLQI,order dari pagi sebelum pilihan jam pengiriman giliran udh d jam pengiriman masih harus nunggu padahal butuh produk nya . tpi responnya lama baru kali ini bener2 kecewa setiap d chat cuma d bales sama pesen otomatis suruh kesediaan nya menunggu .. alfa pahlwan seribu,1,2,4.44.1,2025-11-19 04:04:56,""Hai, Kak. Mohon maaf atas kendala pesanan yang terlambat 🙏 Tentu tidak seharusnya Kakak menunggu selama itu, apalagi saat butuh cepat. Mohon bantu kirimkan DM ke IG @Alfamart / @Alfagift_idn atau pusat bantuan Alfagift dengan nama toko, nomor pesanan & kode #3066359 agar tim kami bisa cek dan tindak lanjutkan. Terima kasih. ^Raf"",2025-11-20 01:49:50,4.44.1";
"9333fd4b-960a-48b4-91fa-bdbc32289696,Dewi Irawati,https://play-lh.googleusercontent.com/a/ACg8ocK6VarF5lDvfAocMBzlC7MdHlRsMV2ZNSOH8WY1aAzxoFZHoQ=mo,""plis deh banyakin berbenah aplikasi nya belnja lewat alfagift star masuknya lama banget belnja ditoko kirain bakal langsung masuk ternyata sama aja masuknya lama, pengklaiman hadiah star, link tidak bisa diakses komplain sana sini TPi pelayanan sangat lelet banget, sampai cape ngomel2 lewat email lewat Ig yang jawab malah AI 😂 parah pokoknya. komplain cashback personal care ga masuk respon tetep lama hak konsumen masih ga diksih ah pokoknya masih bnyak lagi minusnya"",1,2,4.45.0,2025-12-22 14:17:49,""Hai, Kak Dewi. Maaf banget atas kendala yang terjadi. Jika masih terjadi kendala, Kakak dapat menghubungi Shalma melalui DM Instagram Alfagift dengan melampirkan kode #3175702 agar dibantu pengecekan. Kejadian ini akan Shalma jadikan evaluasi untuk lebih baik lagi. Terima kasih :) ^ds"",2025-12-23 00:45:19,4.45.0";
"dcd3be25-820a-4bdd-98d9-6bf739280ffd,Liaa Rahmayati,https://play-lh.googleusercontent.com/a/ACg8ocK_S8pErsxG3gWNgB1YDj-vbqmIQm4YoyxdIIPjrDPfOAjbuQ=mo,""lama bgt pengiriman instant nya, di sistem pesanan udah diantar dari jam 4 sampee jam 7 ga dianter jg, kocak di chat ga dibales, pengembalian dana lama ga sesuai info yg dikasi 2hr kerja, disistem udh dibalikin padahal tapi dana nya belum masuk, harus ditagih di spam berkali kali baru dibalikin kocak ini apk udh bagus memudahkan bgt tapi pelayanannya bikin jengkel, coba tolong diperbaiki lagi sop nya. apalagi pengiriman lelet bgt."",1,2,4.44.1,2025-11-17 12:13:01,""Hai, Kak Liaa. Maaf banget atas kendala yang terjadi. Untuk pengecekan lebih lanjut, Kakak dapat menghubungi Shalma melalui DM Instagram Alfagift dengan melampirkan kode 3060616 agar dibantu pengecekan. Kejadian ini akan Shalma jadikan evaluasi untuk lebih baik lagi. Terima kasih :) ^ds"",2025-11-18 05:14:35,4.44.1";
"e3fcf98b-6fce-4789-a287-f7b8cce0a42c,Zainal Abidin,https://play-lh.googleusercontent.com/a-/ALV-UjXFHgBEEcf-E5NuMn0Ye8BYNjpl8gLblcLA5Z3Ak-hJaKjqY6JS,""berbelanja melalui aplikasi alfagif mempermudah proses berbelanja saya tinggal menunggu di rumah, klik klik bisa lihat harga , banyak promo nya dan gratis ongkir ,trimksih alfagif , mantap"",5,2,4.44.1,2025-11-24 09:17:46,,,4.44.1";
"6ccbae80-e78e-434b-b5f3-da0f3f89bb3f,Niramala,https://play-lh.googleusercontent.com/a/ACg8ocIVNJc0Zrkd5vWwlwgN-M6MTnmZrCObFkLctuzUuiLljBRO=mo,""Alfagift sgt membantu aku bgt, prnh beli nugget utk bekal sekolah anak krn kehabisan dan udh malem jd gk sempet ke Alfamart. Akhirnya, jam stgh 6 pagi pesen dan jam 6 sdh sampai. Suka bgt pakai Alfagift, klik barangnya - bayar - tunggu Alfa Rider sambil ttp produktif kerjain pekerjaan rumah. Janlup, utk manfaatkan promo Tebus Murah, aku beli minuman hanya 2.500 aja. Mau belanja pasti untung tanpa ribet plus lengkap semua kebutuhan tersedia ya hanya di Alfagift, semuanya ada kecuali ONGKIR 👍"",5,6,4.45.1,2025-12-30 21:25:54,,,4.45.1";
"3e2d4132-436e-4104-904b-a8fe68a757e9,Oriza Nasywa,https://play-lh.googleusercontent.com/a-/ALV-UjUaJHKhrtrF3Gwb0w7watLyt5Q8rtwj8sOk_ObKOyp6bFT2we4,""Pesen 2 item di toko yang sama tapi yang dikirim cuma 1! sisanya nunggu sampe 2 hari masih belum dikirim, jadi percuma pesen online mending beli langsung!! pesen online pengen dateng cepet malah lama banget datengnya"",3,1,4.44.1,2025-12-01 10:59:13,""Hai, Kak Oriza. Maaf banget atas kendala yang terjadi. Terkait pesanan kurang, Kakak dapat menghubungi Shalma melalui DM Instagram Alfagift dengan melampirkan kode #3109072 agar dibantu pengecekan. Kejadian ini akan Shalma jadikan evaluasi untuk lebih baik lagi. Terima kasih :) ^ds"",2025-12-01 11:22:50,4.44.1";
"c2dc8c7e-0461-4276-bfc8-57f373e69537,Alfina Damayanti,https://play-lh.googleusercontent.com/a/ACg8ocJ4Jdoyrc0NwhBSplzBMEtBmH-kHOSC0JyS7t8Puf_9CBvADQ=mo,""saya langganan alfagift mau telat gimanapun saya tidak pernah komplain, karena saya tau mungkin banyak pesanan,tapi kaliini saya pesen dari sblm jam 8 pagi sampee setengah belum sampe dan yg bikin ga masuk akal jam 9.30 itu pesenan diterima sampe saya cht jg ga dibales padahal saya pesen susu buat anak saya yg mana susu nya sudah mau habis"",3,1,4.45.0,2025-12-22 07:34:35,""Hai, Kak Alfina. Maaf banget atas kendala yang terjadi. Jika masih terjadi kendala, Kakak dapat menghubungi Shalma melalui DM Instagram Alfagift dengan melampirkan kode #3174733 agar dibantu pengecekan. Kejadian ini akan Shalma jadikan evaluasi untuk lebih baik lagi. Terima kasih :) ^ds"",2025-12-22 11:34:19,4.45.0";
"7cd778d5-129b-46fb-82da-237c8e3ec9e9,Hana Amalia,https://play-lh.googleusercontent.com/a/ACg8ocJzUq-yikX4zB9xM54miyptAT6s463T0VV_1I2Mm2czwzuziw=mo,""Aku senang belanja di Alfagift, bnyak promo banyak cashback dan voucher juga🥰 semenjak pakai Alfagift aku jadi mudah belanja apapun aplgi untuk kebutuhan bayi dan kebutuhan rumah tangga untuk aku yg lagi repot kemana2 dan gratis ongkir pulaa🤩🤩 terimakasih Alfagift sukses selalu 🥰🥰🥰✨"",5,3,4.45.0,2025-12-29 12:43:58,,,4.45.0";
"3e202979-bf5f-49e4-82d0-c9fd7dbfc70e,Leha Soleha,https://play-lh.googleusercontent.com/a-/ALV-UjWtnOkzfcFZFsMR-mOY1wjMhBnkOZNphHmp-SRV1vnfqT1a6zI,""Alfagift makin lama makin bobrok Estimasi 1 jam, nyampe nya 2-3 jam Estimasi jam 2-4, smpe jam segini blm sampe. Masa alasan pecah ban udh 3x dipake, parahnya lagi, terakhir nganter pesanan malam2 tbtb kurirnya cm ngechat di apk ngirim foto barang di depan pintu rumah tanpa ngetuk pintu sama skali, pas aku keluar nanya dia cm nunjuk tanpa ngomong apa apa. Untung langsung aku buka itu chat ya kalo aku nunggu2 tanpa lihat chat, apa gak tak tunggu smpe malem tuh barang. Parah banget"",1,0,4.45.0,2026-01-01 09:55:22,""Hai Kak, mohon maaf atas ketidaknyamanan yang dialami. Kami terus berupaya meningkatkan kualitas layanan agar lebih baik. Terkait dengan kendala yang Kakak alami, mohon bantu kirim nomor pesanan & detail kendala via DM ke IG @Alfamart/@Alfagift_idn atau pusat bantuan Alfagift dengan kode #3205159. Terima kasih ^raf"",2026-01-04 01:53:49,4.45.0";
"c7bb8842-7d84-4b0c-8c23-638aef781653,Maru Gamers_ID,https://play-lh.googleusercontent.com/a-/ALV-UjUUE8nueQYIgpCILWdBct_g6dgUoqpAA6n6VtuBDrPxczGNIA,""tolong untuk Delivery Order sediakan opsi pemilihan Alfa terdekat seperti metode Pick Up agar tidak dibatalkan oleh toko seenaknya aja, setiap saya mau Delivery Order dapatnya toko yang sama terus selalu nolak pesanan saya dan tidak ada tanggung jawabnya"",1,1,4.45.1,2026-01-04 04:44:18,""Hai, Kak. Mohon maaf atas ketidaknyamanan yang Kakak alami terkait pembatalan pesanan. Kami memahami harapan Kakak untuk opsi toko terdekat dan masukan ini sangat berharga. Akan kami sampaikan segera ke tim terkait untuk evaluasi dan perbaikan sistem agar pengalaman Kakak ke depan lebih baik. Terima kasih atas pengertiannya ya. 🙏^rsf"",2026-01-05 06:27:24,4.45.1";
"d8996c99-4011-489f-a346-106ad8411330,Intan Cynthia,https://play-lh.googleusercontent.com/a/ACg8ocIP0b8jz3JIb1ikzWsXGTJaMAkbUJOcueJlu9sl-NF0koIOnA=mo,""Berikut ulasan singkat untuk aplikasi Alfagift: ⭐⭐⭐⭐⭐ Sangat membantu! Aplikasinya mudah digunakan, banyak promo, dan pengiriman cepat dari toko terdekat. Belanja jadi lebih praktis dan hemat. Recommended!"",5,2,4.44.1,2025-11-21 12:31:39,,,4.44.1";
"6ce35dad-7932-4f47-a20f-823d9e537d23,Mayangsu,https://play-lh.googleusercontent.com/a-/ALV-UjUsz3DV5-mcP-_357rl0LPebEJkIFfRAc14YFuo28OWQuJ6eJzM,awalnya bagus bagus aja. pesen terus kekirimnya cepet. tapi lama kelamaan BURUK! order datangnya lama. produknya ada yg basi. DAN LAYANAN AFTER SALESNYA JELEK. KALIAN GABISA KOMPLAIN KALAU ADA APA2. jelek lemot ngeselin,1,4,4.45.0,2025-12-22 09:10:31,""Hai, Kak Mayangsu. Maaf banget atas kendala yang terjadi. Jika masih terjadi kendala, Kakak dapat menghubungi Shalma melalui DM Instagram Alfagift dengan melampirkan kode #3175003 agar dibantu pengecekan. Kejadian ini akan Shalma jadikan evaluasi untuk lebih baik lagi. Terima kasih :) ^ds"",2025-12-22 11:31:00,4.45.0";
"04ee01f4-43cc-4640-87f5-b6f73d7589b6,zebrina fitra,https://play-lh.googleusercontent.com/a/ACg8ocLawDMrXv4o1ZHST1XVycTTshjfnHNMcIgXyxUQFwSOhk9xhw=mo,""alfagift ⭐⭐⭐⭐⭐ pokoknya terbaik memudahkan banget buat yang mageran kaya aku, tinggal klik langsung dikirim tanpa ongkir apalagi ada promo2 JSM sering belanja Pampers anak harga murah , 🫶❤️ di alfagift juga banyak voucher belanja minimal 100 ribu dapat potongan 10 ribu lumayan banget , voucher potongan pembelian produk tertentu juga ✨ terimakasih alfagift semoga semakin banyak promo2 & voucher2 yang menguntungkan bagi pelanggan ❤️❤️"",5,1,4.44.1,2025-12-02 09:26:48,,,4.44.1";
"ef6e8617-7280-4e72-bf7c-0570e5c7bea6,Muhammad Ridwan,https://play-lh.googleusercontent.com/a-/ALV-UjWh0LbdtAAJfv-eLi5g1xKC8bL-UDTyqXR71C77mqTvw7HHl6Hr,ga pernah di update stock nya apa gimana nih di aplikasi mau pesen air galon udah 2 Minggu stock masih kosong padahal toko Alfamart dari rumah sampe ada 3 dan itu jarak ga Ampe lebih dari 5km loh. kalo emang ga pernah di update pindah ke toko sebelah aja deh harga juga sama kok,1,2,4.45.1,2026-01-02 02:45:08,""Hai Kak, mohon maaf atas ketidaknyamanan yang dialami. Kami terus berupaya meningkatkan kualitas layanan agar lebih baik. Terkait dengan kendala yang Kakak alami, mohon bantu kirimkan detail kendala melalui DM ke IG @Alfamart/@Alfagift_idn atau pusat bantuan Alfagift dengan kode #3207059. Terima kasih😊 ^raf"",2026-01-04 01:43:46,4.45.1";
"dd698300-4677-495b-9589-1d1d5af10333,Soleman Umbu Deta,https://play-lh.googleusercontent.com/a/ACg8ocJWFbCLY9XEpIZbzhMeTBk-fxMQbuMFeg__hWPuUOFleDONDQ=mo,ko barang saya belum di antar katanya 1 jam setelah pembayaran akan di antar sampai sekarang belum di antar.lalu di chat tidak ada respon hubung nomor tokoh yg ada di aplikasi malah nomornya tidak aktif.saya kira HBS bayar 1 jam kemudian lgsg di antar makanya saya pakai ni aplikasi ternyata pembohong semua,1,5,4.45.0,2025-12-19 03:50:55,""Hai, Kak. Kami selalu berusaha melakukan peningkatan kualitas layanan dan kepuasan pelanggan hingga layanan kami menjadi lebih baik dari sebelumnya. Soal kendala pengiriman pesanan Alfagift, silakan hubungi kami melalui DM ke IG @Alfamart, @Alfagift_idn atau pusat bantuan aplikasi Alfagift dengan melampirkan kode #3166360. Terima kasih ^rd"",2025-12-19 11:43:24,4.45.0";
"36cc4bf3-57c4-4073-95bb-81cdf637054a,Dandi dwi trio setiawan,https://play-lh.googleusercontent.com/a-/ALV-UjW3hvjK-JrkfzLjtkGaKyDA01uyrILSaFclD9uuPv8m4PYWT3qbdw,""kurir Alfamart lamban dari pengiriman, kirim jauh dari waktu yang di tentukan aplikasi. Tolong kalau bikin aplikasi tuh bisa di buatkan tempat buat ambil kiriman nya di Alfamart mana, karena gak semua Alfamart itu cepat kirimnya"",1,2,4.45.1,2025-12-30 10:06:59,""Hai Kak, mohon maaf atas ketidaknyamanan yang dialami. Kami terus berupaya meningkatkan kualitas layanan agar lebih baik. Terkait dengan kendala yang Kakak alami, mohon bantu kirim nomor pesanan & detail kendala via DM ke IG @Alfamart/@Alfagift_idn atau pusat bantuan Alfagift dengan kode #3198362. Terima kasih ^raf"",2025-12-31 08:15:25,4.45.1";
"b2c3a5c7-f2ac-4c06-b609-b3cf4c598e8b,Rovika Sari,https://play-lh.googleusercontent.com/a-/ALV-UjVYAWQrsYDTwmZ4VNQu6SMdo2i1FmqJRER-myX4-yGnmmnVoCMH,""aplikasi alfagift sangat membantu dan memudahkan saya dalam berbelanja kebutuhan sehari-hari dan mudah dalam menggunakan aplikasi, cepat nyaman.serba murah baik dalam aplikasi maupun toko"",5,1,4.44.1,2025-11-24 13:17:38,,,4.44.1";
39423d6d-2cbb-4472-8777-01485a78b40d,Agungiskandar182,https://play-lh.googleusercontent.com/a-/ALV-UjV_omBNc7pHsomamlo7NJZNhnLJAlfkyNdkF4ryxicHK2mRE48,puas banget pakai apk alfagift soalnya walaupun ga terlalu lengkap kyak di tokonya langsung produk juga lumayan banyak trus tambah lg gratis ongkir sepuasnya lg cuman 1 produk rokok gada ya mungkin kali aja bisa di tambahin kak,5,0,4.45.0,2025-12-23 08:35:26,,,4.45.0;
"1f2ccf6e-6b1d-46b5-9481-f45d8f7ababc,Galuh Dwi Laksono,https://play-lh.googleusercontent.com/a-/ALV-UjWTfsKOweHGhfG4XrpEyUX5Jzh6EP0c1qGIn_LUXmcN9J5Stn0,""Pilihan barangnya lengkap banget, mulai dari snack sampai kebutuhan dapur ada semua. ​Yang paling juara: promonya banyak dan sering ada diskon dan voucher khusus member! ​Pengiriman juga cepat dan barangnya aman. Tinggal klik-klik di rumah, tahu-tahu belanjaan udah sampai. Gratis ongkir pula. ​Pokoknya buat yang mager, Alfagift ini solusi banget."",5,0,4.44.1,2025-11-21 01:47:13,,,4.44.1";
"73ac385f-abb3-40c0-9381-b6c39a53ccfd,Rina Wati,https://play-lh.googleusercontent.com/a-/ALV-UjX23a-FWl_ytDdDO17eKa3hjAe0sFPWylmvYaVU8xS48SqAMA,""#AlfagiftGratisongkir mengubah Alfamart menjadi gudang pribadi yang bisa diakses kapan saja, Kurir yang ramah dan barang yang terbungkus rapi, dan gratis ongkir di anterin smpai depan pintu, promonya jg ga kalah mantep. harapan saya untuk apk Alfagift. memanfaatkan AI untuk menjadi lebih dari sekadar aplikasi toko, tetapi menjadi Asisten Belanja Pribadi. seperti : Keranjang Prediksi (bisa memprediksi kapan stok barang rutin saya), Promo Hyper-Personal Alih-alih menampilkan semua promo"",5,6,4.45.0,2025-12-13 14:00:30,""Hai, Kak Rina. Terima kasih banyak ya Kak atas penilaian positif nya, jangan lupa ajak teman atau kerabat Kamu untuk menggunakan Alfagift juga dan rasakan keuntungan serta mendapatkan pelayanan yang baik 😍🥰^hl"",2025-04-21 01:21:25,4.45.0";
"68efa031-9140-43bb-b31e-69523fa5d40c,Laila Rachmawati,https://play-lh.googleusercontent.com/a-/ALV-UjX7Mrf3gEh6EMut9rOBTJXC_0rdwlv_PybYsnn_QJD7HMo7FYQO,""hari ini belanja lewat aplikasi, krna ga bisa COD, pembayaran Pake shopeepay, tapi barang yg datang sengaja diberi yang rusak, mie instan pada hancur dan kemasan rusak berlubang. plastiknya berlubang dan basah. pdhl sudah langganan. kecewa sekali, ga akan belanja lagi disini."",1,2,4.44.0,2025-11-14 11:00:16,""Hai Kak, mohon maaf atas ketidaknyamanan yang dialami. Kami terus berupaya meningkatkan kualitas layanan agar lebih baik. Terkait dengan kendala yang Kakak alami, mohon bantu kirimkan detail kendala melalui DM ke IG @Alfamart/@Alfagift_idn atau pusat bantuan Alfagift dengan kode #3051053. Terima kasih😊️ ^rsf"",2025-11-15 03:47:25,4.44.0";
"59114ee0-7380-4fd8-83c0-32099c5966ee,mrizkyhanifah Hanifah,https://play-lh.googleusercontent.com/a-/ALV-UjVd1VfttiUTPsb0_v9XnifQKVDXvftNASaBLTdmQ77qRL496Jk,""Banyak promo dan vouchernya, mudah diakses, dan punya fitur cek harga item yang ingin dibeli, overall aplikasi yang bisa digunakan untuk berbelanja"",5,0,4.44.1,2025-11-21 03:19:23,,,4.44.1";
"5ca59375-ba3b-4940-b963-b6750e04dd8f,Cici katania,https://play-lh.googleusercontent.com/a/ACg8ocI1ZanYrAIbHBX1vpVtMqeRh0c0ggadE4IO127O7rWiV_6-Vw=mo,""Aplikasinya sangat membantu, proses belanjanya cepat dan mudah. Apalagi ada fitur gratis ongkirnya, jadi makin hemat"",5,1,4.44.1,2025-11-24 05:58:40,,,4.44.1";
"255a3945-38e0-4524-9f1f-eb99825a9b6b,James Silitonga,https://play-lh.googleusercontent.com/a-/ALV-UjXLOcDI-K7Myqszdf22T9RtN3qdINBlzmEGgc9kNy5Qx7Qo8-uT,""Aplikasi yang sangat membantu konsumen untuk berbelanja dengan sangat mudah tidak perlu repot² harus keluar rumah ditambah lagi kurir yang antar ramah bgt , alfagift is the best la 💯👍"",5,0,4.44.1,2025-11-21 10:32:12,,,4.44.1";
"670e6a56-c3e3-45ea-9655-5ec6182e7a23,Aprilyanti,https://play-lh.googleusercontent.com/a-/ALV-UjUdfPOw-tn0EzRc_KyrrNnxISnNorgBe8ch8IHbsD4Tz1Fgt40,""Aku kasi bintang 5 untuk aplikasi alfagift karena belanja untung dengan promo happy sunday nya.. Tiap belanja produk susu maupun diapers selalu dapat cashback dan point .. Tiap senin bisa aku tukar dengan promo SUMO.. Kebantu banget dengan alfagift,belanja gak perlu repot. dianter sampai depan rumah. Semoga kedepannya alfagift lebih banyak promo nya dan cashback lainnya.."",5,1,4.45.1,2025-12-30 12:44:01,,,4.45.1";
"72c6a8b4-501a-405c-a4cd-aa7190ad3e23,Armanda,https://play-lh.googleusercontent.com/a-/ALV-UjUNxoVPKoK6j8nhu5kPz3YIutXEofK_-lNp44LMpQouBhjhC9M,knp setelah di-update malah gk bisa check out... selalu nyangkut di jadwal pengiriman....pd saat jadwal pengiriman diubah selalu kembali ke halaman tebus Murah.... tolong diperbaiki krn voucher yg sy beli terancam kadaluarsa....tks,1,4,4.44.0,2025-11-12 03:37:10,""Hai, Kak. Kami selalu berusaha melakukan peningkatan kualitas layanan dan kepuasan pelanggan hingga layanan kami menjadi lebih baik dari sebelumnya. Soal kendala aplikasi Alfagift silakan hubungi kami melalui DM ke IG @Alfamart, @Alfagift_idn atau pusat bantuan aplikasi Alfagift dengan melampirkan kode #3043629. Terima kasih ^rd"",2025-11-12 06:40:05,4.44.0";
"e8547ef2-ede1-4155-9292-9212c032e14c,Erik Anggara,https://play-lh.googleusercontent.com/a/ACg8ocKuEGs_2Stknio6qLGmarmsvSAf7yoROYOFcWJbnnOsAKcPYA=mo,""Banyak promo nya , dengan menggunakan alfagift kita juga bisa melakukan pembelian online dan bisa diantarkan kerumah atau sesuai alamat tanpa biaya ongkir 🥰🥰 mantap dah pkok nya"",5,1,4.44.1,2025-11-24 10:51:39,,,4.44.1";
"0b961a1e-5ab3-45c4-83be-1e996786114a,Inay Mu,https://play-lh.googleusercontent.com/a-/ALV-UjXnpKhSrT80rZRhbGozOL_ShIivH3qNkayeU2QPc1sGs1-qh28,""Jangankan bintang 5 bintang 10 jg aku bakal kasiiiiihhh😍 g tanggung² belanja apapun anti ribet pake alfagift double untung loh. Selain dapet poin+star banyak program gong banget sperti cashback 20rb dan harga spesial yg super menarik🫰🏻 Awalny cuman scroll² aj eh pas liat ada harga spesial+dapat cashback auto kalapp dong😭 Terimakasih alfagift selalu menjadi pilihan utama bagi irt mageran ky aku , semoga seterusnya selalu ada program² yg nguntungin tanpa minimal belanja hehe🫶🏻"",5,1,4.44.1,2025-12-11 06:20:22,,,4.44.1";
"130b3056-bf1e-4a02-9a8b-cc835d5f5bc0,Mufly Qarnain Tambunan,https://play-lh.googleusercontent.com/a-/ALV-UjW13M_976mdyxaWDr-M_z-noq_EmvadHRcd5za4_DB7TB_GxpT8,""Pengirimannya cepat lalu barang lengkap apa yg kita mau pasti ada,banyak promo promo menarik tiap harinya Belanjanya pasti gratis ongkir."",5,0,4.44.1,2025-11-21 01:07:18,,,4.44.1";
"7592861c-7858-48cb-aa2d-26186dd92a72,Ahmad Ami,https://play-lh.googleusercontent.com/a-/ALV-UjXn_sfvzcGajZyqIEtdhyAUVQyqzcQC491tzpRq8azYLi7hXLFW,""selain menghemat waktu, saya juga bisa menghemat pengeluaran saya lewat aplikasi ini dikarenakan banyak promosi nya. semoga makin banyak lagi promosi nya kedepan, #alfamartpalingmurah"",5,1,4.44.1,2025-11-24 05:40:03,,,4.44.1";
"9b250186-a824-41d8-8593-0812c3ab825f,Poibear,https://play-lh.googleusercontent.com/a-/ALV-UjV-f71YPOaCtt3APrq6UbW0tijoquPmvt2PdE_fYQmjkuO6er0,""aplikasi lemot, pelayanan lambat dengan dalih alasan banyak pesanan, gua pesan barang udah 2 jam lebih gk diantar"""", pengiriman instan apanya itu, klo memang gk bisa ngehandel apk nya mending gk usah kelola aja sekalian"",1,1,4.45.1,2025-12-30 14:15:05,""Hai Kak, mohon maaf atas ketidaknyamanan yang dialami. Kami terus berupaya meningkatkan kualitas layanan agar lebih baik. Terkait dengan kendala yang Kakak alami, mohon bantu kirim nomor pesanan & detail kendala via DM ke IG @Alfamart/@Alfagift_idn atau pusat bantuan Alfagift dengan kode #3199045. Terima kasih ^raf"",2025-12-31 08:06:57,4.45.1";
"c112a69b-bc59-4040-93a3-c5085475b24c,Giri Sanna,https://play-lh.googleusercontent.com/a-/ALV-UjXGoTrIQC0lqJ44uhDurFfeh-ktLtZXUZCwu5ancCXeox4ZRXl3,""Bintang 5 buat Alfagift, belanja berasa banget untung + hematnya dengan adanya program Gratis Ongkir Sepuasnya tanpa minimal belanja! Pertama kali aku coba belanja Gratis Produk + cashback sampe 10k loh. Tinggal klik, bayar, gak sampe 2 jam produknya dah sampe rumah dg aman. Udah mah hemat uang belanja,tenaga, hemat waktu pula. Kurirnya selalu wa dulu klo barangnya mau dikirim, keren deh. Harapanku semoga Alfagift gratis ongkir terus, promonya makin banyak beribu-ribu & selalu jd andalanku ♥️."",5,2,4.45.1,2025-12-29 07:38:34,""Hai, Kak. Makasih banyak atas ulasan bintang 5 dan apresiasi Kakak terhadap Alfagift! Kami senang sekali Kakak merasakan keuntungan berbelanja dengan gratis ongkir, promo, dan pengiriman cepat kami. Semoga Alfagift akan selalu menjadi pilihan utama Kakak. Kami akan terus berinovasi untuk promo-promo menarik lainnya! ✨^Raf"",2025-12-29 10:13:25,4.45.1";
"76696bb6-76b8-4b1b-a3a2-01f20f54f757,heri agusman,https://play-lh.googleusercontent.com/a/ACg8ocIaz89MSn7ca3c-5faxH_Iz8Hdrstbqj-6xNl1CjLFCXTJmwA=mo,""aplikasi alfagift ini sangat membantu, karna saya bisa belanja dari rumah udh gitu gratis ongkirr, pengantaran nya cepatt, banyak promonya pokoknya sangat membantu sekali"",5,1,4.44.1,2025-11-21 14:38:06,,,4.44.1";
"a4a531f6-e3f4-4849-a79a-2c2ca368539a,Rizal Aprizal,https://play-lh.googleusercontent.com/a-/ALV-UjXWYNfOavVGonXrNwVTZPKG7DXDSze7-EStlhsNFqSa1j6Z470,""evaluasi di pengiriman,beberapa kali pesan produk es krim pasti di kirim belakangan alasan ketinggalan,pesan pagi di kirim sore,di chat tidak respon sama sekali padahal di baca.niat buat di makan langsung orang rumah jadi tidak selera."",2,2,4.44.1,2025-11-24 08:44:56,""Hai, Kak. Maaf atas pengalaman kurang nyaman terkait pengiriman yang sering telat dan chat tidak dibalas 🙏 Kami paham ini bikin kecewa apalagi kalau mau dimakan langsung. Masukan ini akan kami teruskan supaya jadi evaluasi. Jika butuh bantuan, silakan DM IG @Alfamart / @Alfagift_idn dengan nomor pesanan & kode #3023639 ya. Terima kasih. ^Raf"",2025-11-25 03:30:48,4.44.1";
"9baa1c1d-ae31-4921-94ea-df9842216d7f,Irsan Ariansyah,https://play-lh.googleusercontent.com/a-/ALV-UjWXg0tZM36QsRiYaxpX8uA1sRSQpRHb_t4RywiMmCoEvjnyE_Hu,""pokok nyaa aku bahagia banget kenal aplikasi ini,,, banyak menawarkan barang promo, apalagi tiap bulannya, tiap. minggu dan setiap. hari ada aja gebrakannya yg buat saldo. ku ttp harus belanja ke sini, apalagi klu udh promo serba gratis, gajian untung, psm, pwp dan masih banyak lagi yang lainnya. trimkasih udh bersama ku dari tahun 2021 hingga skrang 2026 smoga kedepannya ttp jdi aplikasi paling best untuk kaum mageran seperti ku🤣🤣"",5,1,4.45.1,2026-01-02 11:31:33,""Hai, Kak. Kami sangat senang Alfagift/Alfamart bisa menjadi solusi terbaik untuk kebutuhan belanja Kakak sejak 2021. Komitmen kami adalah selalu menghadirkan promo menarik dan kemudahan belanja. Terima kasih atas kesetiaan Kakak, semoga kami dapat terus memberikan yang terbaik! 🎉^rsf"",2026-01-04 10:43:22,4.45.1";
96b70bf6-f910-4f76-9d86-126732cac4c6,Mawar Liana,https://play-lh.googleusercontent.com/a/ACg8ocLNyMQuiI6Wed895Lj5c-SJRQlDc5Os1F9QPHpn-p8_bGr7tg=mo,Aplikasi alfagift sangat membantu dan praktis untuk belanja kebutuhan sehari-hari proses transaksi selalu cepat banyak promo menarik dan poin bisa di tukarkan jadi lebih hemat pengiriman cepat dan pelayanan sangat baik 👍,5,0,4.44.1,2025-11-24 03:11:13,,,4.44.1;
"f39d7184-0ef1-4cc5-a1d0-b3e3fd65679a,ledy diana,https://play-lh.googleusercontent.com/a/ACg8ocJi5MpIPx8CgDMTauZhFyPQMPo8yxLuYRTCC5zgDZ8Ee4UeoA=mo,""Selalu belanja dgn Alfagift. Buat kaum mageran yg sukanya diantar2 wajib pake apk ini. Poin tercatat otomatis, resi tersimpan otomatis, cara pembayaran lengkap, gratis ongkirrrr. Gak ada lawaann apk belanja 1 ini. Kelazzz Kinggg 👑👑"",5,2,4.44.1,2025-11-17 06:41:34,,,4.44.1";
"12fe29b2-a3a4-4144-8260-fb6767ec7b06,Azizah,https://play-lh.googleusercontent.com/a-/ALV-UjXEZCNw0Odu0y7NKxapNKcy2LDZ3Ku4nPxvT9BmIncrHglk_Ys,""untuk aplikasi sangat bagus dan membantu , tetapi knpa barang yg di pesan setelah sampai terlihat kotorr berdebu ditambah tidak ada segell, sedikit kecewa dngn pelayanannya🙏"",2,0,4.45.1,2026-01-10 09:11:16,""Hai, Kak. Mohon maaf atas pengalaman kurang menyenangkan terkait kondisi barang yang Kakak terima. Kami akan berupaya meningkatkan kualitas pengecekan barang sebelum dikirim. Terima kasih atas masukannya! 😊 ^kip"",2026-01-10 09:31:30,4.45.1";
"cf487447-bd3b-4281-a739-e8c374d6e621,HIKAM SUROYA,https://play-lh.googleusercontent.com/a/ACg8ocJhP6wk2hynXb1ZVS0B5hjG3mmZNvZsTsBX7tbgeiKwM3kC2g=mo,""apk ini bagus sekali, bisa pesen barang lewat online.. trus nganter nya gratis ongkir juga... fixs rekomendasi sih buat para ibu"""" yg mals keluar buat n belanja.. moga kedepan nya semakin maju.."",5,2,4.44.0,2025-11-11 13:59:02,,,4.44.0";
f696dc6f-b621-4c7c-948c-62dba718775f,ryan adriyan,https://play-lh.googleusercontent.com/a/ACg8ocJXAI8emvIHHjry4M_WVFJ9Rv0r1Pjo_T9zW8l4ZQIOPFU2m5A=mo,Aplikasinya membantu banget. Udah bisa Liat dan tau promo diAlfamart tanpa ke store-nya langsung. Apalagi saya bisa pesan delivery. Pokoknya apliksasinya recomended banget. mantap deh,5,0,4.44.1,2025-11-19 08:49:42,,,4.44.1;
"23627d51-d7dd-4efa-9a19-f0b34cd78852,Yeni Nur Anisah,https://play-lh.googleusercontent.com/a-/ALV-UjXj1LAvzeRT_gWxyfDIpOkgRMw6vu4s7gloMpyuLAiI_HjEgidD,""beli di aplikasi pakai poin barangnya gak sampai ke alamat malah dkirim ke alamat lain ,mana dari aplikasinya tidak bisa di chat .padahal alamat sudah tertera jelas serinci mungkin pula .pertama kali pakai ni aplikasi nyesel bangettt"",2,2,4.44.1,2025-11-30 16:41:54,""Hai, Kak. Kami selalu berusaha melakukan peningkatan kualitas layanan dan kepuasan pelanggan hingga layanan kami menjadi lebih baik dari sebelumnya. Soal kendala pengiriman pesanan, silakan hubungi kami melalui DM ke IG @Alfamart, @Alfagift_idn atau pusat bantuan aplikasi Alfagift dengan melampirkan kode #3102613. Terima kasih ^rd"",2025-12-01 01:11:52,4.44.1";
"3b7645ed-db98-47c3-aec2-9c3811595c36,MHD. IQBAL PUTRA ALAM,https://play-lh.googleusercontent.com/a/ACg8ocK5z8xMfiE5V9ZiAaCyMVHFJWLtDx_53eT9zcD08OiD_2hb=mo,""aplikasi ga jelas.... mesan barang dari jam 4 sore,barang gk sampe2... padahal ada pemilihan waktu pengantaran,,, aku minta maksimal Sejam setelah pelunasan... tapi udah lebih 4jam gak sampe2"",1,3,4.44.1,2025-11-20 12:38:29,""Hai Kak, mohon maaf atas ketidaknyamanan yang dialami. Kami terus berupaya meningkatkan kualitas layanan agar lebih baik. Terkait dengan kendala yang Kakak alami, mohon bantu kirimkan detail kendala melalui DM ke IG @Alfamart/@Alfagift_idn atau pusat bantuan Alfagift dengan kode #3071037. Terima kasih😊️ ^rsf"",2025-11-21 04:39:01,4.44.1";
"ff574e71-d8af-409c-995c-49e3161a7a2c,Novv Nando,https://play-lh.googleusercontent.com/a-/ALV-UjVZGgcnBVtkbfgCLSEqD7xH-KnfxHwA1VCtvtcEfD23zynq3eVTeQ,""Aku kasih bintang 5 untuk aplikasi alfagift,karena belanja untung dengan program tebus murah di alfagift.Dengan belanja 50 ribu aku bisa terus murah sosis fiesta ready to go dengan harga 5 ribu..wouuw benar benar banyak untungnya.udah gratis ongkir tinggal duduk manis di rumah barang yang kita butuhkan langsung dateng. Harapan ku semoga alfagift terus berkomitmen memberikan program program yang sangat di sukai pelanggan seperti ini.terimakasih alfagift semua jadi lebih mudah"",5,2,4.44.1,2025-12-03 04:03:58,,,4.44.1";
"0fa3733c-5053-4f06-a736-becf3c554a1e,Endang Setiasih,https://play-lh.googleusercontent.com/a-/ALV-UjXsPJ4xqmO2ouTeepgG0_kv91bptYkq3xpmZcPtYviErLlxIluy,""Kalau ada bintang lebih dari 5 mungkin aku akan kasih semuanya pokoknya 10/10 sama aplikasinya karena memudahkan kaum mageran seperti aku dan suka dengan barang promo tinggal scrol2 pilih barang sambil rebahan langsung checkout tinggal nunggu barang dianter sama abang kurir, selain itu belanja lebih hemat karena banyak promo terutama promo JSM dan promo gantung. Terima kasih Alfagift 🥰😍"",5,1,4.45.1,2025-12-30 05:05:08,,,4.45.1";
"b314abe7-476b-48e1-9f4c-af37352ba7dc,Rio rio,https://play-lh.googleusercontent.com/a/ACg8ocKav7hT69mSdXSwihcuT6_XLkcReAvrkCW5W33qrA6VIodLTg=mo,""masukan saya ,di aplikasi alfagiff di update ,biar kita bsa membatalkan pesanan melalui apk alfagiff. ini saya salah pesan ,malah tdak bsa di batalin ,kita harus chat lgi ke admin. bikin riwayat pembatalan orderan di aplikasi.🙏"",1,1,4.45.1,2026-01-01 07:02:44,""Hai Kak, mohon maaf atas ketidaknyamanan yang dialami. Kami terus berupaya meningkatkan kualitas layanan agar lebih baik. Terkait dengan kendala yang Kakak alami, mohon bantu kirimkan detail kendala melalui DM ke IG @Alfamart/@Alfagift_idn atau pusat bantuan Alfagift dengan kode #3204616. Terima kasih😊 ^raf"",2026-01-04 02:03:31,4.45.1";
"bf259181-ac29-4a28-bab2-bb5a734c8084,Ferdian Yudha,https://play-lh.googleusercontent.com/a-/ALV-UjXdpj_fOE61yDpeM5FzcdVO-E3PHYT1LAtktmwOWJt2eErlUps,""Dapet rekomendasi dari teman katanya alfagift tuh bagus dan praktis. Ternyata kebalikannya. Saya order, kemudian dibatalkan oleh toko karena alasan operasional. Minta pengembalian dana, LAMA BANGET bahkan sampai sekarang dana ga balik. Saat ini saya memutuskan uninstall dan tidak akan ke gerai alfamart manapun, mending ganti ke yang lain aja. Terima kasih atas pelayanan yang mengecewakan."",1,3,4.45.1,2026-01-11 17:40:35,""Hai, Kak. Kami selalu berusaha melakukan peningkatan kualitas layanan. Soal kendala pesanan Alfagift, silakan hubungi kami melalui DM ke IG @Alfamart, @Alfagift_idn atau pusat bantuan aplikasi Alfagift dengan melampirkan kode #3208056. Terima kasih ^ts"",2026-01-12 01:18:35,4.45.1";
"0e8d1bf4-e85a-4d01-922a-ca7b99d5469d,Wahyu Tri wijayanti,https://play-lh.googleusercontent.com/a/ACg8ocJ131Gytg_n8blCtOMtnGycm3DU-2HeJxjNJS0FUx96S9S2cQ=mo,""aku kasih bintang 5 untuk aplikasi alfagift, banyak banget program cuan nya apalagi akhir tahun dapet banyak voucher produk skincare yang kalo beli dari alfagift voucher nya bisa di Doble2 makin cuan maksimal, program Cashback juga selalu jadi garapan favorite.belum lagi belanja dapet poin aku tukar sama paket data ,kalo nggak ya tukar poin saat belanja biar tambah potongan nya . semoga alfagift makin bagus banyak program lagi , misal tebus murah alat2 rumah tangga."",5,0,4.45.1,2025-12-30 00:42:47,,,4.45.1";
"ade868a1-d719-47e5-9b7e-e310f76764c9,siti aminah,https://play-lh.googleusercontent.com/a-/ALV-UjXqr4PKnddL6WbUFGxJTTj0Y93HlkmyR7Bk-zHx3Fo3SO5T3jYPSA,""Ini kenapa jd ngga bisa delivery ya ? infonya alamat tdk tercover, padahal bisa sat set. Ada apa dg aplikasinya ??? tol alfagift system nya diperbaiki."",4,2,4.45.1,2025-12-27 02:05:55,""Hai, Kak. Status operasional toko bisa berubah sewaktu-waktu yang menyebabkan toko yang sebelumnya melayani pengiriman ke alamat Kakak, saat ini sedang tutup atau tidak melayani pengiriman karena pembaharuan terkait jangkauan pengiriman^Yna"",2025-12-28 01:57:02,4.45.1";
7c7dfdc8-5600-473e-8a0b-5eb52d48bba6,Bayu Ismoyo,https://play-lh.googleusercontent.com/a/ACg8ocJNTJvBZ3eSYvt7Li6QndST2kkxuII-UWuGPF0215KUR8KQmA=mo,alfagift bener bener ngebantu banget buat saya saat belanja nggak usah repot2 pergi ke toko... mana pengiriman nya cepat bngt gk sampai 1 jam gratis ongkir tanpa minimal belanja serta kurir dari alfamart yang ramah2... makasih alfagift /alfamart semoga kedepanya lbh maju lbh bagus,5,1,4.44.1,2025-12-03 02:38:17,,,4.44.1;
"c66aeb47-0f15-4ced-82d0-92db8374ac6e,Ari Ardiansyah,https://play-lh.googleusercontent.com/a-/ALV-UjVWjoKYf-8wFp1jNw1Rcn3R8kg84EIM-XpGpOZcY_JzfTKZn5BJ,""Aplikasinya bagus dan mudah kalau mau belanja di alfamart tinggal pilih barang tidak perluh ketoko alfamart nya dan bisa cod lagi , senang sekali."",5,4,4.44.1,2025-11-17 04:01:24,,,4.44.1";
"262b707e-92d8-4120-8116-7c1734258e64,Muhamat Thoha,https://play-lh.googleusercontent.com/a/ACg8ocJKQk_-IEip-YGW1uBj9U7PKRFRTBtFt1RNfxO_DUSrAcfLaA=mo,""pikir lagi dah pake aplikasi ginian, pesanan kurang di komplain ke cs malah di gantungin gak ada folow up nya sampe 3harian padahal level dah tinggi masih aja gak ada prioritas mikir² aja dah kalo belanja, saran sbelum di antar tlfn kurir nya harus ketemu dan di cek langsung bahaya soalny komplain kita gak berlaku"",1,1,4.44.1,2025-12-11 10:52:16,""Hai, Kak. Kami selalu berusaha melakukan peningkatan kualitas layanan dan kepuasan pelanggan hingga layanan kami menjadi lebih baik dari sebelumnya. Soal kendala pesanan yang diterima kurang, silakan hubungi kami melalui DM ke IG @Alfamart, @Alfagift_idn atau pusat bantuan aplikasi Alfagift dengan melampirkan kode #3147123. Terima kasih ^rd"",2025-12-11 12:06:44,4.44.1";
"6f0a3a69-9ab5-4469-9d8d-8518a125004f,Lamria Eliza Sirait,https://play-lh.googleusercontent.com/a-/ALV-UjWgYKA5sIXKq8D1ODiAbc0kub6eBs1f0bBqrTYAYyOESm-K3xAkZw,Aplikasinya sangat membantu dan memudahkan kaum emak² belanja krn brg diantar sampai rumah🙏 belanja Puas harga Pas konsumenpun Happy barang diantar sampai kerumah tanpa dibebankan biaya ongkir😍😊😊 belanja lewat aplikasi harga lebih murah terimakasih alfamart terimakasih Alfagift🙏😇😇,5,2,4.44.1,2025-11-17 01:36:29,""Terima kasih atas ulasan baiknya, Sahabat :)"",2019-08-08 07:37:59,4.44.1";
"3abaee00-ea1e-4b84-887e-2a3954ba2b7b,Gallistan Bayu Sentanu,https://play-lh.googleusercontent.com/a-/ALV-UjUZvL-ZnPRUGv1vyyz4uJGwFuD7g4RWqPTbpHJPMJTmzjnFJhQhyw,""respon lambat, admin tidak responsif. Tidak ada kejelasan waktu yang pasti saat pengantaran, sudah melakukan pengajuan pengembalian dana malah status berubah jadi dikirim. saran saya kalau belum siap di aplikasi atau sistem lebih baik tidak usah aja sekalian, karena dari segi waktu, estimasi pengiriman, kepercayaan terhadap pelanggan jadi berkurang"",1,1,4.45.1,2026-01-09 06:00:47,""Hai Kak, mohon maaf atas ketidaknyamanan yang dialami. Kami terus berupaya meningkatkan kualitas layanan agar lebih baik. Terkait dengan kendala yang Kakak alami, mohon bantu kirim nomor pesanan & detail kendala via DM ke IG @Alfamart/@Alfagift_idn atau pusat bantuan Alfagift dengan kode #3228344. Terima kasih ^raf"",2026-01-09 08:24:49,4.45.1";
"81a9c2b8-979d-4d42-be29-ce3391275464,Erlangga Ekasaputra,https://play-lh.googleusercontent.com/a/ACg8ocJyFlnCd-FZCV4FgVVNzPplHGGQHbciVTlRCvQTfYRLi590sA=mo,""Saya beli minuman lewat jasa alfa gift kategori kirim 1 jam setelah order tapi sebelum 1 jam pengirimannya di kirim pas dah lewat satu jam di tunda nunggu sampe 3 jam ga di kirim kirim saya di batu ceper inisial toko ALFAMART SUKATANI,mengecewakan sekali perbaiki dulu layanannya baru saya ubah bintang nya"",1,2,4.45.0,2025-12-24 13:25:58,""Hi, Kak. Mohon maaf atas ketidaknyamanannya. Mohon infokan nomor pesanan Alfagift Kakak melalui DM Instagram @alfagift_idn dengan memberikan kode #3180085 agar dapat Shalma bantu cek ya. Terima kasih 😊️ ^ad"",2025-12-24 16:55:16,4.45.0";
"b47400fa-3cb6-45e1-8e63-520a2b1426bb,1983_Anette Felicia Paska Hasibuan,https://play-lh.googleusercontent.com/a-/ALV-UjVoSpGTRYbbvPY9q-iUDJ-Py-Qo1nO8dyF0GwkG0OtTtu2mvA,""pengiriman di buat sejam, tapi lebih dari sejam belum di kirim juga. yang di pesan makanan saya kira bakalan sampai dalam sejam ternyata lebih dari sejam datang. lain kali tolong dong kalau di buat sejam ya sejam datang. saya karna asam lambung jadi gabisa pesan langsung l, pesan online saya kira gabakalan selama itu. lain kali tolong dong ya di perbaiki itu makanan saya pesan untuk makan saya udah asam lambung nunggu itu lama"",2,1,4.45.0,2025-12-19 10:40:18,""Hai, Kak. Kami selalu berusaha melakukan peningkatan kualitas layanan dan kepuasan pelanggan hingga layanan kami menjadi lebih baik dari sebelumnya. Soal kendala pengiriman pesanan Alfagift, silakan hubungi kami melalui DM ke IG @Alfamart, @Alfagift_idn atau pusat bantuan aplikasi Alfagift dengan melampirkan kode #3167153. Terima kasih ^rd"",2025-12-19 11:43:26,4.45.0";
"f94ef3cf-5b18-45ad-ba30-285f72732b37,nurieka syakila,https://play-lh.googleusercontent.com/a-/ALV-UjUJyJcdaeELRdQwYUsTHuQvXJzIB8Ji7nEJSJ7gBtdwkdinE6M,""aplikasi alfa gift so helpful banget guys! aku udah pakai sekitar 2 tahun lalu yah, dimanapun yg ada alfamart atau Alfamidi, ktka klean mager atau tidak bisa keluar rumah, dianter gaes, dan free ongkir! kita bisa atur kapan barang diantar jamnya, minimal 1 jam setelah pesan. kita bisa pesan skrg biar ngga lupa nih, tinggal pilih aja misal mau dianter sore karna br pulang kerja bisa. pegawainya kyk udah d training sat set gt.. d sukabumi aku jg pernah coba Delivery loh#alfagiftfreeongkir"",5,0,4.45.1,2025-12-27 18:18:57,,,4.45.1";
"375ddea8-f545-4c30-b6fc-d22779bb9337,Urip Nurfaizah,https://play-lh.googleusercontent.com/a-/ALV-UjW1VQVcrCnHnu4pW-YrRZZgfo7vNdoWAFdqoHv-nO4QzCuME-Ka,""Pengalaman Belanja yang Memuaskan! 🛒 Saya sudah menggunakan Alfagift App selama beberapa bulan ini dan sangat terbantu untuk belanja kebutuhan sehari-hari. Yang paling saya suka adalah: ✅ Promo gratis ongkir sangat membantu menghemat budget serta Proses pengiriman cepat ✅ Produk lengkap mulai dari sembako, makanan ringan,kebutuhan rumah tangga Harapan untuk pengembangan aplikasi kedepan 🔸 Lebih banyak variasi metode pembayaran 🔸 Lebih banyak promo bundling produk #AlfagiftGratisOngkir"",5,16,4.45.0,2025-12-13 19:27:49,,,4.45.0";
"74d7681d-037e-44f8-8a52-08a4492e1ca3,anca ansar,https://play-lh.googleusercontent.com/a/ACg8ocJgOMF2oR2tVqUXUy2N2xta1sGAG1BTICIpoc4pebudZkyN5WI=mo,""Bagus tawwa aplikasi na, bisaki pilih2 barang dan cari yg murah sesuai kebutuhan dan menyesuaikan isi dompet. eh ada juga promo2 na ya menarik jadi tunggu apaki lagi.."",5,2,4.44.1,2025-11-19 00:10:43,,,4.44.1";
"d03c2728-afbc-46da-b98d-3615620abab9,KHUSNUL KHOTIMAH,https://play-lh.googleusercontent.com/a/ACg8ocL2OX6c_Z_Tie1N73Z9PZCKRxI9ti0kVreWHckPm5EQsUmfSgE=mo,""makin ksini makin kesana ya!!! percuma ada pilihan waktu pengantaran, ujung²nya nunggu lebih dari estimasi!!! trus chat ke toko tujuan, padahal online tapi centang 1!!! ga semua toko lama tapi toko yang ini bner² lama banget!!!"",2,0,4.45.1,2026-01-08 05:52:01,""Hai, Kak KHUSNUL KHOTIMAH. Maaf banget atas kendala yang terjadi. Jika pesanan belum diterima, Kakak dapat menghubungi Shalma melalui DM Instagram Alfagift dengan melampirkan kode #3225908 agar dibantu pengiriman produk pesanannya lebih cepat. Kejadian ini akan Shalma jadikan evaluasi untuk lebih baik lagi. Terima kasih :) ^kip"",2026-01-08 14:05:41,4.45.1";
"3d79766e-7ff4-4a7d-9b8e-dc1d0f78d187,Didit Saputra,https://play-lh.googleusercontent.com/a-/ALV-UjWLKLsmjYWnLBOZuXnUyNHL_k10azVe5gkwVResXxZknqiSJd2n,""Aplikasinya mantap lebeh praktis,lebeh mudah bisa langsung lihat point ponta, alfa stamp dll,pokoknya pasti lebeh untung.joss"",5,1,4.44.1,2025-11-24 02:54:00,,,4.44.1";
f9250e95-3300-4090-bc95-af0e96e0d755,Ipul Ritonga,https://play-lh.googleusercontent.com/a/ACg8ocJKQBasmOOg6uoXaMsIQDqGpW0u6_v81A0FsMAgOh9RBd13LQ=mo,Memakai alfa gift sangat enak dan merupakan pengalaman yang asik. Kita bisa melihat harga barang dan memesan barang tanpa ke toko.,5,1,4.44.1,2025-11-22 06:28:55,,,4.44.1;
"dde8bd27-cd85-4678-93de-c3abc9b5140a,Kaguya ID,https://play-lh.googleusercontent.com/a-/ALV-UjVqF0FsX0NzWLWnFWwemmolYKHrie8s67HFkeIE5ccbbUx2d57E,""“Aplikasinya sangat membantu! Produk lengkap, sering ada voucher menarik,Reward poinnya berguna,Mulai dari isi ulang pulsa, beli kebutuhan rumah,semuanya ada,Belanja di AlfaGift jadi favorit saya!”"",5,0,4.44.1,2025-11-17 06:35:09,,,4.44.1";
"907355ea-3101-4168-851d-40806e81abf8,Yuda Septiawan,https://play-lh.googleusercontent.com/a-/ALV-UjUlFG-vcppx0jBPxd2zDOzKoA0vXbH8vjdGEFlEO5BBIa2CXDqF,""alfagift sangat mempermudah belanja online dalam estimasi satu jam kita bisa langsung dapet pesenan kitaa,yang paling okee nyaa kita bisa belanja tanpa batas apapun dan semua barang adaa"",5,0,4.44.1,2025-11-24 14:48:46,,,4.44.1";
"23a08351-5a16-494b-82d9-91bfff45d77b,Varell Aqmar,https://play-lh.googleusercontent.com/a/ACg8ocLVux-LOj2_f8ZYyoGJ4liWGlDA3SVjnxYqen0D6AqFB0wIxA=mo,""aplikasi yang sangat bagus untuk di zaman sekarang, cukup pesan di aplikasi , maka pesanan kita lansung di antar , gratis ongkir juga🤩, dan banyak promo promonya🤩"",5,1,4.44.1,2025-11-17 05:12:19,,,4.44.1";
c06b4664-608d-438b-b4d0-52966d47b886,Roland mhk,https://play-lh.googleusercontent.com/a/ACg8ocKvgQmT_UzWBHUb25BdojExyAAu8NFHdS905AgzcQgbGM8ZHQ=mo,aplikasi nya sangat baik tidak ada kendala harga ditoko dan di aplikasi tidak pernah beda bisa cek poin dan voucher kita jadi udah ada planning dari rumah untuk belanja apa mantep,5,2,4.44.1,2025-11-24 05:33:00,,,4.44.1;
"31c2d052-fa9a-418e-a258-c445edbf37a1,pelita mawar,https://play-lh.googleusercontent.com/a-/ALV-UjVLOCZ0WbPxl4QAyRPPptMvTL45UGld-R5lWd5AyP7b4cubMd4i,""Aku kasih bintang 5 untuk aplikasi Alfagift, karena Belanja Untung dengan program Harga Spesial dan Tebus Murah di Alfagift. Semua kebutuhan rumah tangga tersedia di Alfagift lho, apalagi ada program Harga Spesial di Alfagift, murah banget. Belum lagi ada tebus murah dan Cashback,makin sering pesen terus mulai dari kebutuhan anak, makanan, bahan dapur dll. Ada juga Voucher potongan,sangat untung. Aku berharap makin banyak lagi diskon,gratis produk,Bebas Belanja Untung terus kedepannya 💞"",5,7,4.44.1,2025-12-31 04:23:34,,,4.44.1";
"23070327-2f1c-4cc0-9ff9-5098f50145be,Muhammad Abdul Aziz,https://play-lh.googleusercontent.com/a-/ALV-UjVZzElrcmCwXh83wUIjbObSJ4krw82nx76ytxuhTFy8UTipxkFW,""klo ada apa2, bisa komplain via DM instagramnya alfagift, respon cepat 👍 tambahan saran: di bagian history transaksi, sediakan fitur pencarian yang bisa difilter by product name, dan tanggal pembelian, semoga segera muncul"",5,2,4.44.1,2025-11-22 23:41:46,""Hai Kak Muhammad, Terima Kasih atas ulasan baiknya untuk Alfagift. Kami akan terus melalukan perkembangan baik dari fitur, kenyamanan serta keamanan dalam bertransaksi di aplikasi Alfagift. Apabila memiliki kritik/saran atau kendala yang dialami silahkan sampaikan melalui DM Sosmed @Alfamart atau @Alfagift_idn dengan kode #AG012453 ^esf"",2023-11-02 17:56:28,4.44.1";
"0ffd503f-8882-48a5-b1a8-8f8581285d14,Nazwa Aziza,https://play-lh.googleusercontent.com/a/ACg8ocLkfC1gi0h1rSwQVe-Wxro0EJ0EzlepLqS9N_1H_lHN9DISug=mo,""Aplikasi Alfagift memudahkan banget buat belanja kebutuhan harian. Banyak promo dan poinnya juga terasa manfaatnya. Pengiriman cepat, barang aman, dan customer service responsif. Puas banget pakainya!"",5,1,4.45.1,2026-01-11 11:40:04,,,4.45.1";
"274d6a64-869f-4a97-8f56-d8cef50ce07b,Leni naluritaa,https://play-lh.googleusercontent.com/a-/ALV-UjXGbRlWCGPglOTZXtDJcxtYdP7kyTeDC15Vn3hMU3F2CYvpUgoz,""Setalah jadi IRT kemudian menjadi ibu dengan segala keperluan anak ,ternyata hobiku sekarang belanja lewat aplikasi alfagift yang hobi banget ngasih promo2 yang luar biasa wkwk apalagi kalau udh promo beli 1 gratis 1 tebus murah kalap jadinya"",5,1,4.45.0,2025-12-13 13:57:58,,,4.45.0";
"be9eebd8-d7bb-4696-b497-9cd6e0eeb35a,NURAIDA,https://play-lh.googleusercontent.com/a-/ALV-UjUF7-ZSD06hELgOe1655_TII-aewx04_rkwhKnjFc1uMZJsuDuUFA,""keren banget aplikasinya, promonya selalu update dan senang ngumpulin koin.Belanja jadi lebih simple, tinggal cek apknya,bayar, selesai. pokok nya ngebantu bnget deh untuk sehari"""" 👍🏼"",4,2,4.44.1,2025-11-21 07:09:32,,,4.44.1";
"344e3ca8-3f9c-48b6-9019-08618098c277,Khai Runnisa,https://play-lh.googleusercontent.com/a-/ALV-UjXBPTVaNkyiqCzFrgM_pJvDQIFx0chFuZnDYrOUoHm0zJeLD-zY,""aku kasih bintang 5 untuk aplikasi alfagift,karena belanja untung dengan tinggal pesan masukkan keranjang terus dianter deh,dan gratis lo teman gak pakai ongkir..Tak hanya bebas ongkir dan cepat sampai, belanja online di Alfagift juga anti-ribet. Apalagi Anda bisa mendapatkan potongan harga dari beragam promo favorit, seperti JSM Alfamart maupun Payday.harapan saya semoga alfagift makin sukses dan memiliki cabang yg banyak😍 #AlfagiftGratisOngkir"",5,0,4.45.0,2025-12-18 12:21:47,,,4.45.0";
"17d482b0-c3fb-4488-bb1d-3ac330e5e21b,Muhammad Sujito,https://play-lh.googleusercontent.com/a/ACg8ocIfetZqK8dHYHRNqHURIGZzAqf40D-1JDKr4MMLKVuVOgWzUg=mo,""pengembaliam dana minimal 3x24jam maximal 6x24 jam ga sekalian setahun aja min kurang lama itu mah, yg lain belum sejam jg udah di kembalikan, kan duit nya buat belanja lagi ."",1,2,4.45.1,2025-12-25 21:32:41,""Hai, Kak. Kami selalu berusaha melakukan peningkatan kualitas layanan dan kepuasan pelanggan hingga layanan kami menjadi lebih baik dari sebelumnya. Soal kendala refund belum diterima, silakan hubungi kami melalui DM ke IG @Alfamart, @Alfagift_idn atau pusat bantuan aplikasi Alfagift dengan melampirkan kode #3183158. Terima kasih ^rd"",2025-12-26 01:01:30,4.45.1";
"35e3ef42-a23e-40a9-a31a-5056da5851ae,Rizki Novian,https://play-lh.googleusercontent.com/a-/ALV-UjWau01nCoMV2CA45AC5pruy8M51MPShCWw1G2-kbfeF6PTbXFrdwA,""Aku kasih rating 5 karena Alfagift aplikasi belanja online yang pengiriman nya cepat, kurir ramah dan produk nya lengkap. Selain itu banyak promo menarik seperti tebus murah, potongan harga dan cashback. harapaku kedepan nya Alfagift semakin berinovasi dan terus maju"",5,3,4.44.1,2025-12-10 14:27:38,,,4.44.1";
"a43f4540-4a1d-4d15-9a90-c3436c39f9a9,RayNS,https://play-lh.googleusercontent.com/a-/ALV-UjWHZLlSEjcXp8XsIMkD6blmHOEooj-CwUdqVUJW--OTvm_sy7o,Force close di poco x7 pro android 16 terbaru. Sebelumnya di android 15 masih bisa berjalan dengan lancar. Tolong segera di update kompatibilitas aplikasinya,2,1,4.45.1,2026-01-01 08:22:02,""Hai Kak, mohon maaf atas ketidaknyamanan yang dialami. Kami terus berupaya meningkatkan kualitas layanan agar lebih baik. Terkait dengan kendala yang Kakak alami, mohon bantu kirimkan detail kendala melalui DM ke IG @Alfamart/@Alfagift_idn atau pusat bantuan Alfagift dengan kode #3204877. Terima kasih😊 ^raf"",2026-01-04 02:01:06,4.45.1";
"aae0f240-a16f-4c02-9003-7c6c4d80d921,Muhammad Farhan (Hanz),https://play-lh.googleusercontent.com/a-/ALV-UjXJQT0ePnXR6dbzFT8J_9x7ur8RoJgN0ZvouBzL7wyaIkznImqr,""Aplikasi nya udh bagus, tp di saat menggunakan sinyal wifi kenapa tdk berjalan lancar ya aplikasinya. Kalau pakai data kuota baru lancar Padahal wifi ku 100mbps lebih cepat di banding data kuota"",2,6,4.44.0,2025-11-11 01:14:42,""Hai Kak 👋 Terima kasih atas masukannya. Mohon maaf atas kendala yang Kakak alami 🙏 Kami sarankan untuk clear cache aplikasi dan coba login ulang, karena terkadang koneksi WiFi tertentu memiliki pengaturan keamanan yang menghambat akses aplikasi. Tim kami akan evaluasi agar Alfagift bisa berjalan lancar di semua jaringan 💙"",2025-11-12 03:18:17,4.44.0";
"15ffcc4d-c180-4088-8638-f702ab0d6e7f,Dhira Ramadhani,https://play-lh.googleusercontent.com/a/ACg8ocIOkUtaVDRy8JTM5KG5OMyCIJTFSfdaQGKXPCZ87wwBLBDV1tw=mo,""Aplikasinya sangat membantu untuk berbenja bulanan.prosesnya cepat,barang yang diantar sesuai pesanan, dan fitur membernya juga menguntungkan sangat direkomendasikan"",5,1,4.44.1,2025-11-21 08:22:58,,,4.44.1";
93719c1a-3e36-4eb7-87bf-33bc85f50bdd,Hamzah Hamzah,https://play-lh.googleusercontent.com/a/ACg8ocKCrN4pEj35oetOAEeEUav7H7HOAHKcNcprx2sD---jc3YtHg=mo,Mantap aplikasinya memudahkan semua orang untuk belanja terutama bagi para gen Z yang magernya minta ampun... Kurir Ramah.. Pelayan bagus bangeeettt.. Dipertahankan pelayanannya.. Terimakasih,5,2,4.44.1,2025-11-19 03:18:24,,,4.44.1;
bcdfb273-6d79-40d6-8104-8e6b565a18dd,Hartina awaudin nurma,https://play-lh.googleusercontent.com/a-/ALV-UjWl0yjRWH6rc6kqvX0xz595KcKeXyHmxA0AgKbgMLveH0zfZyo,Alhamdulillh setiap saya pake aplikasi alfagift saya dapat voucher belanja . Dan poin saya bisa di simpan di aplikasi jdi saya ga ribet lgi deh pakey😁😁dan poin saya juga bisa di pake,5,2,4.44.1,2025-11-24 11:26:26,,,4.44.1;
"4e7224d5-8260-4e47-864a-3a84c024920e,Irwan Hermansyah,https://play-lh.googleusercontent.com/a-/ALV-UjWRvWZaGVwYCsNe1Gx_ZVhjfd7C00a6xzHlY6wMTIrgOFzNx3Dd,""pengiriman kadang suka agak lama, klo bisa misalnya gak bisa ke kirim hari ini kabarin biar kita gak nungguin. trus sekarang gak pakai paperbag Alfagift lagi pakainya plastik tipis berasa belanja di pasar bukan alfa"",3,0,4.45.0,2025-12-23 07:54:07,""Hai, Kak Irwan. Maaf banget atas kendala yang terjadi. Jika masih terjadi kendala, Kakak dapat menghubungi Shalma melalui DM Instagram Alfagift dengan melampirkan kode #3177256 agar dibantu pengecekan. Kejadian ini akan Shalma jadikan evaluasi untuk lebih baik lagi. Terima kasih :) ^ds"",2025-12-23 08:29:59,4.45.0";
"9ad6edef-f1b1-46ce-9695-19bdf352822e,fikry ay,https://play-lh.googleusercontent.com/a/ACg8ocIls9QIs1Tnm8cA6tE96CEz9DHW7qneU2CFmQBNssPv3xuJRg=mo,""aplikasi yang sangat bagus untuk di jaman sekarang, cukup pesan di aplikasi, maka pesanan kita langsung di antar, gratis ongkir juga dan banyak promo promonya🤩🥳"",5,1,4.44.1,2025-11-20 09:56:21,,,4.44.1";
"6a993eb3-de4b-4ba6-a9f5-cfb9d4c5987f,Jendi Ahmad Hidayatullah,https://play-lh.googleusercontent.com/a/ACg8ocJ5qKQE5DmurKAV00X1AO7c_d3-muHJLYjQVrZ3hcDtp_LKqQ=mo,""sekarang belanja di alfagif bisa pakai idodana Paylater!! plus, nikmati pengalaman nonton live shoping yang lebih seru. tentu saja masih gratis ongkir tanpa syarat."",5,1,4.44.0,2025-11-11 06:10:35,,,4.44.0";
"6f3f09cf-8e3f-429b-897b-93b660e44764,Anang abu bakar,https://play-lh.googleusercontent.com/a/ACg8ocLbMp4Warqo8sPlotciYWQTfU7QGDhgSXwcUsCH5m4QYBDLkg=mo,""aplikasi yang bisa membantu berbelanja dari rumah, pengirimannya cepat, banyak promo, barang lengkap, belanja gratis ongkir pastinya di alfagift, alfagift selalu memuaskan👍"",5,1,4.44.1,2025-11-24 03:35:22,,,4.44.1";
"fdf43e8f-bc5a-4051-aee8-6632b1581a62,Ati Ulfana,https://play-lh.googleusercontent.com/a-/ALV-UjUIsCDO1Sg6Kqpj8HXTg_xZL7DXS2yM4o56-w-J8W1iVyoeiHDW,""Aku kasih bintang 5 untuk aplikasi ini, krn belanja Untung dgn program Bebas Biaya Ongkir,Harga Spesial & Alfa Star. Aku adlh salah satu pengguna aplikasi ini sejak 2019,di Oktober 2025 sampai sekarang saya lbh sering belanja disini dengan metode Delivery, krn memudahkan saya yng memang habis lahiran dan gak bisa kemana2 walau hanya sekedar beli Diapers anak, kebetulan diapers yg anakku pakai lagi adain program Alfa Star. Harapan nya semoga semakin banyak belanja semakin banyak promo & untungny"",5,1,4.45.1,2025-12-31 03:24:32,,,4.45.1";
"509cf258-487c-4ded-b700-6aa5e811bd03,Khotami Surkid,https://play-lh.googleusercontent.com/a-/ALV-UjWy1XNuC782gbaidAw-1K51djnyyRFdrZEa-YDsQSCMK6A2q7CU,""Alfagift Jakbar kembangan sekarang parah banget masa, pesen cod masa dibatalin sepihak mana udah pake voucher 2000, sama poin ponta 6700, biasanya juga cod aman aman aja sampai depan rumah lah ini gini, kecewa banget sama pelayanan Alfa gift, mana poinnya enggak balik lagi kan lumayan itu 6700"",2,0,4.44.1,2025-12-14 09:42:28,""Hai, Kak. Kami selalu berusaha melakukan peningkatan kualitas layanan dan kepuasan pelanggan hingga layanan kami menjadi lebih baik dari sebelumnya. Soal kendala pengiriman pesanan, silakan hubungi kami melalui DM ke IG @Alfamart, @Alfagift_idn atau pusat bantuan aplikasi Alfagift dengan melampirkan kode #3155635. Terima kasih ^rd"",2025-12-15 00:52:21,4.44.1";
"55f219e0-9440-4168-bc23-fd244299582c,Regar Razor,https://play-lh.googleusercontent.com/a/ACg8ocK7BpTJN7XRegk3Kv0pCCPvD8LWl83OcJ1QthBUfhshFZrjJQ=mo,""Aplikasi alfagift memudahkan kita untuk melihat harga barang dan bisa belanja dari rumah, pelayanan nya baik dan pengiriman nya cepat, dan juga kurir nya ramah2"",5,0,4.44.1,2025-11-21 05:40:34,,,4.44.1";
"35ca9c58-fb44-4309-a6bb-a345f5288337,Agus Prayono,https://play-lh.googleusercontent.com/a/ACg8ocJoFMUDBPZhWw4qnONAjGoj69U6zmgAnxwfb_lsHVbbFBbDOQ=mo,""Memakai aplikasi alfagift sangat membantu,bisa melihat harga barang tanpa ke toko langsung,dan belanja jadi gampang.Mantap ALFAGIFT🔥"",5,1,4.44.1,2025-11-21 07:45:13,,,4.44.1";
"acbf77c9-c180-422b-85df-2596daa0c117,Tata Huang,https://play-lh.googleusercontent.com/a/ACg8ocLNEebXJ1kDjIfMZSHCwqE5KWoXliss7tFoFj9CXiRVHaKeiQ=mo,""petugas delivery nya makin lama makin gak ada ramahnya, jangankan senyum, diucapin terima kasih, malah masam dan no respon.Udah beberapa kali....jd males skrg order delivery lg. terus pengiriman juga lama..klopun sibuk paling gk tinggal chat infokan gak masalah kn."",3,3,4.45.1,2025-12-24 15:05:55,""Hi, Kak. Mohon maaf atas ketidaknyamanannya. Mohon infokan nomor pesanan Alfagift Kakak melalui DM Instagram @alfagift_idn dengan memberikan kode #3180288 agar dapat Shalma bantu cek ya. Terima kasih 😊️ ^ad"",2025-12-24 16:55:06,4.45.1";
ffc7f8db-55c7-44b1-9354-e4197ae5faf5,Amrita Milda,https://play-lh.googleusercontent.com/a-/ALV-UjUG_yduDYvdSBh8PzbB5cHNKnMcSba6GP1BWJRjpopSErRgTwK_-g,semenjak ada alfagift belanja jd lebih mudah.. tinggal ketak ketik aja tanpa ribet.. banyak promo.. sangat membantu syekali...,5,1,4.44.1,2025-11-24 03:05:50,,,4.44.1;
"a4ab4c67-db9c-49c4-a3a5-dfcc8c1e190f,Cleo Anugrah,https://play-lh.googleusercontent.com/a/ACg8ocLhHD1DxBoItxsysZV5N-Y4UV78KKAkDDZ79NcYxeGQPDxPhQ=mo,Login gagal terus padahal sandi udah bener. suruh di riset udah di riset mau masuk suruh nunggu 1 jam karna gagal login 3 kali. kurang ajar bgt mempersulit orang. tanya ke pegawai alfa nya juga gatau kendalanya apa. ganti akun baru ttp ga bisa kata udah ngirim kode otp 5 kali pake akun lama ga bisa masuk juga gila apa ya ini apk.,1,0,4.45.1,2025-12-29 00:17:04,""Hai, Kak. Kami selalu berusaha melakukan peningkatan kualitas layanan dan kepuasan pelanggan hingga layanan kami menjadi lebih baik dari sebelumnya. Soal kendala pada aplikasi Alfagift, silakan hubungi kami melalui DM ke IG @Alfamart, @Alfagift_idn atau pusat bantuan aplikasi Alfagift dengan melampirkan kode #3192753. Terima kasih ^rd"",2025-12-29 03:27:55,4.45.1";
"5b144721-335d-4837-94a1-9af91ccc7795,mrezam putra,https://play-lh.googleusercontent.com/a-/ALV-UjXVVA7HrdcroYBa2khb_V7v2ijxRua4nc8HkHW1dQH-fd92AA4,""Alfagift sangat membantu sekali buat kita kaum Gen Z yg kadang ga sempat buat mampir ke Minimarket buat berbelanja, belanjanya mudah ,cepat dan tentunya banyak Promonyaa lagiii 🤗🤗 terimakasih alfagift sudah membantu kami kaum Gen Z ini 😊🥹🥹🥹"",5,0,4.44.1,2025-11-17 09:53:39,,,4.44.1";
"0b409cc9-d06f-454f-a2a4-4a9ad45b5928,Desi AKR,https://play-lh.googleusercontent.com/a-/ALV-UjUgoez0adFFlHfdy7gRatQ01N_tma0kDr6S9u8K-zpdkwMYGsZE,""okelah bagus. ga pernah ada kendala selama ini. mungkin kedepannya diadain fitur bisa pakai voucher lebih dari 1. biar checkoutnya ga perlu satu satu, per item per promo"",5,2,4.45.1,2025-12-30 18:17:56,,,4.45.1";
"02f1ec5d-7da3-4d00-be78-814b98ae3dfd,setia ningsih,https://play-lh.googleusercontent.com/a/ACg8ocJyldtmSiWtsoOxD5TPpn5AytgQK7g_QY3Hiyga14MbA0RWLw=mo,""alfagift membuat lebih gampang melihat harga dari apk ,dan bisa di pilih dari aplikasi agar sampai di toko tidak lupa belanja sesuai kebutuhan rumah"",5,1,4.44.1,2025-11-17 13:28:57,,,4.44.1";
"5abb3832-7ae3-454e-99bb-00838838341d,Satya W.,https://play-lh.googleusercontent.com/a-/ALV-UjVCTa__C3NxwBr980J27dl7-L9-t55WcPL3Ror3AVpM-vIO0PLc,""Tambahin fitur Sort by Price dg! Dan Voucher yang gagal oleh sistem karena waktu pembayaran habis, harusnya bisa balik lagi!!"",3,1,4.44.1,2025-12-05 11:39:24,""Maaf banget ya Sahabat, udah bikin sahabat gak nyaman. Mengenai Keluhan Sahabat akan Shalma sampaikan ke tim terkait untuk meningkatkan kualitas pelayanan Shalma kepada Sahabat. Untuk informasi lebih lanjut mengenai hal ini, Sahabat bisa untuk isi link ini ya https://alfa.id/support. Terima kasih :) :) ^-FJ"",2022-04-29 09:08:17,4.44.1";
"c1b471ab-77e8-4cda-bd0b-d6dfb6aed702,Muhammadreza Ramadhan,https://play-lh.googleusercontent.com/a/ACg8ocJUyX7c4DGf-Xn-re6UskZdxLs3maKlbJJv-quOjhsB4J00dXw=mo,""aplikasinya sangat bagus, dan sangat berguna seperti untuk belanja online 1. pengirimannya cepat 2.personilnya sangat ramah 3.banyak promonya"",5,0,4.44.1,2025-11-21 05:00:38,,,4.44.1";
"17a76f0c-f24b-43eb-bb8f-634a0254ce8b,Viviagustriyani Triyani,https://play-lh.googleusercontent.com/a/ACg8ocKbRWzxuTBZSuY605AfJcBS6ZesxCGD3gy73f-eXqpstObwxg=mo,""Sekarang, belanja di Alfagift bisa bayar pakai Indodana PayLater! Plus, nikmati pengalaman nonton live shopping yang lebih seru. Tentu saja masih gratis ongkir tanpa syarat! Update Alfagift sekarang!"",5,1,4.44.0,2025-11-12 15:59:20,,,4.44.0";
"b6f0c632-54ba-4ca6-9a3f-f4547d109bba,rangga tubagus,https://play-lh.googleusercontent.com/a-/ALV-UjXP8ob7l7LACtxsxorizcX9VKuuLON0ZXIrtQpmDRLCed4vRg8V,""saya sangat puas dengan aplikasi alfagift karena memudahkan saya untuk berbelanja online dan bisa langsung deliveri kerumah,dan di aplikasi alfagift banyak promonya.saya kasih bintang 5⭐"",5,1,4.44.0,2025-11-14 09:53:23,,,4.44.0";
"982622bb-3ee8-41c1-a9d6-a306db6996cc,Isnue Haidi,https://play-lh.googleusercontent.com/a/ACg8ocKN3wUongJakxyuY82YwizEv2UY3z8bSu9VxgNuaMFrAJ07qw=mo,Alfagift beli kuota gagal sedangkan dana sudah terpotong tapi kenapa dana tidak bisa kembali padahal sudah mengajukan pengembalian dana alfagift payah sangat payah.. Bintang 1 sangat cukup untuk alfagift,1,0,4.44.1,2025-12-09 05:40:53,""Hai Kak, mohon maaf atas ketidaknyamanan yang dialami. Kami terus berupaya meningkatkan kualitas layanan agar lebih baik. Terkait dengan kendala yang Kakak alami, mohon bantu kirim bukti bayar & detail kendala via DM ke IG @Alfamart/@Alfagift_idn atau pusat bantuan Alfagift dengan kode #3142868. Terima kasih ^raf"",2025-12-09 07:43:34,4.44.1";
"d19c7006-1d0c-4e07-b1bd-390e91d2ae87,Ai Sian,https://play-lh.googleusercontent.com/a/ACg8ocJna2hEWLZeuqewHxoKopo9aZ_uFRW5Zcnk3dY2jqhFHoMPYQ=mo,""belanja dari tgl.17/12/25,byr dgn e-wallet shopee.sdh berhasil transaksi dari shopee saldo sy sdh kepotong.tampilan/status alfagift blm ada diproses sampai akhirnya waktu pembayaran habis&batal.komplain shopee mereka blg tf sdh berhasil dgn bukti data2nya.komplain alfagift telp.sdh 3x ke cs 150...jg dgn email.biaya habis 30rb.pengembalian dana sampai hari ini tgl.8/1 blm masuk jg.kecewa, bagaimana jika belanja jutaan?malah buntung begini?trauma mau diapus sj apk ini."",1,0,4.45.1,2026-01-09 00:03:43,""Hai, Kak. Maaf banget atas kendala yang dialami, tolong kirimkan detail kendala dan data lainnya melalui DM IG Alfamart/Alfagift agar Shalma bantu cek ya, Kak. 😊^Yna"",2026-01-09 03:21:02,4.45.1";
"fccbb666-cfa6-4e81-979f-64a82405f485,B,https://play-lh.googleusercontent.com/a/ACg8ocIN_qRrK-mzVHIKUa9wuI5ZHl9TJmMRGPUfbFEznT-R2Obbffo=mo,sory y kasih bintang 3 selama ini aku percaya belanja disini cm tadi kok aku agak curiga total belanjaku 134.100 pas masukin voucher g berkurang dia pk permainan di potongan di awal tulisany hemat 39rb pas masukin voucher berubah hemat 28rb kan aneh ternyata potongan voucherny hanya permainan saja iseng nyoba klik masukin ke keranjang dengan belanjaan yg sama ternyata tanpa voucher udah hemat 39rb trus kenapa pas masukin voucher bukanya jadi hemat 49rb,3,1,4.44.1,2025-11-28 13:04:33,""Hi, Kak, maaf banget ya buat kendalanya. Biar Shalma bantu cek, mohon infokan detail kendalanya melalui DM Instagram @alfagift_idn dengan memberikan kode #3095597 ya. Kejadian ini akan Shalma jadikan evaluasi untuk lebih baik lagi Kak. Terima kasih :) ^rr"",2025-11-29 06:51:04,4.44.1";
"09fa9f81-6f64-4fa2-a975-6dc580ab0378,Nofa Rina Emru,https://play-lh.googleusercontent.com/a/ACg8ocLd-9q6fYKvPusXL8PIWRnMjMkZhhnLkOdqiUk2qgFZpG6Lcw=mo,""aplikasi ini sgt berguna,, memudahkan berbelanja sambil tidur pun bisa 😁😁 gak perlu ke toko lagi guys... ayo guys buruan dowln alfagift nya guys... mana bnyk promo n juga kiriman cepat guyss"",5,1,4.44.1,2025-11-24 01:41:36,""Terima kasih atas ulasan baiknya, Sahabat :)"",2019-08-08 05:48:39,4.44.1";
"548ab85b-5e50-4aee-9210-dc30b12785b6,Nety Setia Handayani,https://play-lh.googleusercontent.com/a-/ALV-UjXLUPlbyz9TzEQPAstT2gKLaf6LKWyvCk8yUqi5-2PuW22T25MX,""Aplikasi BODOH. Produk yg lupa di keranjang dan habis TIDAK BISA DI HAPUS DENGAN CARA APAPUN, akhirnya kalo mau order produk lain, harus nunggu restock dulu produk yang habis baru di hapus. IT nya ga guna !!!!!"",2,2,4.45.1,2026-01-13 06:57:40,""Hi, Kak, maaf banget ya buat kendalanya. Biar Shalma bantu cek, mohon infokan detail kendalanya melalui DM Instagram @alfagift_idn dengan memberikan kode #3240334 ya. Kejadian ini akan Shalma jadikan evaluasi untuk lebih baik lagi Kak. Terima kasih :) ^rr"",2026-01-13 07:20:30,4.45.1";
"a20b1628-2231-49f8-b154-27bb269c887d,Miftachul Nafila,https://play-lh.googleusercontent.com/a-/ALV-UjX2PMYQ404rw4VcId4O64PLQTNx3H1Lnjx54KSMWNFGwOvVV40T,""bintang 5 buat alfagift, karena benar benar membantu menghemat waktu maupun pengeluaran dengan program harga spesial, free produk juga. harapan ku buat alfagift semoga tetap konsisten akan promo promo yang ada dan semoga semakin lebih baik untuk kedepan nya dan semoga semakin sukses selalu🤗"",5,0,4.45.1,2025-12-29 14:20:40,,,4.45.1";
"0b31a707-9304-45c3-a343-14d4115317c1,nabadia christina,https://play-lh.googleusercontent.com/a/ACg8ocIxD7nqmWwuAvsGKOExXbOw-PBQcKA8C1DYhezBKx01qpc_Pg=mo,""parah banget, saya pesan le mineral galon 15L pengiriman instan tapi gak sampai hari yang sama, padahal keterangan nya sampai pada hari pemesanan. Admin saya chat slow respon, infomasi barang sampai gak jelas, foto bukti gak jelas, saya cek CCTV tidak ada kurir ngantar barang ke kosan saya. Aneh banget. nyesal bangettt njirrr hati hati pengguna alfagift"",1,1,4.45.1,2026-01-04 13:07:25,""Hai, Kak. Kami sangat menyesal Kakak mengalami kendala pengiriman instan dan pelayanan yang kurang baik. Masukan Kakak sangat penting bagi kami agar kualitas layanan menjadi lebih baik. Terkait dengan kendala yang Kakak alami, mohon bantu kirimkan detail kendala melalui DM ke IG @Alfamart/@Alfagift_idn dengan kode #3215685. 😊️ ^rsf"",2026-01-05 04:52:24,4.45.1";
"d0f922bd-260c-4f29-8eac-a53ea6482fd2,Dvi Nanda,https://play-lh.googleusercontent.com/a/ACg8ocJbgoPeiMWZE9sjmHXg7gxX_-cjMuGH5Y8Dewzx4PE-x-qZB6Q=mo,""apk dibuka lemot banget, mau cari barang dipencarian tp gabisa malah putih semua layarnya, aneh udh di perbarui masih ky gtu uninstall buru2. kecewa sm layanan alfagift parah"",1,3,4.44.1,2025-11-27 03:59:23,""Hai, Kak. Kami mohon maaf atas ketidaknyamanannya. Coba setting notch/cutout di pengaturan display ya, Kak. Perbaikan masalah ini sedang diupayakan pada versi 4.45. Terima kasih! 🙏"",2025-11-27 06:50:49,4.44.1";
"3bc3f9c6-b288-4dd3-bc75-e6ace225063c,siti nur kholifah,https://play-lh.googleusercontent.com/a-/ALV-UjXUced88m-EvJon0-FfPv7YdPeuR51jtTANb5eVFDpcSmLn1XAV,""Aku kasih bintang 5 untuk aplikasi Alfagift, karena Belanja Untung dengan program Tebus Murah dan cashback di Alfagift. Saya senang sering kali saya mendapat kesempatan untuk tebus murah produk-produk saat berbelanja min.75rb mulai dari fnb sampai kebutuhan rumah tangga. Dan kemarin saya dapat produk pembalut gratis karena tukar star, siapa sih yang gak suka produk gratis. Semoga ke depannya Alfagift semakin sukses dan dikenal banyak masyarakat karena sangat memudahkan dalam berbelanja."",5,1,4.44.1,2025-12-02 19:56:45,,,4.44.1";
"61a5deaa-4725-4a4e-b245-3fa71f4c1707,ramario nathaniel,https://play-lh.googleusercontent.com/a/ACg8ocJuORjEPTfeF9dximSBQiNf1SDMDdYRNwKLyly88dVYOoaMDw=mo,""Selama belanja di alfa gift masih oke pengiriman cepat, barang lengkap, dan paling suka banyak promo promo dan cashback nya, terimakasih alfagift tetep terbaik 😍😊👍"",5,1,4.44.1,2025-11-24 05:59:30,,,4.44.1";
"0e2b18eb-938a-47fd-9d8a-d1cd4c776335,Muhammad Rizal,https://play-lh.googleusercontent.com/a/ACg8ocKBqw8mxXDgsf4_sHU5-3OXI2FaSzZMscTUZU-dMup7CfQfNA=mo,""Aplikasi nya keren sekali sangat bermanfaat bagi konsumen, saya biasa belanja di kuala cenaku semua karyawan nya sangat ramah, tolong naikkan gaji mereka pihak Alfamart."",5,1,4.44.1,2025-11-17 09:34:19,,,4.44.1";
"627f6d46-51aa-4653-8c2f-4e78ecefebb6,anam jannah,https://play-lh.googleusercontent.com/a-/ALV-UjXvu1jxV1Cw_R83B2Ji4H3QB7qd_5n_I2D4CaxvXuI9LlZrQc4,pengiriman super lama ada opsi 1 jam setelah pembayaran tapi percuma 4 jam lebih belum datang dengan alasan nggak jelas dan nggak masuk di akal,1,1,4.45.0,2026-01-01 10:04:05,""Hai Kak, mohon maaf atas ketidaknyamanan yang dialami. Kami terus berupaya meningkatkan kualitas layanan agar lebih baik. Terkait dengan kendala yang Kakak alami, mohon bantu kirim nomor pesanan & detail kendala via DM ke IG @Alfamart/@Alfagift_idn atau pusat bantuan Alfagift dengan kode #3205199. Terima kasih ^raf"",2026-01-04 01:53:19,4.45.0";
"fa50a959-feb4-4f3a-a01f-6a2d77c44d25,Angga Arga,https://play-lh.googleusercontent.com/a/ACg8ocIHmpL-ev_TlqBRQeOBrHaR60wmu4o9rpW986C_9K_kTAOuAuw=mo,""Aku kasih bintang ⭐5 untuk applikasi Alfagift, karena Belanja Untung dengan program Harga Spesial di Alfagift, Belanja dengan Harga Spesial + tempel voucher diskon di applikasi beuhh,, jadi super murah banget cocok untuk kita yang lagi kantong kering dong, Checkout mudah No ribet, Pick-up OK, Delivery OK 👌 Harapannya untuk Alfagift banyakin voucher Cashback untuk even Lebaran yaaa Supaya Bebas Belanja Untung terus kedepannya 🤟😜"",5,0,4.45.1,2025-12-30 02:45:13,,,4.45.1";
"396ea4c3-dc2b-4378-b7e8-e4ab9fef3861,Jessica Barnes,https://play-lh.googleusercontent.com/a/ACg8ocICyF3Vn_kAoUaYuFZZ6iQasdtNCiz9R8ikHGOrgZaoRcmWGw=mo,""Aku kasih bintang 5 untuk aplikasi Alfagift ,karena belanja untung dengan program Cashback di Alfagift . semoga kedepannya tetap bebas belanja untung di Alfagift dan selalu menjadi yang terbaik 🩷"",5,1,4.44.1,2025-12-02 13:41:20,,,4.44.1";
"f9d4f8f4-80d7-4add-8295-8bce7b0e1cd3,Choirun Amalia,https://play-lh.googleusercontent.com/a/ACg8ocJ3aXdkhhxKjKGYNfx8fvxw-Wkn8E6SkSA_u_c6jiGgqxQ6=mo,""dari awal seneng banget belanja di Alfa lewat alfagift, memudahkan ibu dengan anak bayi yg gabisa keluar rumah bisa belanja online yg nyampeknya cepet banget. mana banyak sekali kupon"""" promonya. terima kasih banyak Alfamart"",5,1,4.45.0,2025-12-20 03:33:19,,,4.45.0";
"66a24baf-f5ff-4bc1-a08c-b1d3661a70de,Cha Dhica,https://play-lh.googleusercontent.com/a/ACg8ocITXfPAjuo8KAFDJ-hPU0tlCtSMNtfnaC2po4KfuEo01yFdbQ=mo,""saya sangat puas dengan aplikasi alfagift karena memudahkan saya untuk berbelanja dan pesan online dan bisa langsung dilifeveri kerumah , dan di aplikasi alfagift banyak promo nya"",5,2,4.44.0,2025-11-11 13:35:34,,,4.44.0";
"7d2995d2-1bbb-4e8c-b7cc-edde4167e98b,dendi apriyandi,https://play-lh.googleusercontent.com/a-/ALV-UjUx_zaU-OFPA41sW8i-nC7hPPqkHfgBwf1KRt_bhe5t82G-7CqL,""ini gmna sih Alfa gift berulang kali masa saya isi biodata pas isi alamat email slalu dibilang email sudah dipakai, jelas jelas itu email baru, sampe saya buat email baru tetep aja masih gak bisa berulang kali saya coba, mau login aja dipersulit banget !"",1,1,4.45.1,2025-12-25 22:51:41,""Hai, Kak. Kami selalu berusaha melakukan peningkatan kualitas layanan dan kepuasan pelanggan hingga layanan kami menjadi lebih baik dari sebelumnya. Soal kendala aplikasi Alfagift, silakan hubungi kami melalui DM ke IG @Alfamart, @Alfagift_idn atau pusat bantuan aplikasi Alfagift dengan melampirkan kode #3183248. Terima kasih ^rd"",2025-12-26 01:00:50,4.45.1";
"8c9052bd-88bd-42d8-a605-d3803daed61c,Nhayll,https://play-lh.googleusercontent.com/a/ACg8ocLSSL-JZor79btgWkMOHNcl_1mj4fhm4cWtDcbbhuNPEuuZd08=mo,""alangkah lebih baik lagi kalo di perkampungan juga bisa di antar ke rumah, jd yg jauh ke alfa enak tinggal klik dri hp aja, gpp deh kalo ada ongkir nya juga, tp menyesuaikan😊"",4,0,4.45.1,2026-01-01 15:41:08,""Hai Kak, mohon maaf atas ketidaknyamanan yang dialami. Kami terus berupaya meningkatkan kualitas layanan agar lebih baik. Terkait dengan kendala yang Kakak alami, mohon bantu kirimkan detail kendala melalui DM ke IG @Alfamart/@Alfagift_idn atau pusat bantuan Alfagift dengan kode #3206207. Terima kasih😊 ^raf"",2026-01-04 01:45:46,4.45.1";
a04bbf96-3e38-46cd-84e7-10fd354b7e83,Yusuf Iskandar,https://play-lh.googleusercontent.com/a-/ALV-UjUK_vVbt7shJIMx5ki8SXNNWRnctHgYuvj3E36o8DRNpS6HleI5,Sangat bermanfaat alfagift.. Setiap barang promo langsung diinformasikan.. Belanja kebutuhan sehari hari..dan yang lebih kerennya gratis ongkir bro👍👍👍,5,0,4.44.1,2025-11-18 21:36:53,,,4.44.1;
"63915ed6-80a5-4670-9bcd-dd1fd0581c6b,hikal homis,https://play-lh.googleusercontent.com/a-/ALV-UjUakoZwe-9FTun8t0NYFVmPQB1eqT55tHhois4ikdmbbLRlKODT,""Banyak untungnya, free ongkir, pas dengan musimnya, jadi cukup dirumah aja, ga perlu hujan2an, sapa siap antar sampe tujuan dalam 60 menit sudah sampe..👍"",5,0,4.44.1,2025-11-24 02:08:23,,,4.44.1";
"da824b3c-f8bb-47df-871f-2a3bc4f6527e,Santeng Lubis,https://play-lh.googleusercontent.com/a/ACg8ocIKGieH-eUVknwxKpcZAk1-41PtOaAzV-sUoegAqhHuoJ3sKw=mo,""""""Sangat membantu! Belanja kebutuhan harian jadi lebih mudah dan praktis. Promonya juga banyak banget, puas deh belanja di Alfagift!"""""",5,0,4.44.1,2025-11-21 08:38:21,,,4.44.1";
"f87f4938-7439-4026-a1b5-cc3acd338d66,Puput Enjelia,https://play-lh.googleusercontent.com/a/ACg8ocKGRnTQTLsywqCb4HOaubgR7xiuI4gvJbIoXQMT4hEI1i9h6g=mo,kemarin saya beli tercover pengiriman saya tetapi dikirim lama sekali 2 jam baru sampai dirumah saya. pas sekarang mah saya cek ternyata sudah tidak tercover lagi pengiriman ke rumah saya. saya kecewa banget sama alfagift.. padahal itu memudahkan saya tanpa harus ke toko,1,0,4.44.1,2025-12-07 05:32:27,""Hai, Kak. Kami selalu berusaha melakukan peningkatan kualitas layanan dan kepuasan pelanggan hingga layanan kami menjadi lebih baik dari sebelumnya. Soal kendala pada aplikasi Alfagift, silakan hubungi kami melalui DM ke IG @Alfamart, @Alfagift_idn atau pusat bantuan aplikasi Alfagift dengan melampirkan kode #3137636. Terima kasih ^rd"",2025-12-07 06:35:34,4.44.1";
"5091a6fa-786c-4084-9807-9b8afa700cd8,Faras Nita,https://play-lh.googleusercontent.com/a-/ALV-UjWadQPceuL3DaZ6Bjv-8Prpv0Ok6AKRspSH79CKUWJmf1pJyn0GYg,""awal2 ontime, plh pengiriman 1 jam after pesanan plg telat2 dikit lah, skrg lama bgt. pesen jam 11.00 siang, sampe jam 20.00 malam belom dikirim dr Alfa DS UJUNG ASPAL KOTA BEKASI, Chat jg lambat responnya, Email jg ngga ngaruh, kalo emg ngga bisa kirim 1 jam setelelah pemesanan, knp ada pilihan itu? dan sampe jam 10 malem blm jg sampe, tau2 jam setengah 6 pagi udah ada di atas tutup tong sampah dlm pager, BURUK BGT PELAYANAN ALFA DS UJUNG ASPAL, ngga konfirm ngga apa, naruh di tong sampah."",1,2,4.45.0,2025-12-24 00:21:42,""Hai, Kak. Kami selalu berusaha melakukan peningkatan kualitas layanan dan kepuasan pelanggan hingga layanan kami menjadi lebih baik dari sebelumnya. Soal kendala pengiriman pesanan, silakan hubungi kami melalui DM ke IG @Alfamart, @Alfagift_idn atau pusat bantuan aplikasi Alfagift dengan melampirkan kode #3177897. Terima kasih ^rd"",2025-12-24 01:02:25,4.45.0";
"cfc2e0e3-78ee-4769-9200-e8aae739858d,Triyana _,https://play-lh.googleusercontent.com/a/ACg8ocICfeKaLVx2lpU_vCI-JTe9o9VDvGar4sV3eJ0wV1h8KYgI4Q=mo,""belanja kebutuhan isi rumah bisa lewat aplikasi alfagit lebih mudah, banyak diskon, buat kaum mager terutama gen z bisa banget make aplikasi ini pesan online bisa di antar sampai depan pintu rumah👍"",5,4,4.44.0,2025-11-12 01:05:05,,,4.44.0";
"83d711d0-8aff-4805-b9b6-958354d6c825,Mia Hamidah channel,https://play-lh.googleusercontent.com/a-/ALV-UjXiCaUCBlF0NmQuNj420-6h_VXsHqEE9n_SBUr-uvYXcheEn6lB,""pesan jm 8 , jam 10 di apk udh di sebut keterima barangnya padahal gaada datang . ditanya alasannya balik lagi ke toko krna kembaliannya lupa . ditunggu sampai jam 2 sore gaada datang barangnya . ditanya beberapa kali , baru bilang dia karyawan baru ga hafal wilayah sini (?) .. hadeuh pelayanan makin buruk .. sebelumnya juga dapet yg kasar , ditanya soal kelengkapan barang marah marah katanya sy kurang teliti padahal yang masukkan barang karyawannya . pusing ah , di uninstall aja apk nya !!"",2,1,4.44.1,2025-11-30 06:46:07,""Hai Kak, mohon maaf atas ketidaknyamanan yang dialami. Kami terus berupaya meningkatkan kualitas layanan agar lebih baik. Terkait dengan kendala yang Kakak alami, mohon bantu kirim nomor pesanan & detail kendala via DM ke IG @Alfamart/@Alfagift_idn atau pusat bantuan Alfagift dengan kode #3100046. Terima kasih ^raf"",2025-12-01 03:55:15,4.44.1";
"89d01039-8c84-40e8-ba09-548403269d87,Maharani Rere,https://play-lh.googleusercontent.com/a/ACg8ocIZvu-X7LybWpDv8vxfBNP46LOUHRN0Jomx-sdBUBZ31LiNBw=mo,setiap belanja g di kasih struk alasnya masuk ke alfagift dan pas di cek kembalian selalu kurang seribu mau marah2 tapi cuma seribu jadi kalau belanja harus uang pas aja dan bilang g punya member,3,1,4.45.0,2025-12-26 15:57:42,""Hai, Kak. Kami selalu berusaha melakukan peningkatan kualitas layanan. Soal pelayanan tim toko yang tidak sesuai SOP, silakan hubungi kami melalui DM ke IG @Alfamart, @Alfagift_idn atau pusat bantuan aplikasi Alfagift dengan melampirkan kode #3188845. Terima kasih ^rd"",2025-12-29 03:01:56,4.45.0";
"289b06b2-3ad0-4825-b370-6ae8c9e06192,Reni Candra,https://play-lh.googleusercontent.com/a-/ALV-UjWa9jRJu8nGe0t3PuSCTMZUc2cLPe_wvi_SJ_6zjTsaC9wMX6pq,""Aku kasih bintang 5 untuk alfagift,karena belanja untung dengan program favoritku GANTUNG di Alfagift, Biasanya q belanja bulanan di alfagift, wow banyak diskonnya dan dan banyak cashback juga double poin,untungnya jadi berkali2 lipat dan hemat.Suka belanja sembako dan susu anak di alfagift tinggal pencet2 g perlu repot belanjaan datang dgn cepat . Harapan buat alfagift semoga semakin banyak promonya dan hadiah2nya juga makin banyak dan menarik,costumer puas belanja di alfagift . best 🥳🥳🥳🥳🥳"",5,12,4.44.1,2025-12-04 01:29:59,,,4.44.1";
"77e171a1-8f63-453b-8f0e-3bbabc04cf6f,Ridho Rizky,https://play-lh.googleusercontent.com/a/ACg8ocIvZy6vZ2L3OKF_EbYfSKlmSTIRUBsV4JLeKaHk_sHxWJrMiA=mo,aku mau nanya ni karena belum sempurna appnya ini ga bisa pilih ya Alfamart yg mana ? atau mungkin bisa tapi aku ga tau caranya? kalau bisa tolong ajarin cara nya soalnya ntah kenapa alfa yg dipilih appnya tu jauh banget ada beberapa alfa yang di lewati emang yg dekat itu kecil kecil si alfanya tapi karena jauh itu jadi lama sampenya,4,3,4.44.0,2025-11-10 15:16:26,""Hai, Kak. Untuk layanan siap antar tidak dapat dipilih secara manual karena otomatis dari sistem melalui alfamart terdekat ya Kak. Jika masih mengalami kendala silahkan DM ke IG @Alfamart/@Alfagift_idn atau pusat bantuan Alfagift dengan kode #3038291. Terima kasih😊️ ^rsf"",2025-11-11 08:43:40,4.44.0";
"23229a76-3bb4-4f15-b54f-c4e4cc3d7d20,Arif R1993,https://play-lh.googleusercontent.com/a-/ALV-UjWilT6HsaMoQIybF58dSmgrHkYkT_P7xR5D5pqvnU8dExGxI9w2,""Pesanan saya dibatalkan dengan alasan jarak yang jauh, tapi dari awal kenapa dilanjutkan? alasan store yang dekat sedang offline. sekarang saya harus menunggu lama untuk pengembalian saldo"",1,3,4.44.1,2025-12-02 14:00:11,""Hai, Kak Arif. Maaf banget atas kendala yang terjadi. Jika masih terjadi kendala, Kakak dapat menghubungi Shalma melalui DM Instagram Alfagift dengan melampirkan kode #3115489 agar dibantu pengecekan. Kejadian ini akan Shalma jadikan evaluasi untuk lebih baik lagi. Terima kasih :) ^ds"",2025-12-03 03:44:43,4.44.1";
"32da952a-f4c6-45ef-9242-da416b270917,Ulfi Silvia,https://play-lh.googleusercontent.com/a/ACg8ocIT04bubNWe6P0DWHvC9rn_rS4B6HcccKLL7Smfk41PmShNBw=mo,""bintang 5 ⭐⭐⭐⭐ buat Alfagift. Sejak pakai Alfagift, urusan belanja rumah tangga jadi jauh lebih santai. sebagai ibu rumah tangga, kadang males dan ribet keluar rumah. Di Alfagift tinggal klik klik aja, barangnya super lengkap dan gampang dicari. Yang paling aku suka promonya banyak, bisa tebus murah, dan gratis ongkir 😍 semoga Alfagift terus ngasih promo menarik untuk pelanggan setia, gratis ongkir biar belanja selalu hemat dan untung terus 😇😇"",5,0,4.45.1,2025-12-30 04:35:34,""Hai, Kak. Terima kasih untuk kepercayaannya. Semoga kami selalu bisa meningkatkan kualitas pelayanan kepada semua pelanggan dan selalu berguna untuk banyak orang.😉️^rd"",2025-12-30 07:19:10,4.45.1";
"67bf86bf-40d6-4293-93c0-42d8325393b3,genial arasy,https://play-lh.googleusercontent.com/a-/ALV-UjUibkFCS5jfR9zmlWB5DystDuprgrghpIE5DhgjQTYn_6Wi0bI,""Membantu saat mager keluar buat beli kebutuhan, penyiapan dan pengantaran cepat, kedepan mungkin kurirnya yang cewek saja. Karena kalo cowok kurang seru."",5,1,4.44.1,2025-11-19 00:08:39,""Hai, Kak genial arasy. Terima kasih ya udah kasih review baiknya. Yuk, ajak teman lainnya buat download Alfagift. Saran akan admin sampaikan ke pihak terkait agar dapat meningkatkan pelayanan kami kepada pelanggan setia Alfagift."",2021-04-29 03:30:16,4.44.1";
"1efeb363-7a77-4759-8d78-19c8efb103a8,Raiica Ai,https://play-lh.googleusercontent.com/a-/ALV-UjWPK9SPiXl2HDQitSXeSqJiiPRTybYo5zmU-vfggzRfjFX54DI,""makasih ag udh buat instan kurir sgt menolong saya yg kelaparan 😭 untung gajadi pingsan, belom 10 menit udh sampe pesanan saya terima kasih. klo bisa di pertahankan fitur instan nya tanpa minimal pembelian 🙏 terima kasih"",5,1,4.44.1,2025-12-13 04:38:48,,,4.44.1";
"fa5f89f0-4299-4880-ae41-03cd47a2189d,Rani Erlianti,https://play-lh.googleusercontent.com/a-/ALV-UjXUUFFMTAPytN_tv1Nt-2LJUGPH-N0GVRp039kk1rhAUwlEf-O_,""kalo belanja pakai alfagif, semuanya berasa simpel bukan cuma banyak promo menarik tapi bisa dianter ke rumah juga gratis ongkir juga.emang best deh kalo belanja pakai alfagif."",5,2,4.44.1,2025-11-24 02:12:46,,,4.44.1";
"f44265da-06f2-4bd9-890d-08893a42f8ec,Fatwa Izati,https://play-lh.googleusercontent.com/a/ACg8ocLVqIQFB3XnJKtn2-7hY4tSidMcxF1a-g7bPLBLRqvhxY_yJA=mo,""aplikasi terbaik yg pernah ku download selama ini, sangat amat membantu untuk aku seorang ibu 2 anak bayi dengan jarak dekat, ga perlu keluar rmh buat beli keperluan , langsung buka aplikasi alfagift semua beres sampai rumah, kadang sehari bisa 3x order dialfagift sampai kenal sama kurirnya hehe apalagi dialfagift banyak promo kadang ada voucher diskon dan gratisan juga. pokoknya terloveeeee banget sampai mertua dan ipar ku suruh download. semoga kedepannya makin banyak lg promo dan cashbacknya"",5,0,4.45.1,2025-12-29 14:00:16,""Hai, Kak. Terima kasih untuk kepercayaannya. Semoga kami selalu bisa meningkatkan kualitas pelayanan kepada semua pelanggan dan selalu berguna untuk banyak orang.😉️^rd"",2025-12-30 01:06:35,4.45.1";
"a5c495db-549e-4383-9a87-8ee33bdf03c4,Nindyst,https://play-lh.googleusercontent.com/a-/ALV-UjUAGn4i8DN6mNAFyfUB0r3S9v12sMV-NNHPU0YgvdVps0gDxy08,""Boleh kasih bintang 100 gak sih buat Aplikasi Alfagift? Karna praktis satset bgt! Lengkap, banyak promo, ada tebus murahnya, cepet sampenya, gratis ongkir pula. Memudahkan ibu2 super sibuk kaya aku gini. Semoga Alfagift sukses terus⭐⭐⭐⭐⭐⭐"",5,1,4.45.1,2025-12-31 16:44:58,,,4.45.1";
"235e2404-cb21-4f59-8f1c-5c100048a760,abah udin,https://play-lh.googleusercontent.com/a/ACg8ocJn861reJeYyzYFISyI_eiuQDH6bEY9kjTkTOvqVMvewnZJ=mo,kalau beli di store price tag emang kagak jelas katanya promo pas bayar harga normal padahal tertera periode promo tanggalnya jelas. kacau banget. mending taroh aja barang di dekat kasir barang yg promo dan harga nya GK usah di rak barang,1,2,4.45.1,2025-12-31 14:02:24,""Hai, Kak. Mohon maaf sebesar-besarnya atas ketidaknyamanan mengenai perbedaan harga promo di toko. Kami sangat menghargai masukan Kakak tentang penataan barang promo dan kejelasan harga. Hal ini akan menjadi evaluasi kami agar informasi harga selalu akurat dan jelas bagi setiap pelanggan. ✨"",2026-01-01 08:34:16,4.45.1";
"74d3b57b-cc25-489f-965f-3442ee70bdd9,Wahyubagusferdiansyah,https://play-lh.googleusercontent.com/a-/ALV-UjUMT_AidAHPv_w0wuDOrj_-elMbRSJEEaO6Ptb1Jy86cutlmk02,""Aku kasih bintang 5 untuk aplikasi Alfgift, karena Belanja Untung dengan program Harga Spesial dan Tebus Murah di Alfgift, belanja jadi praktis dan hemat karena banyak produk bisa ditebus dengan harga super terjangkau, semoga ke depannya Alfgift terus menghadirkan promo menarik dan tetap kasih program Tebus Murah serta bebas ongkir agar belanja makin menguntungkan. Semoga Alfagift kedepannya menjadi pilihan terbaik untuk masyarakat. Keren 👍"",5,1,4.45.1,2025-12-29 13:18:17,,,4.45.1";
"1433f471-c5d6-4e58-b6fd-3479b67e9628,Riyanti Anti,https://play-lh.googleusercontent.com/a/ACg8ocKWHgp_Qi_KGVdmhV3nN4z9y6l410RpWbBVPkiar12_ZeEI8Ek=mo,""Aplikasinya bagus bngetttt, Memudahkan untuk belanja kebutuhan sehari-hari tanpaa perlu kentoko lagi belanjaan dan tentunya banyak promonyaa lohh"",5,0,4.44.1,2025-11-19 00:23:48,,,4.44.1";
"b4a53184-215a-42e9-995e-ab705e55da05,Rifa'atul fauziah Khoirulloh,https://play-lh.googleusercontent.com/a-/ALV-UjXpLFhSNP9did62Jcn-1oQntK4tQfLw-Abgph0tLGX26qa__X8,Habis masalah sama si biru karena sudah terbayar tapi pesanan dibatalkan terus ini hari ini tumben biasanya tidak pernah bermasalah sudah kepotong di Shopee tapi di alfa gift dibatalkan tak rubah kalau sudah balik uang sy,2,0,4.45.1,2025-12-26 05:13:21,""Hai, Kak. Kami mengerti kekecewaan Kakak. Pembatalan pesanan bisa terjadi karena beberapa faktor. Pastikan dana Kakak sudah kembali sesuai ketentuan ya. 🙏^Yna"",2025-12-27 02:00:42,4.45.1";
"98477508-8a9d-4c06-b8ea-817cc2f37cda,Nurul Humaira,https://play-lh.googleusercontent.com/a-/ALV-UjX6ZAA83-Xy41XScaQJBb5Mr4cSoD8mAkxqJ_liwlmD7mCy0D3Y,""baru install apknya pas dibuka, bagian berandanya loading mulu padahal jaringan bagus. Udah lapor ke cs katanya disuruh update apk, lah apknya aja baru di install. Udah ikuti semua tips yang dikasih cs tetep aja gak bisa. dahlah jadinya uninstall lagi"",3,0,4.45.0,2025-12-23 15:49:50,""Hai, Kak. Kami selalu berusaha melakukan peningkatan kualitas layanan dan kepuasan pelanggan hingga layanan kami menjadi lebih baik dari sebelumnya. Soal kendala aplikasi Alfagift, silakan hubungi kami melalui DM ke IG @Alfamart, @Alfagift_idn atau pusat bantuan aplikasi Alfagift dengan melampirkan kode #3178233. Terima kasih ^rd"",2025-12-24 00:41:25,4.45.0";
"a5f92920-8090-4c82-9402-e0ad5c5c6658,Ratna Kurnia,https://play-lh.googleusercontent.com/a-/ALV-UjVfLqw58_M5OPzQp5tczJRyCYn1cKrvmY8i-HB_-i9uS9eZEVMb,""aplikasi bguss....bisa lihat promo2 juga sblum ke toko nya, dan jika malas keluar bisa pesan antar,,jdi semua di permudah"",5,0,4.44.1,2025-11-17 01:37:05,,,4.44.1";
"b8e8aded-c8ec-48a7-afb8-d0d223052e40,Zahara Amiruli,https://play-lh.googleusercontent.com/a/ACg8ocKgpefaFKcoAiK0GL4KjKbGpNzruMxH_acbtxZdLenERHdV8I0=mo,""pengiriman lama, mungkin kurir nya cuma satu kali ada pilihan satu jam setelah pembayaran, ngga ada ngaruh nya sama sekali saya pesen abis maghrib dikirim jam jam sebelas malem"",1,1,4.45.1,2026-01-13 21:18:08,""Hai, Kak. Kami selalu berusaha melakukan peningkatan kualitas layanan dan kepuasan pelanggan hingga layanan kami menjadi lebih baik dari sebelumnya. Soal kendala pengiriman pesanan Alfagift, silakan hubungi kami melalui DM ke IG @Alfamart, @Alfagift_idn atau pusat bantuan aplikasi Alfagift dengan melampirkan kode #3241625. Terima kasih ^rd"",2026-01-14 02:06:31,4.45.1";
"c4bba28a-d65c-4a76-a912-0550d47928df,M. Rizwan Khan,https://play-lh.googleusercontent.com/a-/ALV-UjU5TyIHEvQhTglxCA8Ec8Ez-rMniNAwKl_PtmfaoNyO7KNdfa7sMw,""bagaimana mau menggunakan dan menjadi member, proses pendaftaran di aplikasi gagal terus. sudah melakukan serangkaian pengisian data sampai membaca semua syarat dan ketentuan, sudah membuat pasword, tapi selalu berakhir Gagal dengan keterangan """"sesi ini sudah berakhir"""""",1,3,4.44.1,2025-11-18 15:49:07,""Hai, Kak. Mohon maaf atas kendala saat mencoba daftar member di aplikasi 🙏Untuk bantu kami cek lebih lanjut, silakan hubungi melalui DM IG @Alfamart / @Alfagift_idn atau pusat bantuan Alfagift dengan melampirkan nomor HP, tipe HP, dan kode #3064421 ya, Kak. Terima kasih ^Raf"",2025-11-19 02:13:15,4.44.1";
c323b727-207d-4ff7-9f44-077f89fcdc01,Sari Devi,https://play-lh.googleusercontent.com/a/ACg8ocKjciE02ngDJlHBgj7onxOockOalDU-UC-p6XJjT49Ckc7QwA=mo,Apk yang bagus banyak promonya. Pilihan produk yang lengkap. Bisa tukar poin jdi belanja lebih hemat bikin semua serba praktis dan efektif ....👍👍,5,0,4.44.1,2025-11-19 03:51:13,,,4.44.1;
c2462af4-0c41-4d23-be09-dc33408bc317,Fitri Safirani,https://play-lh.googleusercontent.com/a/ACg8ocLAESe4aERv298o2jfSqEkvN5R18H1OpGDyTRVheLpLwnUSVA=mo,Alfagift sangat membantu! Belanja kebutuhan sehari-hari jadi lebih mudah dan cepat. Banyak promo menarik juga. 👍,5,0,4.44.1,2025-11-21 11:54:26,,,4.44.1;
"117cfe56-812e-4992-ac53-7cafe6be2a93,Yones Yohanes,https://play-lh.googleusercontent.com/a/ACg8ocJTGZudwzTVkzyrHD5fr_HBfXARV7BRhq34TLpQS6Klfdin_w=mo,Baru pertama kali belanja di aplikasi ini ternyata lebih busuk daripada ecommerce. Pesanan 4 hari tidak dikirimkan padahal jarak toko ke alamat penerima hanya beberapa km saja. Kapok pakai aplikasi ini lagi,1,10,4.44.1,2025-11-15 00:52:50,""Hi, Kak. Mohon maaf atas ketidaknyamanannya. Mohon infokan nomor pesanan Kamu melalui DM Instagram @alfagift_idn dengan memberikan kode #3051797 ya. Kejadian ini akan Shalma jadikan evaluasi untuk menjadi lebih baik lagi. Terima kasih 😊️ ^ad"",2025-11-15 02:52:02,4.44.1";
ab4d22e8-8edf-4e1a-951b-ebad2ce5844c,RISWAN UMAR,https://play-lh.googleusercontent.com/a/ACg8ocL76vRArzAeFxiSgsrlG2I23JmUDoidtacV9PTn538G9wvu8Q=mo,Terimakasih alfagift karena adanya aplikasi ini kini berbelanja makin mudah dan cepat.. di tambah kurirnya orangnya ramah ramah yg saya sukanya lagi GRATIS ONGKIRRRRRRR,5,2,4.44.1,2025-11-19 07:37:25,,,4.44.1;
"fb8699d4-c452-44eb-8ae9-7311ef132fc6,Yumna Shaqueen,https://play-lh.googleusercontent.com/a/ACg8ocLsio2MkkAFk2KWJRqCe8lWMXmf5bREBuISbfZZFXiZwi8zkQ=mo,""LUAMAAA POLL gacocok buat yang lagi butuh,kalo buat stok aja mungkin berguna ya, pesen udah maksimal 1 jam setelah pembayaran datengnya kadang 2-4 jam"",3,1,4.44.1,2025-12-09 10:05:49,""Hai, Kak. Kami selalu berusaha melakukan peningkatan kualitas layanan dan kepuasan pelanggan hingga layanan kami menjadi lebih baik dari sebelumnya. Soal kendala pengiriman pesanan Alfagift, silakan hubungi kami melalui DM ke IG @Alfamart, @Alfagift_idn atau pusat bantuan aplikasi Alfagift dengan melampirkan kode #3143436. Terima kasih ^rd"",2025-12-10 00:49:59,4.44.1";
"836e6b4d-8162-48d4-869c-2cd54aa9159d,Htb Rudi,https://play-lh.googleusercontent.com/a-/ALV-UjVshLx8as5q9numBN3ZsOlp0GQkUOmdwrtNBOoEMX4n9D4unF62,Pesan Barang mudah di anter gratis semakin bayakin lg promonya dan setiap aplikasi pasti ada errornya semoga bisa up date terus menjadi yg terbaik semakin memudahkan konsumen. trm ksh alfagift,5,0,4.44.1,2025-11-17 01:34:36,""Terima kasih atas ulasan baiknya, Sahabat :)"",2019-08-08 04:00:49,4.44.1";
"00f4881d-4ae6-4145-ae62-42d6c230ef34,liska mr,https://play-lh.googleusercontent.com/a-/ALV-UjUge2wRmqKW7eBk_r819B9NkOSD1TvyVjoFsAp6eWnfwkByKww,""Aplikasi ini sangat membatu bagi yg mager keluar rumah, sudah pengiriman cepat, gratis ongkir lagi. barang lengkap. Pokoknya alfagift selalu di hati🤗"",5,0,4.44.1,2025-11-19 00:09:30,,,4.44.1";
"a071e37d-c2b4-4d59-a030-499cdc192410,Nadhya 11,https://play-lh.googleusercontent.com/a/ACg8ocKQuhCjWAaOFg-ezKJ1AWe27F3JOW6Y2NP50dJK9lYUn8SB2Q=mo,""Aplikasi yang memudahkan belanja online, bnyak promonya bahkan bisa dapat voucher belanja. Gratis ongkir jugaa. mantap"",5,2,4.44.0,2025-11-13 11:53:26,,,4.44.0";
"747bc7c0-ff94-4d23-ad32-6ff79d0a96a5,Weniati03 Harefa,https://play-lh.googleusercontent.com/a-/ALV-UjVCGhvEoTXBu3b_qbOguU05x3R1IwFiKxPElku6Oy2LOzRwgBY1,""terimakasih alfagift sudah mempermudah proses belanja ketika saya sedang malas keluar, semua kebutuhan yg diinginkan infonya lengkap lewat aplikasi alfagift terimakasih alfagift❣️"",5,2,4.44.1,2025-11-21 04:40:12,,,4.44.1";
"a458aa19-fe9c-4f94-ba37-0fb6bf5ed1c1,PIKA,https://play-lh.googleusercontent.com/a-/ALV-UjXriD5b27hMo4b9WYjvCD069W7JBKWG_a6Z3sqEY1ENXgdmwmerxQ,""lambat bgt padahal udah pilih yg 1jam. di aplikasi udah dlm pengantaran tp sampek 2 jam pesanan baru sampek, padahal dpt toko yg gak jauh"",1,1,4.45.1,2026-01-10 13:32:19,""Hai, Kak PIKA. Maaf banget atas kendala yang terjadi. Jika pesanan masih belum diterima, Kakak dapat menghubungi Shalma melalui DM Instagram Alfagift dengan melampirkan kode #3231535 agar dibantu pengecekan. Kejadian ini akan Shalma jadikan evaluasi untuk lebih baik lagi. Terima kasih :) ^kip"",2026-01-10 13:53:41,4.45.1";
"dcef2a5f-e16c-4109-a300-1911ad8ff38e,Didik Suryanto,https://play-lh.googleusercontent.com/a-/ALV-UjUl2KEspFEUNdsWKOUKhRptiruW5A6DLspzuotuedAuyRvZhl7L,""pengiriman barangnya dipercepat lagi ya, dan promonya dibanyakin lg.. heheh.. untuk semuanya sudah oke.. alfagift memudahkan saya dalam memenuhi kebutuhan sehari2.."",5,0,4.44.1,2025-11-25 09:32:32,,,4.44.1";
1c03f647-6bcb-4c69-8926-1f2d8285424e,Syaman Rahma,https://play-lh.googleusercontent.com/a/ACg8ocIvSJiLGu1iGsNCdJxB8m-Z7Rws2VutBMMaho86-bcw-xaCBw=mo,Gilak sih ini aplikasi. membantu banget buat ibu ibu yg sedang jagain anak butuh cemilan bisa langsung gunain. dan pengiriman juga cepat ditambah lagi mas mas kurir yg sopan dan bersih. membuat kepuasan berbelanja btw mas mas Alfa belilas boleh ya minta wa nya:v,5,0,4.44.1,2025-11-17 06:42:34,,,4.44.1;
"76e70889-a36b-4e52-a643-932bc9fb3b28,asmal syah,https://play-lh.googleusercontent.com/a/ACg8ocIRZZpX9dMxd4X8Vn95otDPBXF3JIfi2GpRpPcx_CB9jRhrhQ=mo,""aplikasinya sangat bagus, harga selalu update dan biasa diakses kapan pun itu, dan banyak fitur-fiturnya yang menarik seperti pembelian pulsa token listrik dan lain-lain"",5,0,4.44.1,2025-11-19 01:08:23,,,4.44.1";
"585f2e7f-e15e-49e4-b748-09e15326a5ac,Aulia Putri,https://play-lh.googleusercontent.com/a-/ALV-UjWl8VC4OhyBDS-9Gdi_CGU9Ec_uldcUA_8jsapsNdyrDOhQk2A,""seneng banget deh bisa belanja di alfamart, barangnya lengkap², promonya nampol banget buat aku kaum mendang-mending. dan yang paling penting gratis ongkir lagii😍"",5,0,4.44.1,2025-11-24 02:25:57,,,4.44.1";
59444e0f-2347-4c93-81a2-ba140333948b,Else Nainggolan,https://play-lh.googleusercontent.com/a/ACg8ocIKvjNQlYEMdwM8lTVBLLy3PLlOeGB0LJbK3nf90o9xUrd6ww=mo,Alfagift sangat membantu disaat kita malas keluar dari rumah. Tinggal klik aja barang bisa diantar kerumah. Apalagi banyak promo Dan gratis ongkirnya..😍,5,0,4.44.1,2025-11-21 01:40:52,,,4.44.1;
"26be5d30-6ac1-4e7d-87b6-c6c932a65f4f,Marvel Purba,https://play-lh.googleusercontent.com/a/ACg8ocJ2syatDZlDrql0squubWzSOXYxr9-BM6mh217CEZ-1N0wS1A=mo,Sering dapat produk gratis atau harga spesial cuma dengan belanja nominal tertentu. Poin membernya juga langsung terintegrasi. Pelayanannya ramah dan responsif. Sukses terus buat Alfagift!,5,1,4.44.1,2025-11-22 06:15:48,""Hai, Kak! Wah, terima kasih banyak atas review positifnya 😍🛒✨ Yuk, terus pantau promo dan katalog terbaru di Alfagift untuk dapatkan lebih banyak penawaran menarik lainnya! Selamat berbelanja dan semoga harimu menyenangkan ya, Kak 🙃☺️😁 ^Raf"",2025-11-22 09:36:17,4.44.1";
"b9d57ff1-30e2-48e8-a71c-8388015e947b,Septia,https://play-lh.googleusercontent.com/a/ACg8ocJuZ9Faa9HRLwJRf8-bxJMMlzIQtkD5O1UwwkyEuqtBjnPKiIk=mo,""Alfagift sangat mudah digunakan. Bisa beli pulsa, paket data, dan token listrik dengan cepat. Diskon dan promo menarik, sangat puas dengan layanan Alfagift!"",5,1,4.44.1,2025-11-24 02:24:53,,,4.44.1";
"8ed842f9-21bc-4012-a603-1c83076fe5b3,A.R Siregar,https://play-lh.googleusercontent.com/a-/ALV-UjV7ZzCp1_isJ6fcbyNHUEKvupbzgfjLRVyjJ7E0I5izyHutmE6C,""apk ini sangat membantu, sangat mudah digunakan, respon cepat, pengiriman cepat, pelayanan sangat bagus, barang super lengkap..bersyukur ada apk ini..terima kasih alfagift"",5,2,4.44.1,2025-11-17 01:35:13,,,4.44.1";
"2ac3fbc4-c258-4a71-a2e2-700ce6525136,Nesa Aprilia,https://play-lh.googleusercontent.com/a/ACg8ocLxU7dOH5WLYQnqxP5W8O7y9eORCGLZ1pJ9AEWlCQjEHYUvfg=mo,""Pelayanan sangat baik, pengiriman cepat dan aman sampai tujuan. Belanja di Alfagift sangat mudah dan banyak promo menarik. Sangat puas!"""""",5,3,4.44.0,2025-11-11 00:22:42,,,4.44.0";
"d8bebb37-da34-4089-a5e6-4ba9851b31db,widi_art_o widi,https://play-lh.googleusercontent.com/a/ACg8ocJBufBrDldkRPPvsgpghWArRQLV168k4JT-zrjtje7ozp4BKA=mo,""voucher dan harga gak jelas... misalkan, diharga awal coca cola promo 8500... susu bebelac 1+ 67500... pas di checkout vouchee gak bisa digunakan harga berubah ke harga normal, coca cola 10.000 dan susu 68800.. lah, kan saya emang gak pake voucher, harga segitu kan emang dari awal promo tanpa voucher.."",1,0,4.45.0,2025-12-27 03:29:03,""Hai, Kak. Mohon maaf atas kendala yang Kakak alami. Terkadang, harga promo tertentu dapat berubah atau membutuhkan penggunaan voucher spesifik di halaman pembayaran. Mohon pastikan Kakak sudah memeriksa syarat dan ketentuan promo tersebut. Kakak juga bisa coba perbarui aplikasi atau muat ulang keranjang belanja Kakak, ya. 🙏^Yna"",2025-12-28 01:40:47,4.45.0";
"463fd9ed-5d21-46ea-a5d1-9a2ca2739739,Hotmaringan Situmorang,https://play-lh.googleusercontent.com/a-/ALV-UjVzujAI3c5n4oZ7gC7hdXLTOdo6s43L_ugO9sZEci5pqGb-lDEA,""buat kaum mageran pasti cocok nih🫵..apalagi promonya selalu ada dan semua kebutuhan lengkap ada disini, bukan seperti dia yang ada saat butuhnya doang😆..dan satu lagi☝️..pengantaran nya cepat gak kayak dia juga di chat senin dibalasnya Kamis 🫣...terbaik pokoknya alfagift👍"",5,1,4.44.1,2025-11-21 09:58:29,,,4.44.1";
"e3bc2bbc-f412-4c7d-92b3-37c78df13e20,Andi fitriani Ferdy hamid,https://play-lh.googleusercontent.com/a/ACg8ocKXL5FI_a_2T2qyMGa6IPb4TaXpj_egC8LY1ibmZeLjzgDMCA=mo,""aplikasi yang sangat membantu,belanja berapapun free ongkir.kurirnya ramah & pengantarannya juga cepat"",5,2,4.44.1,2025-11-19 00:55:40,,,4.44.1";
"4ec47834-9fc7-4d44-8432-186c1e53df2b,Deliana Asima,https://play-lh.googleusercontent.com/a/ACg8ocKfIUFZX7J3fyHlm9Up3_C54rD5RDdHlCxp3aeMPLHIrl1Tyg=mo,""Senang banget belanja di apk Alfagift ini, promonya banyak, pengantaran nya tepat dan cepat. Terimakasih alfagift sudah memudahkan kami buat berbelanja 🥰🙏"",5,1,4.44.1,2025-11-17 01:08:51,""Hai, Sahabat. Terima kasih ya udah kasih ulasan baiknya. Yuk, ajak teman lainnya buat download Alfagift. Happy shopping :) ^-RA"",2022-03-22 00:25:10,4.44.1";
"1773d58b-025d-4485-a280-d1e83a307541,Muhammad Dodi jawahir,https://play-lh.googleusercontent.com/a/ACg8ocK9xz9ZzWEJw_ETNLDtyQtWwIHOKGhCp8ozKAQA3TW2CpHxAA=mo,""terimakasih alfagif karna memberikan pengetahuan belanja yang nyaman dan baik, sehingga pelanggan dapat memilih barang sebelum. di beli di toko mau pun belanja dengan nyaman,maju terus alfagif dan Alfamart"",5,2,4.44.1,2025-11-21 12:40:16,,,4.44.1";
"80d28b7f-5d2b-4562-89c0-2e08ecca0a7e,M W Hafiezt Tiansyah,https://play-lh.googleusercontent.com/a-/ALV-UjUBBKVhcaJOEN1QLZcBVwkofE-8iJPt49YRoRWjRJQJHiFv2fs,""Dengan ada ny aplikasih ini, sangat memudah kan tidak harus bawak kartu member . Dan sangat membantu untuk melihat promo2 yang baru Di alfamart"",5,1,4.44.1,2025-11-24 03:48:14,,,4.44.1";
f3158fca-30e7-4637-8130-7c15cd1da30b,Israful Ikhsan,https://play-lh.googleusercontent.com/a/ACg8ocKTDdnZlP0PR6Y_E0jIJIgZtSGZnQAq9aUJM7vIKGdhMUMZMg=mo,aplikasi yang sangat memudahkan dalam berbelanja pengecekan promo dan banyak sekali potongan harga nya alfagift yang terbaik pokok nya 😇,5,3,4.44.1,2025-11-17 03:13:25,,,4.44.1;
202cf700-0cfa-4406-9742-cfe7e1c3d57b,Fauzan Achmad,https://play-lh.googleusercontent.com/a-/ALV-UjXc9mkvERnbM-0QjDyDnEmazszAJxdBuC3UChCBz9XvWjlsX3I,Saya pakai Alfagift untuk melihat promo dan setiap saya belanja akan mendapatkan poin untuk ditukarkan hadiah menarik lainnya 👍👍👍👍 terbaik lah,5,0,4.44.1,2025-11-17 11:45:56,,,4.44.1;
"2f6e4e8c-ad02-4e1e-a2f3-95ee69098500,Andy Prihatmoko,https://play-lh.googleusercontent.com/a-/ALV-UjXfF2vqRa662TY-nZMcnZtY166wcCvllcQk-sk5ifKuaWjvYwRn,Belanja Produk Online begitu dipilih barangnya tertulis stok kosong. Ternyata banyak sekali produk online yang diklik stok kosong semuanya. Lebih baik tidak perlu ada Produk Online lah kalau tidak ada stoknya dan tidak perlu dipajang dan diberi status Stok Kosong saja.,1,82,4.44.0,2025-11-12 01:22:51,""Hai, Kak. Mohon maaf untuk kendala yang dialami. Mohon dibantu DM IG Alfamart untuk Shalma bantu pengecekan dan tindaklanjut kembali ya, Kak.^Yna"",2025-11-12 01:58:18,4.44.0";
"d7ca6dd0-9820-484f-86ce-2355298d6245,Nur Saadah,https://play-lh.googleusercontent.com/a-/ALV-UjX-VfC0A_9ESihyjY6ZgBlyFg8Uqw3SkGjqU_mtUvjsdFtjCv6JAA,""sangat bagus, membantu untuk jauh lebih mudah, gaperlu keluar rumah klo mau beli keperluan anak ataupun keperluan dapur. pengantaran juga sangat cepat, pelayanan nya ramah👏"",5,1,4.44.1,2025-11-22 06:13:30,,,4.44.1";
d77908f6-8895-4bd3-bd75-64b7756e99f8,MUHAMMMAD Ikhwan hafidz,https://play-lh.googleusercontent.com/a/ACg8ocL69J8GBymlsk7kUoqjppO8swerPBvTn964UDn3HY4APQkDlQ=mo,Terima kasih dengan adanya alfagift lebih memudahkan Untuk belanja kebutuhan secara online dan gratis ongkir serta banyak promo yang cuman ada khusus member alfagift ❤️,5,1,4.44.1,2025-11-17 02:54:53,,,4.44.1;
"4c405ab8-65e2-4337-a55b-b16c4e32a943,Akar Alkarimi,https://play-lh.googleusercontent.com/a-/ALV-UjW-KO7IP9CZ0_JRtFen4N7jf6Y_2qBbggtc_zzRf-uX1Gv1y5AF,""setelah verifikasi, muncul halaman syarat dan ketentuan, tapi keterangannya TIDAK BISA MEMUAT HALAMAN. sudah dicoba berkali2 ttep TIDAK BISA MEMUAT HALAMAN. apa penyebabnya?"",1,2,4.44.1,2025-11-22 20:48:02,""Hai, Kak. Maaf atas kendala saat buka halaman syarat & ketentuan 🙏 Error “tidak bisa memuat halaman” biasanya terjadi karena bug aplikasi atau koneksi tidak stabil. Bantu kami cek lebih lanjut dengan kirim DM ke IG @Alfamart / @Alfagift_idn dengan kode #3079151 ya, Kak. Terima kasih. ^Raf"",2025-11-24 06:03:06,4.44.1";
"03ca6fb3-2729-43df-be9d-60ad7436bb33,callme iyya,https://play-lh.googleusercontent.com/a-/ALV-UjVyIYoAxJ3QjxqM74us7nmPPVNXQBEdWOHgWziAK3c8wzQVdfjz,""akhir² jelek bgt aplikasi ini. saya selalu ditolak , alasannya karena terlalu jauh. lah... kan bukan saya yang arahin mau ke Alfa mana. mana pengembalian duitnya lama pula. please lah... kok aplikasi ini jadi jelek , heran. padahal awalnya ku fikir mempermudah... udah pake aplikasi ini udah lama. baru akhir akhir kecewa. pengembaliannya jangan lama dong."",1,1,4.45.1,2026-01-09 05:35:44,""Hai Kak, mohon maaf atas ketidaknyamanan yang dialami. Kami terus berupaya meningkatkan kualitas layanan agar lebih baik. Terkait dengan kendala yang Kakak alami, mohon bantu kirim nomor pesanan & detail kendala via DM ke IG @Alfamart/@Alfagift_idn atau pusat bantuan Alfagift dengan kode #3228293. Terima kasih ^raf"",2026-01-09 08:21:36,4.45.1";
"98dbb4d1-f6d8-49a9-9f04-e0771b777745,Iqbal Mauliddin,https://play-lh.googleusercontent.com/a-/ALV-UjXtqdBcWSpjXf1AV6Ni__ak3iMW1uI3NAKRITuKBJ_mlDlE7cH3,""aplikasi yang sangat membantu kebuthan keluarga dirumah,dgn sistem deliveri order yang sangat membantu ketika malas keluar rumah,apalagi bnyak pilihan promo dan dapat bnyak bonus apoin keren la pokoknya"",5,2,4.44.1,2025-11-21 09:30:30,,,4.44.1";
"d31da83b-39a8-40a2-b23f-3fc4d87534e6,sefina aaa,https://play-lh.googleusercontent.com/a-/ALV-UjWOWuIxej4ijikMtsdWs-YobQCWSaIkMdtL4rxJj2UHTKvcYWm_,""Proses pengembalian dana saya sangat lama, saya sudah mengajukan keluhan saya lewat email tapi tidak begitu membatu. Kalau tau begini saya tidak pesan barang online, lama sekali dari tanggal 08 Januari 2026 sudah saya keluhkan."",1,0,4.44.1,2026-01-14 00:10:57,""Hai, Kak. Maaf atas ketidaknyamanannya. Untuk penanganan lebih lanjut, mohon ceritakan kendala Kakak via DM Instagram @Alfamart/@alfagift_idn ya😊 ^am"",2026-01-14 02:32:44,4.44.1";
"6de3aa24-1419-447e-8789-0732bca72448,Atma Emplisia,https://play-lh.googleusercontent.com/a-/ALV-UjWnKPRIThb_8tukeZNXS5jA6sg3ocJTdJI-uLvlcipAu7Nyivs,""Pengalaman Belanja menyenangkan, Tidak perlu ke toko barang sudah sampai dirumah. Bonusnya dapat promo lagi. 👍👍👍jossss"",5,0,4.44.1,2025-11-21 02:00:11,,,4.44.1";
"2373974f-76a0-4a0a-a9ef-cd63a9b1986a,Pengguna Google,https://play-lh.googleusercontent.com/EGemoI2NTXmTsBVtJqk8jxF9rh8ApRWfsIMQSt2uE4OcpQqbFu7f7NbTK05lx80nuSijCz7sc3a277R67g,""Terimakasih alfagift,karena ada aplikasi ini belanja lebih gampang dan lebih seruu... terutama banyak diskon nyaa asikkk"",5,1,4.44.1,2025-11-21 01:20:24,,,4.44.1";
"99228802-035a-44fe-b56f-519fee8ebf0a,Tito Brades,https://play-lh.googleusercontent.com/a/ACg8ocL4Cudl4oxmT1hM7iSlv261L3mKTa6R-_E6FAfJrPB5PYTZVw=mo,""Voucher belanja Alfagift hanya bisa diclaim di dalam Aplikasi, padahal produk di alfagift tidak terlalu lengkap dari pada yg di toko langsung."",2,0,4.45.1,2026-04-10 10:15:13,""Hai, Kak. Mohon maaf jika pilihan produk di Alfagift dirasa kurang lengkap dibandingkan toko fisik. Masukan Kakak sangat berharga untuk peningkatan layanan kami. 🙏^aj"",2026-04-10 10:30:46,4.45.1";
"d75ffe2a-bd1a-424a-a8ed-8c410b629c96,yosephine retnowilis20,https://play-lh.googleusercontent.com/a-/ALV-UjVoP8EnF5MKm_sQXt9S8EUuyn0YQtnglPWoYU3Hd3_4rgLM8hA,""banyak fasilitas discount bagi member, pembelian dengan voucher"",5,0,4.47.1,2026-03-08 10:49:26,,,4.47.1";
"558c9dc8-c364-4a12-af73-753a45dde3d8,Dwi Handayani Tamba,https://play-lh.googleusercontent.com/a/ACg8ocIzh9c9RH_dwRoAM7lQI8oEG--9rFkf87fUUkKIoorIGIwYGQ=mo,""Belanja penuhi kebutuhan pakai Alfagift gak cuma gampang, tapi banyak banget diskonnya, pokoknya gak bisa ke lain hati deh. luvluv Alfagift🥰"",5,1,4.44.1,2025-11-21 03:33:45,,,4.44.1";
"b69aadaa-9bf7-4b31-8976-d2919db7d0a8,Nisa Indriani,https://play-lh.googleusercontent.com/a-/ALV-UjXyTME5zR1kybH1vdxqqaxarP7Os837giKoTlazwEBv--qLVliX,""sungkem dulu deh sama aplikasi ini, ngasi promo nya ga ngotak. popok bayi yg biasa saya beli 46ribuan, disini cuma 25.900. 🙏🙏🙏"",5,0,4.47.1,2026-02-22 01:34:22,""Hai, Kak! Wah, senang sekali kalau Kakak puas dengan promo popok bayinya. Alfagift akan terus berusaha memberikan harga terbaik untuk kebutuhan harian keluarga Kakak. Terima kasih banyak atas dukungannya, ya! 😊^rsf"",2026-02-22 10:07:04,4.47.1";
"975863d6-e1ba-4bad-ad5f-1b4967d6fbc9,RISKY ARIANSYAH,https://play-lh.googleusercontent.com/a-/ALV-UjVCj3mwlNKxvuRl7aQvKcserSbVA4g2_nPa0emD4QeipUYoylA,""Aplikasinya keren, membantu kalo pengen belanja mager keluar rumah, bisa COD juga. banyak promonyaa barangnya lengkap😍 Mantappppp👍👍"",5,0,4.44.1,2025-11-21 08:25:11,,,4.44.1";
"13ea989e-efdf-40b5-b3e8-6a894c063f86,Rahmat Kurniawan,https://play-lh.googleusercontent.com/a-/ALV-UjU7aciQeXLuxSlJwp8iASnmFIebvgqlxmyh23ZaskLBPbuG_Ic,""pengiriman sering lama banget bahkan pernah 2 hari setelah dilapor ke CS, chat tokonya ga direspon"",1,0,4.47.1,2026-04-03 23:30:39,""Hai, Kak. Mohon maaf atas ketidaknyamanan yang Kakak alami. Untuk penelusuran lebih lanjut terkait pesanan Alfagift, Kakak dapat menghubungi Shalma melalui DM Instagram Alfagift dengan melampirkan kode #3572706 agar dibantu pengecekan. 🙏 ^aj"",2026-04-04 03:40:15,4.47.1";
"4810c84a-de23-4a42-878a-294396d0014c,karto tuying,https://play-lh.googleusercontent.com/a/ACg8ocKzD0JrGSbcSYL-pvnwGnd1EM_larIcQrS6Qcx5Z-2qQobWJg=mo,pengiriman sangat mengecewakan...lama & tanpa ada tanggapan.,1,1,4.46.0,2026-02-03 11:44:50,""Hai, Kak. Mohon maaf atas pengalaman pengiriman yang kurang memuaskan dan respons yang lambat. Kami terus berupaya maksimal untuk meningkatkan kecepatan pengiriman serta kualitas layanan Alfamart dan Alfagift agar pengalaman berbelanja Kakak menjadi lebih baik lagi. Terima kasih atas kesabarannya. 🙏^Yna"",2026-02-03 14:03:42,4.46.0";
"a3bfd358-dce1-4069-8151-d060d836032f,Erllan Suherlan21,https://play-lh.googleusercontent.com/a/ACg8ocJGgNJEA2LpjTOHqYOEmW3CVUkVcHo0ypw1j0eaDtWmdALqmw=mo,""ok sihh.. cuma ko beda yah pas sken barkod(barang) sama pas mau bayar!? misal kita beli pempres, kadang ga ada tmpelan harga, pas skenn barkod harga 50rb sekian pas bayar di kasir jadi 60rb sekian.. tolong penjelasannya??"",4,2,4.45.1,2026-01-15 16:18:39,""Hai, Kak Erllan Suherlan21. Shalma selalu berusaha melakukan peningkatan kualitas layanan dan kepuasan pelanggan hingga layanan kami menjadi lebih baik dari sebelumnya. Jika ada kendala silahkan hubungi kami melalui DM ke @Alfamart atau @Alfagift_idn. Terima kasih ^kip"",2026-01-15 23:23:14,4.45.1";
"5f4f0810-9c69-407d-bd23-153cc0cad1ca,Didik Harianto,https://play-lh.googleusercontent.com/a-/ALV-UjUo4EsNGzeGu6oQX8CzCxQ3Wt98kHuQP7H2SfuSKK2lTP_uDYo-1g,masak disini customer service ga bisa menangani hal sepele seperti aku belanja ga ada di keranjang mau checkout tiba tiba stok kosong,1,0,4.47.1,2026-03-12 23:48:21,""Hai, Kak. Mohon maaf atas kendala yang terjadi. Untuk pengecekan lebih lanjut terkait masalah keranjang belanja dan stok, Kakak dapat menghubungi Shalma melalui DM Instagram Alfagift dengan melampirkan kode #3468825 agar dibantu pengecekan. 😊^Ynaa"",2026-03-13 02:43:54,4.47.1";
"5dbd2e44-2acc-497d-9cc3-2834085c438a,Willi Astika,https://play-lh.googleusercontent.com/a-/ALV-UjUYl136gwCk3QW3_6DYZ1XKtburIohdaelpQ_UKX_S7bXsZvXM,ya bagus sih mempermudah gaperlu keluar2 klo mau jajan tapii mending blacklist aja lah oknum2 yang jaga Alfa tapi gamau nganterin pesanan respond chat doang aja gamampu buset dah niat ga sih. mending kalo gampang refund nya mah euh,3,0,4.45.1,2026-01-02 13:09:48,""Hai, Kak. Kami mohon maaf atas ketidaknyamanan terkait layanan pengantaran dan respons chat oleh oknum pegawai. Masukan Kakak akan kami jadikan evaluasi penting untuk meningkatkan kualitas layanan dan memastikan kejadian serupa tidak terulang. Kami berkomitmen untuk selalu memberikan yang terbaik. 🙏^rsf"",2026-01-04 10:53:32,4.45.1";
545f10d3-3cc5-4c4a-99a9-d9f36efefbfd,MICHAEL TANDEAN,https://play-lh.googleusercontent.com/a-/ALV-UjVuEpwr1N7nyS1KOj82QH_XXo8H4SFinsdwY5iSAPrLOlQNwYwQ,Bermanfaat buat saya dan bermanfaat buat masyarakat di mana pun berada.kalo bisa kasih diskon & Voucher,5,1,4.46.0,2026-01-20 02:08:01,,,4.46.0;
"a557b95f-0971-4a85-bcb9-25e81599dd34,Anastasya Mastika Sari Butarbutar,https://play-lh.googleusercontent.com/a-/ALV-UjX_pIEdLEj7tdDS5aK9RiqnJtu3tR0H50wVD8z7MP4rjZ9nmg_F,""belanja mudah, ga ribet, tim toko selalu info kalau misal ada kendala di pengiriman promo banyak dan menarik terima kasih Alfagift jaya jaya jaya"",5,1,4.44.1,2025-11-21 01:26:21,,,4.44.1";
"b6ba665a-67e7-4e3a-b64e-449cffa3d050,Dinda Hasan,https://play-lh.googleusercontent.com/a-/ALV-UjUVQo7ONSBAdaEtgUlFpwdPx0gX4vU4B9vpmZgygAI4_nagBnhz7w,""Alfamart banyak banget promonya, harga murah dan pelayanan nya selalu baik. pesanan cepat, amanah. semoga menjadi retail terbaik sepanjang masa 😍😍"",5,1,4.44.1,2025-11-21 01:37:27,,,4.44.1";
"f8c93b58-5783-477d-b86a-38679a96e23e,Defvan Vitan Prayoga,https://play-lh.googleusercontent.com/a-/ALV-UjVzPxX-t2aezMrSDVjGtOwRpWKj8LoalfQWO8D3Bkl-iyDpYBqZ,""aplikasi nya sangat membantu dan memudahkan saya untuk berbelanja tanpa harus ke toko, dan metode pembayarannya ada berbagai macam dan mudah di gunakan."",5,0,4.44.1,2025-11-21 06:43:32,,,4.44.1";
"1a022c70-3045-4d31-a0c6-11677fb4a3fc,Doni Zulpebri,https://play-lh.googleusercontent.com/a-/ALV-UjW0OjaOy0Qh13eGsNPBF3kF-3181-J-u3m_q5bDuXGoxd5aTMU,""recommended banget nih buat yang mager keluar tinggal klik aja langsung di anter, pengiriman juga cepat, produk2 lengkap, mantap pokonya alfagiftnya 😍😍😍"",5,2,4.44.1,2025-11-17 09:04:54,,,4.44.1";
"83d7b978-37f1-4034-a38d-2d5af634bba7,Andi Ani,https://play-lh.googleusercontent.com/a/ACg8ocJHXbnWldLpkIB8KDkjcJWtGbluAld8dWq-hTixGlmb7vyJtQ=mo,""aplikasi alfagift sangat membantu, krn bisa cek harga2 barang promo. dan bisa juga pesan barang melalui pengantaran alfagift (SAPA)"",5,0,4.44.1,2025-11-19 02:05:31,,,4.44.1";
"c4e10aaf-2052-47a4-b2ae-5c65d763fd10,Ferdina Dwi Anggraini,https://play-lh.googleusercontent.com/a/ACg8ocLFmxbXKaQOSfyh1cDvvY--lBsocWLGVxvHr0v5OKJnDf26tw=mo,""selalu gercep, barang komplit datang nya dan ramah2 mas yg antar"",5,1,4.47.1,2026-02-20 13:23:20,,,4.47.1";
"40af1985-e461-4c95-bbea-e825cf3b1aba,Rina Lisnawati,https://play-lh.googleusercontent.com/a-/ALV-UjX6shYqnYz4f887W7EKIrNImfE9C7sZPb17q72KH9hi7AhRmLk,""Kirain saya aja yang mengeluh lama sampainya, ternyata sudah banyak. Ini aplikasi jadi ngga bermanfaat, bukannya membantu malah merepotkan."",1,0,4.45.1,2026-03-30 15:51:00,""Hai, Kak. Mohon maaf atas ketidaknyamanan yang Kakak alami terkait durasi pengiriman pesanan. Kami sangat menghargai masukan Kakak agar layanan kami lebih baik lagi. Kakak dapat menghubungi Shalma melalui DM Instagram Alfagift dengan melampirkan kode #3551610 agar dibantu pengecekan. 📦^Fini"",2026-03-31 05:58:04,4.45.1";
"95d410af-b0f6-47eb-a6b5-189723531292,Yasmine Nur Laelani Suhendra,https://play-lh.googleusercontent.com/a-/ALV-UjV9-LaeS6wiZKW0ZHxINbuCKBSI8L-czgvv2O69pZ6VDsDmmJbr,""ga rekomen, saya mau verif aja gabisa, gagal terus, pas mau login juga katanya sudah di gunakan prangkat lain yg jls jls saya aja blm masuk, gimana sih. saya udah laper nih."",1,3,4.45.0,2025-12-20 19:56:49,""Hai, Kak. Kami selalu berusaha melakukan peningkatan kualitas layanan dan kepuasan pelanggan hingga layanan kami menjadi lebih baik dari sebelumnya. Soal kendala aplikasi Alfagift, silakan hubungi kami melalui DM ke IG @Alfamart, @Alfagift_idn atau pusat bantuan aplikasi Alfagift dengan melampirkan kode #3170389. Terima kasih ^rd"",2025-12-21 05:35:50,4.45.0";
"6226bbee-f243-49dd-a404-632848ee1239,HERRY TWINNER,https://play-lh.googleusercontent.com/a-/ALV-UjW8q3DMyHs-jK6cQlieSxk4HMVQkdGejfVoyD0v9j3k9ZLtXrw,kenapa alfa gif selalu menunda pembelian... dan kenapa selalu alasanya pembeli yang meminta penundaan pengiriman .... aneh kan... buruk lah.. klo memang pelayanan antar barang nya tidak siap.. lebih baik jangan ada alfa gift,1,1,4.47.1,2026-04-09 04:28:48,""Hai, Kak Herry. Maaf banget atas kendala yang terjadi. Jika masih terjadi kendala, Kakak dapat menghubungi Shalma melalui DM Instagram Alfagift dengan melampirkan kode Tiket #3597183 agar dibantu pengecekan. Kejadian ini akan Shalma jadikan evaluasi untuk lebih baik lagi. Terima kasih :) ^ds"",2026-04-09 04:41:00,4.47.1";
"8d78d8f4-430a-4cad-bb6c-20fe19159e66,syarif poenya,https://play-lh.googleusercontent.com/a-/ALV-UjV1GIn7Ik9MZETQakf-Zl6W_rfqc7qox2ScwdzhIm-sge8z_o8,aneh. saya baru pertama daftar alfagift kemarin dan sekarang akun saya ga bisa di login kembali. mungkin diblokir atau semacamnya. ntah maksudnya apa.. makin gk jelas saja,1,2,4.45.0,2025-12-25 11:44:17,""Hai, Kak. Kami selalu berusaha melakukan peningkatan kualitas layanan dan kepuasan pelanggan hingga layanan kami menjadi lebih baik dari sebelumnya. Soal kendala aplikasi Alfagift, silakan hubungi kami melalui DM ke IG @Alfamart, @Alfagift_idn atau pusat bantuan aplikasi Alfagift dengan melampirkan kode #3182466. Terima kasih ^rd"",2025-12-26 01:05:11,4.45.0";
"c4a0c672-7e4e-4336-bc81-48ddd47518d1,Yuni Kartika,https://play-lh.googleusercontent.com/a/ACg8ocIUof-wg1PF4dsmrfLtyploAQZpIUbysPmMdVckzl7nyVFwtA=mo,""pakai aplikasi alfagift jadi lebih hemat dan cocok untuk kaum rebahan yang mager untuk belanja langsung, karena bisa diantar sampai alamat rumah"",5,1,4.44.1,2025-11-21 02:39:45,,,4.44.1";
"a04d9bfc-7111-4758-9ee7-b47b6806183d,Junardi ardi,https://play-lh.googleusercontent.com/a-/ALV-UjVB-EUJa2DWadzosNGHaUFPreyG2oIhAGq18QkXg7OThoETOXU4,""Aplikasinya kereennn gratis ongkir,promo banyak,dan pengiriman cpat🔥..sangat mempermudah konsumen dalam bertransaksi secara on line .. Terimakasih alfagift❤️"",5,1,4.44.1,2025-11-19 00:10:28,""Hai Sahabat, terima kasih telah memberikan penilaian dan ulasan yang positif ya. Shalma senang sekali Kamu merasakan manfaat dari setiap program di Alfamart, ikuti terus media sosial Alfamart untuk mendapatkan informasi terbaru ya. :) ^-RF"",2022-03-24 14:31:21,4.44.1";
"fece71a5-7a0b-4268-906c-e776d4e0e2eb,AGCA,https://play-lh.googleusercontent.com/a-/ALV-UjWN0LWxQPnLIDTqBlPDfb4wz7xt4KC3u__tSV596U2unOw_w536,Pertama dapat voucher min.75k potongan 20k dan min.150k potongan 35k. Trus aq pake 1 voucher yg 75k pot.20k. eh merasa rugi alfanya langsung di cabut deh voucher yg min.150k pot.35k. padahal kadaluarsanya masih lama. Hadeh... Kalo ada lagi voucher yg kayak gitu aq tambahin bintangnya.,1,0,4.44.1,2025-11-17 05:40:16,""Hi Kak, mohon maaf atas kendala yang dialami ya. Kejadian ini akan Shalma jadikan evaluasi untuk lebih baik lagi. Terima kasih :) ^dd";
",2023-08-11 08:37:47,4.44.1
d90ae1da-f48f-4cca-b90a-59ab18890980,Rendikal Azhari,https://play-lh.googleusercontent.com/a-/ALV-UjVqAg3P67fXjVlxYacYCHZVhqO4my-j5jE7Ojzh2ANwG9voyI5Z,apk ini sangat bermanfaat buat kita yg kaum rebahan, ditinggal rebahan pesanan Dateng , gratis ongkir lgi,the best lah pokoknya, terimakasih Alfamart❤️"",5,0,4.44.1,2025-11-17 10:54:12,,,4.44.1";
"a336a53a-fba2-4140-b53c-728512d2ceef,Pangpong Zie,https://play-lh.googleusercontent.com/a/ACg8ocK2xNNTT4EzU9MUq37I1y7MtDgdZfg2zOK6fr4nkENova9Phzs=mo,""Aku kasih ⭐5 untuk alfagift, krn belanja untung dengan program TEBUS MURAH👏 Belanja dialfagift buat kantong belanja nggak bolong gais krn ada program tebus murah & harga spesial yang bikin kita jadi pengen selalu borong dialfagift. Proses pengantarannya tepat waktu jadi gak perlu nunggu lama barang udah sampe dirumah tanpa ongkir. keren alfagift 👍 Harapan buat alfagift: banyakin harga promo & promonya sering diupdate dimedsos, supaya kita makin rajin belanja untung terus kedepannya 🥰"",5,0,4.45.1,2025-12-30 11:31:16,,,4.45.1";
"2f29669b-8864-45bb-8eee-97e71c1702d0,Nining Mkaromah,https://play-lh.googleusercontent.com/a-/ALV-UjXdaqRfuVgf-BcNjUS1dxDhluHEFxXDU4Q9XkZgzLonlxh_yL9q,kenapa pelayanan nya lambat banget yaaa tolong klo ada yg order respon nya yg bagus,2,0,4.46.0,2026-02-21 08:23:08,""Hai, Kak. Mohon maaf atas kendala yang terjadi. Kami terus berupaya meningkatkan pelayanan agar lebih baik lagi. Kakak dapat menghubungi Shalma melalui DM Instagram Alfagift dengan melampirkan kode #3354323 agar dibantu pengecekan.😊^kip"",2026-02-21 11:52:44,4.46.0";
"ca2f1dd1-83f6-4fab-9b54-f315bfef78ff,Siti Mundari,https://play-lh.googleusercontent.com/a-/ALV-UjWyVAU3X4LY7bhaZlBaXmo8w9tFh4XgMwRfQSprdQsqB8dERjqz,""tiap bulan sya blanja di alfagift, 3 kali dapet barang GK sesuai, 1, beras kemasan nya ada bolong"""" kecil dan berasnya jamuran, 2, dpt shampoo yg isinya hampir 1/2, 3, sabun mandi bayi yg exp nya di hapus tanggalnya, dan gk ada layanan chat untuk komplain, semoga ke depan nya bisa ada layanan pengaduan, krna di tlpn aja gk di angkat"",3,0,4.44.1,2025-11-30 12:09:24,""Hai, Kak. Kami mohon maaf atas pengalaman belanja di Alfagift yang kurang memuaskan, terutama terkait produk rusak dan kesulitan Kakak dalam menyampaikan keluhan. Kami akan segera mengevaluasi dan meningkatkan standar pengecekan barang serta kemudahan akses layanan pengaduan. Terima kasih atas feedback berharga Kakak. ✨^Raf"",2025-12-01 03:37:20,4.44.1";
"9ccdb74e-4369-4edb-8070-52c421385aab,Serly Hildayani,https://play-lh.googleusercontent.com/a/ACg8ocLW6HLaDfPCaazDhPf8SW3qP_OAKh-BmpWFh4CUIipgWE28Uw=mo,""Aplikasinya bagus, banyak promo, gratis ongkir, waktu pengantaran bagus, bikin semuanya praktis dan efektif, sangat membantu"",5,6,4.44.1,2025-11-19 03:14:46,,,4.44.1";
"dd8a6385-b931-4de7-9c9a-946b48687244,Pudjie Pudjie,https://play-lh.googleusercontent.com/a/ACg8ocJljxJv_zds33pOgY5KxHOzLeiBgLfdkEZ4ig2QBeg8Shw3dQ=mo,""saya sering belanja di alfagift tapi kemarin pesanan saya dibatalkan alasan barang kosong, padahal di aplikasi masih bisa di klik yg artinya barang ready, pengaduan via chat cs aplikasi, email, sosial media, semua responnya lambat dan ribet, balasnya berjam², udah gitu kasusnya di solved dengan mengecewakan. Tolonglah perbaiki sistem pengaduannya! Kasus seperti ini sudah pernah terjadi sebelumnya pada cust lain tapi ternyata bisa terjadi lagi, kok tdk ada pembenahan gitu. Sangat² Mengecewakan."",1,0,,2026-04-10 00:57:19,""Hai, Kak Pudjie. Maaf banget atas kendala yang terjadi. Jika masih terjadi kendala, Kakak dapat menghubungi Shalma melalui DM Instagram Alfagift dengan melampirkan kode Tiket #3600783 agar dibantu pengecekan. Kejadian ini akan Shalma jadikan evaluasi untuk lebih baik lagi. Terima kasih :) ^ds"",2026-04-10 01:06:19,";
"2eeba6e1-f80a-428d-a314-525f1391ba53,Anies Lestari,https://play-lh.googleusercontent.com/a-/ALV-UjWnvVKYVETlrl-R_mYRqMbsUaJ9kdk6MSXMr6I9erhncjp_iDE,""aku suka banget belanja di Alfagift karena banyak promo jadi lebih hemat ,praktis ,gratis ongkir dan pengiriman instan ."",5,0,4.44.1,2025-12-13 12:17:21,,,4.44.1";
"2348f4b1-001e-4e54-b638-08c096821bef,Jimi Ansyah,https://play-lh.googleusercontent.com/a/ACg8ocL89JYzPDRyOIr4J3VZK9jOX4YnuSVc9gSDjhKSIH0-dKwZSg=mo,""apk belanja yg cukup lengkap mulai dari kebutuhan rumah tangga ada, namun jg untuk pembelian rokoknya tidak bisa dari apk. sistem pembayaran jg lengkap"",5,0,4.44.1,2025-11-24 08:16:00,,,4.44.1";
"fe111fe3-21b2-4ffd-96a2-9e2994636d6c,Safrida Vivo,https://play-lh.googleusercontent.com/a/ACg8ocIARabdKSLU4CDg_t_Hn6KrTkDJfSvyA7_ZksJ5Q6C3gJY2ng=mo,Pesanan tidak dikirim. Padahal sudah bayar lunas.,1,0,4.47.1,2026-03-06 19:05:35,""Hai Kak, mohon maaf atas ketidaknyamanan yang dialami. Kami terus berupaya meningkatkan kualitas layanan agar lebih baik. Terkait dengan kendala yang Kakak alami, mohon bantu kirim nomor pesanan & detail kendala via DM ke IG @Alfamart/@Alfagift_idn atau pusat bantuan Alfagift dengan kode #3434184. Terima kasih ^raf"",2026-03-09 03:37:11,4.47.1";
"cb80e6ab-6262-4ff7-8f00-95611ba24031,Maulina,https://play-lh.googleusercontent.com/a-/ALV-UjXWRtcZyLSDAsh1v6qmonY6IqlTsg9IZhLE7X2QRNjtc4ck88dC,""Belanja pake aplikasi Alfagift best banget, tinggal klik barang nya terus bayar aja nanti barangnya diantar sampe rumah gak perlu repot lagi deh"",5,1,4.44.1,2025-11-24 14:00:13,,,4.44.1";
"4e1893e9-b81e-4d89-bce5-ab5b80325972,ALFAN HASANUDIN,https://play-lh.googleusercontent.com/a-/ALV-UjWojepiiiG2pzF9CvrfNrNmwtvpj2wOSyzVCTvxCu4fUjsp_lEP,""saya bingung dan kecewa, top up dana di aplikasi alfagift kok saldo saya malah habis bukannya bertambah bisa di jelaskan tidak ini? aplikasi penipu menurut saya"",1,0,4.45.0,2025-12-18 06:06:19,""Hi, Kak. Mohon maaf atas ketidaknyamanannya. Mohon infokan nomor pesanan Alfagift Kakak melalui DM Instagram @alfagift_idn dengan memberikan kode #3164045 ya. Terima kasih 😊️ ^ad"",2025-12-18 06:51:42,4.45.0";
"b4b40f4d-f693-4107-9f20-ac8ff37be729,Rakhman,https://play-lh.googleusercontent.com/a-/ALV-UjXhji96xnwtA7uF83civ7V5S_owzDH6TCM9cT_EtOFz7wGpb_gx,kalo air isi ulang Aqua nya kosong di cancel aja pesanannya bukan sudah di bayar tapi ga di antar²,1,0,4.47.1,2026-03-18 03:46:54,""Hai, Kak. Mohon maaf atas ketidaknyamanan terkait pesanan Aqua yang belum diterima. Jika stok kosong, pesanan seharusnya dapat dibatalkan. Kakak dapat menghubungi Shalma melalui DM Instagram Alfagift dengan melampirkan kode #3496225 agar dibantu pengecekan. 🙏^ts"",2026-03-18 04:14:06,4.47.1";
"07bba5ea-6c36-4c74-924d-eec6aee2364c,Siti Fatimah,https://play-lh.googleusercontent.com/a/ACg8ocKYCY121zq39kUhDFOcK39otzeu5NVLAGH-tSvy1rc9hy9tEA=mo,pengembalian dana nya lama! pdhl saldo sudah terpotong. harus nya klo transaksi gagal itu saldo jgan ikut kepotong!,1,0,4.47.1,2026-02-25 08:03:38,""Hai, Kak. Kami memahami kekecewaan Kakak terkait pengembalian dana yang lama setelah saldo terpotong untuk transaksi gagal. Proses pengembalian dana biasanya membutuhkan waktu sesuai kebijakan bank atau penyedia pembayaran. Mohon kesediaannya menunggu. Kami akan terus memantau sistem kami untuk memastikan kenyamanan Kakak berbelanja. 🙏^yna"",2026-02-25 08:42:37,4.47.1";
03b7b48c-f4dc-44e2-afcd-aa9ba9945020,Nur Aulia Aulll,https://play-lh.googleusercontent.com/a/ACg8ocL5NMrEtDyuf_s40tBKnCv3hrPxbvmcXPnwz4YIHz-VIFsKhw=mo,sangat bagus. Memudahkan kita untuk belanja (online) jika sedang malas keluar membeli di toko alfamart terdekat. Dan bisa melihat produk apa saja yang sedang promo di alfamart,5,1,4.44.1,2025-11-19 08:46:21,,,4.44.1;
"313e829d-40fd-4bd1-b1ac-5993a976c05d,Yeyen Putri Solo,https://play-lh.googleusercontent.com/a/ACg8ocIY_-AEUt2AZm1F3VMPuaNP6eA8_SLAr5387oXbGUK9YtsuZg=mo,""alfagift pengirimannya cepat, barangnya lengkap, bahkannn banyak promo yang ada, apalagi gratis ongkir, seneng bangett pakek alfagifttt, jaya selalu yaa😊😊"",5,1,4.44.1,2025-11-24 10:10:36,,,4.44.1";
"dd690787-c13d-44ab-bb3d-ef8b4230dbea,Tatang Saparwan,https://play-lh.googleusercontent.com/a/ACg8ocKNtFrjGj5KWaeK_9KIcCBd2IunO8VpgJWrG0jAkIKzx7lZvA=mo,""allhamdulillah belanja di Alfamart sangat memuaskan, kita bisa transaksi digital dan kita puas berbelanja semoga semakin maju Alfamart...."",5,0,4.47.1,2026-03-08 20:17:05,,,4.47.1";
"09a120a3-ee27-4bc7-9abe-f4f85e3aff01,via rismawanti,https://play-lh.googleusercontent.com/a/ACg8ocL-Rvb_I291eKkwwvl9VUp8Rt0IJxf33_8K9iUN4Gh0zg_wEw=mo,apk g jls baru aja login malah ke log out sndri mau login lgi katanya nomor udh terdaftar jdi udh g bisa apk aneh baru masuk brp detik sdh ke log out,1,1,4.45.1,2026-01-03 09:10:35,""Hai, Kak. Mohon maaf atas kendala login aplikasi Alfagift/Alfamart yang Kakak alami. Kami sarankan Kakak coba hapus cache dan data aplikasi, lalu masuk kembali. Atau, Kakak bisa menginstal ulang aplikasi. Pastikan koneksi internet Kakak stabil ya. Semoga membantu! 😊^rsf"",2026-01-05 06:11:03,4.45.1";
"a2dba91a-10e1-4f6c-9870-e9e63bcfda5c,Noer R,https://play-lh.googleusercontent.com/a/ACg8ocLIyXULqYir4KRvPfKPpchVkUvH40ozfgkVZoa3BDs56kWVRw=mo,pengiriman estimasi satu jam tapi di Krim nya Berjam jam makin hari makin parah ni apk ngga sesuai respon nya juga ngga ada muak ih,1,0,4.47.1,2026-02-25 08:13:41,""Hai, Kak. Kami mohon maaf sebesar-besarnya atas kendala pengiriman yang jauh melampaui estimasi dan kurangnya respons yang Kakak alami. Keluhan ini sangat berarti bagi kami dan akan menjadi prioritas untuk perbaikan sistem serta layanan kami. Kami terus berupaya memberikan yang terbaik untuk Kakak. ✨^Yna"",2026-02-25 08:41:43,4.47.1";
"9a939b9a-df87-4876-9ae6-b764c7c00c22,Jenny Nababan,https://play-lh.googleusercontent.com/a/ACg8ocLSBj5qB80aBJOETA_bK-iYEElQs_ia7NlU5omy-0YGvg1fFQ=mo,pengiriman gak sesuai sm yg kita ajukan cth memilih pengiriman 1 jam setelah pembayaran eh udh 3 jam an ga sampe' bkn sekali dua kali udh sering beginian,1,1,4.44.1,2025-11-30 05:58:27,""Hai Kak, mohon maaf atas ketidaknyamanan yang dialami. Kami terus berupaya meningkatkan kualitas layanan agar lebih baik. Terkait dengan kendala yang Kakak alami, mohon bantu kirim nomor pesanan & detail kendala via DM ke IG @Alfamart/@Alfagift_idn atau pusat bantuan Alfagift dengan kode #3099905. Terima kasih ^raf"",2025-12-01 03:44:32,4.44.1";
"014037cb-2b6e-4697-a7b0-65d31ff172f6,Teguh Triono,https://play-lh.googleusercontent.com/a/ACg8ocLVPqMafpkY78unvGyeF110kzfs_o3HKXnJPGQvdihCalQGk0Q=mo,""Aplikasi yg mantap.. pengiriman cepat, gratis ongkir, barang lengkap, harga murah... sangat cocok buat kita kamu rebahan..."",5,1,4.44.1,2025-11-20 23:35:58,""Terima kasih atas ulasan baiknya, Sahabat :)"",2019-08-27 18:09:43,4.44.1";
"bea7e31c-069d-4d11-b3fa-dafcc4d034e9,Nessa Ptry12,https://play-lh.googleusercontent.com/a-/ALV-UjWNZFYtCh9dnlCIEejTlG2IJPnmrd_mp0cAoCwrwD5WLLi-Ufo,""tolong dong, jangan recommend stand yang emang rating alfagiftnya jelek masa pengiriman dibatalkan tapi belum dikembalikan dananya"",1,0,4.46.0,2026-02-03 19:20:20,""Hai, Kak. Kami mengerti kekecewaan Kakak karena pembatalan dan dana belum dikembalikan. Terima kasih atas masukannya mengenai rating. Kami pastikan hal ini jadi perhatian kami. Agar dana Kakak segera dicek, Kakak dapat menghubungi Shalma melalui DM Instagram Alfagift dengan melampirkan kode #3299974 agar dibantu pengecekan. 😇^kip"",2026-02-04 10:09:59,4.46.0";
"bd6ff973-fc22-44f8-afc1-f0d548d5fc6d,Senja 09,https://play-lh.googleusercontent.com/a/ACg8ocKaczFZZQodaGS9jb2RPePnEIfAy_Lu_evzCpdlPI4vFpBSOg=mo,kenapa yah setiapa beli barang promo lebih dari 1 selalu kurang pas di kirimnya,2,0,4.47.1,2026-04-03 23:33:27,""Hai, Kak. Mohon maaf atas ketidaknyamanan terkait jumlah barang promo yang diterima. Kami ingin melakukan pengecekan lebih lanjut mengenai kendala ini. Kakak dapat menghubungi Shalma melalui DM Instagram Alfagift dengan melampirkan kode #3572707 agar dibantu pengecekan. 😊^ts"",2026-04-04 03:48:18,4.47.1";
"78a06841-c66e-4310-b837-f52e07e557a9,WiraApriantono,https://play-lh.googleusercontent.com/a-/ALV-UjVEVnwwDsicKYx8vShGWfB9pR45aift77th3ghBhGdWxzVhhck,udah nyaman eh alfamart nya pindah jadi jauh seharusnya 1 jam pembayaran ini nunggu 4 jam,2,0,4.47.1,2026-03-30 12:46:39,""Hai, Kak. Kami memohon maaf atas ketidaknyamanan terkait perpindahan lokasi toko dan keterlambatan proses pembayaran yang Kakak alami. Kakak dapat menghubungi Shalma melalui DM Instagram Alfagift dengan melampirkan kode #3550814 agar dibantu pengecekan. 😔^kip"",2026-03-30 16:05:03,4.47.1";
"75210a30-0d38-4141-bebd-f7bbae7f81f6,Natalia Stefani,https://play-lh.googleusercontent.com/a-/ALV-UjVi0p3749bQaPe8x1oGTKb-SaFNsorT160u2xwRS9_FmkA6ZKDo,""Belanja gak prlu ribet datang ketoko, dirumah aja juga bisa pesan barang keperluan bulanan, banyak gratisannya juga"",5,1,4.44.1,2025-11-21 04:36:50,,,4.44.1";
"cfd1a096-d574-430a-add0-cf4d46485d00,Maylissa Zalianty,https://play-lh.googleusercontent.com/a-/ALV-UjX8tj1cMS5csU_t0wKo2JocHDB7jMlXUWxPoOer2YknbRVqlJxA,""ga beres, 2x pesen selalu dibatalkan!!! pdhal udah nunggu dri siang ke malam,dan uda pilih jam pengantar jam 12 siang tp sampe malam gada kejelasan. ujung2 nya di cancel. coba pesen lagi sama aja smpe malam gada kejelasan di chat ga respon.. alfa klambir ga menyenangkan, pdhal org udah nunggu barangnya mau dipake lgsg.. kami bayar bukan minta!!!! ga niat jualan"",1,1,4.45.0,2025-12-25 04:35:15,""Hi, Kak, maaf banget ya buat kendalanya. Biar Shalma bantu cek, mohon infokan detail kendalanya melalui DM Instagram @alfagift_idn dengan memberikan kode #3179942 ya. Kejadian ini akan Shalma jadikan evaluasi untuk lebih baik lagi Kak. Terima kasih :) ^rr"",2025-12-25 08:16:03,4.45.0";
